# Resource object code (Python 3)
# Created by: object code
# Created by: The Resource Compiler for Qt version 6.4.3
# WARNING! All changes made in this file will be lost!

from PySide6 import QtCore

qt_resource_data = b"\
\x00\x00\x07\xd3\
\x00\
\x00\x1a)x\xda\xadY[S\xdbF\x14~\xcfL\xfe\
\xc3N\xf2b2\xf1\x98\x9b\x81\x98'HB\xfb\x10f\
\x92\x81i\xa6\x8f\xc2\x12\xa0\x89\xb1\x18I4i;\x9d\
\xb1C\xb8\x060I `b\x0aN\x08\xb8$\xd8\xb9\
5\x80m\xcc\x8f\xa9W\xb2\x9e\xf2\x17z\xb4+\xc9\xb2\
%\x1b75O`\xef\xd9=\xe7;\xe7|\xe7\xdb\xc5\
w\x0d\xddaF\xb8\xd0]\xe6!\xba\xc5\x88\x0f\xd0\xa0\
\xc0r\xf0\x9b4>\x220\x22\x8b\x86\xc7\xb9\x09\x0ey\
\x94\xad\x0d-\xf7\xac\x98;,%S\xea\xab\xcd\xe2I\
N{\xbd\xd9\x82\xae\xf9._\xf2]\xbb|\x09!\xd4\
\xcfH\x1c\xba)\x84\x04QB\x1e\xbc\x93U\x93\x91\xd2\
\xc2'e\xfb\xbc%`|\x1f|0&\x0aSa\x16\
y\xc0\xbc4\xbd\xa4\xc43-\x01t\xb5\xb5\xbd\xb5\xab\
\xad\x1by\xa4\x10#s\xde\x1b\xfe\xd6\x16\xb2\xfe\xae\xc8\
O0\xe2\xafp\xf4\xfb$]\xec\xd3\xb6_\x93\xfd\xc0\
f\xa0\xad\xbb\xbd\xcf\xb2i5l\x86\xb8\xa0\x10f\xa9\
\xd5\xe3\xf78\x9a\xf0i\x91\x85\xe2\xc9\x91\xba\xf8U\x89\
Du\xc3\xb6\xdb\xed7:\xfaM\xc3\x1e\xd3\xb0_\x10\
YND\x9eR\xe1TI\xce\xea\x0b;::\xdb\xfc\
~sa\xb7\xb9p\x98{$\x13\xff\x95\x97sJ\xe2\
\xbd\xber\xa0g\xa0o\xe0\xa6\xb9\xd2t\xbf/\x18\xe4\
\xc2\xb2\xef\xe60x\x89\xf3\xd9\xd2\x87i@\xc3\xa7,\
-h\xcf\xd3\xbaU{\xfbM\xbf\xff6\xf2\x8c\x89\x1c\
\x17\x06+\xc3lpJ\xe6X\xe3\x14=\xf0\xfdh\xf9\
\xa0\x1b\x9d}\x1d\xfd=\xe6A\x9d\xc4DO\x80\x9e\x02\
\xe4\xfd\xde\x1fr,\x9eI\xe1\x8f\x11#k\xe9\x82z\
\x96&\x1f\x7f\xf7\xa6Fa \x00J=\xdc\xc0\xb17\
\xc5\x93\x15-\xb2\xa5\xae\xa5h\x0eiB\xc9\xaa{\x83\
\x0c\x1f\xbe\xcf\x87Y\xe1\xe1ut\xef>\xcf\x8eq2\
\xfa\x9d\x1c\x8fF\xac\x9a\xf1\x06\xf5\xca\xb2\xaa\xa5\x17\xc1\
\xe6J\x22\xa2\x1c\x7f\x04Xm\xbb\xe9V\xe6R\x9a\x98\
^d\xfb\xd1]\xca\xa6\xd5\xf8\x99^\x9a/\xe7\xf0\xd1\
\x86e5*\x84e\xef(3\xc1\x87~\x0d\xa0+\x03\
\xbc\xc8@5\xb3\xdc\x95\xeb\xc6\x1fCLX\xd2\xff\x18\
\xe4\x83\xa2 \x09\xa32\xfa\x99\xf9\x91\xe3\xe1#\x09\xbe\
\xf1J\x9c\xc8\x8f\x12\xb7\xd4\x95\x0f\xc5\xdc\x1b\xbc\xf4\x12\
v/\x9e\xbd \x07\xfc\xd1\x9c,\x1d\xbf\xc53\xc7\xca\
n\x0c\xd0\xa4\x95\x84<Z\xf2\xab6\x9d\xf2\xe1\xe3\xfd\
b\xe1\xa0\xa59Y\xb3\xce\xc1\xe9S\x1cO\xd14\x0d\
\x0bB\xa8\x9f\x11\xeb\xa5\x864eo\x19j\x9ak\x9c\
]\x07\xb4-\x9cGH\xabyE~l\x5c\x0e\xa0\xb6\
\xc9GH\x12B<kv\x1c\x81\x10\xc7>C4x\
~\x16/|R\xb3\xe7\x96\xed$\xc3\xb2|x,\x80\
z&\x1fU\xe4\xd5\x96_<;\x03]\x5c:\xde\xb6\
\xac\xa4I&H\xac\xda\xda\xdd\xcd\xf4Z\x22pj\x1b\
_LC3c\x16\x16J<\x0d\x15l\xc0^Fd\
J\x96\x85pmPd\x11\x8ac\x92\x11\x81\x0bz\x0d\
Pr\x9b\xa5\xf4\x9e\x16\x89)\x9b+U\x85K\xa1\xb1\
\x83\xe2b\xfe\xfa\x89\xba\x1e\xa7<U<[\x86N\xd5\
\xa2\xe7xfY\xdb8T\xa7\xa3\x0e\x94\x19\x96\x9f\x92\
\xdc\xf0\xd2CK\xcc\x96\x0e\x9e\xbb\x83[\xd9I\x94y\
z]\x91\xa3\xf1\xa8\xd1\x0f5ZJ\xe2\x7f\xe3 \xa4\
\x0ekS\xf2\xe9C\x8e\xe6\xbf\xab\xb5\xb5\xd7-\x89\xcb\
\x8b\xea'G\xf7\x94sA\xb3\xe0EZ~W\xd9\x9d\
\xa3\x5cOI\xbe:5\x81q\xe1\x17\xae^\xd5\xd2\x89\
`\xabZ\xe5\xef\x99\xe2I\x04\x7f|\xdc8\xad\x94m\
\x09\x008\xb6\x09,S'\xadV\xad\x97\x0d7\x0b\xc0\
\x1b4\xad\x17\xc5LF\x9aO9\x8f(_rF\xd0\
\x1e\xbc\xff\xf8[~K9z\x83\x13\xa9\xe2\xd99\x10\
m)\xf3\x96\xda\xb68 \x09\x8es\xc1\x070f\x9a\
\x08\x0a\x1dg\xee\xa0\xd0\xf1\xa7\xe6\xce\x9d\x15\xe2\x02M\
\xe5NU\xe6.\x00\xfd?J\x1d\xea\x1bDJ<[\
\x9a>+\x15f\xf0\xe2_\xc5\x93\x17\x80\x9dI\xae:\
\xab\x9e<\x85&i\x12\xb1\xc2iV\x1a\x95\xc4\xa1]\
\x9cT'\xe9\xaa\xc4L\xf4\x05e\xbe\x1e\xb9\x98\x8c[\
\x89e{\x9d2\xc3\x8b\xbb\xd0W\xea\xd6\x13\x1b\x905\
\xe8\xc2\x95\x01\xca\xb0\xdbC\xb1\xc7\xf1-?\x8f\xf3\x11\
\xbc\x9a\xa1\xa8\xea\xdd\xf99\xf5-\xbfP;\xbe\x06\xca\
\xd1Q\x13\xb4\x1a\xb4wz\x9f\xd5 Q\x1b\x0cm]\
LG'c\xaf\xe6W_@9\x00\x0c\x8e\xaa\xb2\xc7\
lJ\x0d\xd7\x9a\x8e-[\xd5\xec\xa1*\xa4\xa5x\xbe\
]\xcaDq\xe6T\xc9\xac\xe1\xec~%\x0d\x9a\x847\
\x22\x84\xd8\xba0*\x1b_\xc11Ji\xca\xfa\xbc\xf2\
g\xe2b\xe8.$\xb9N\x86\xe5zZ\xed\x00\xa6\x96\
q!\xad\xc4Vu9d\xe2\xd0L\xa9\x12Mh\xdb\
\xbbT\xfbA\x1f\x91y\x0eh\x15s_A\xbb\xa8\x1f\
sx\xfe\x1d\x9e\xdf\x80\xcbD\xb3$\x8b\xed<*c\
\xa9n\xa6\xd8\xdd\x12\x82\x0f*\x95\xa5[N\x5cH\xde\
\xc6\xc3\xb6\x03\xa0\xa8\xe1\xf6\x03\x9c\x5c\xbd{  \xf3\
r\x88s&\xc2\xa1\x8e\xeak$k\x14\x13\xc5R\xd1\
\xa2#\x02\x94\xc0\x84\xdb0\xd1\x9d\xcc\xae\x83\x18\x84r\
V\xf3\x9bN\xf5T;6\x92\x09e\xe5\x00\xd2cH\
>\x0fM\x16\xfd\xc6\x87Wfq\xec\x13M\x9b1N\
\xee\xf0\x92|\xb1Xw\xe3'\xa7\xe7\x0dr\x90\xe5w\
\x05D\x9d\xd6:aJ\x0e\xf1a\x10\x1b\xad\xae\xda\x90\
\xd6\xfdAN\x8b\xef\xa9\x9fsjn\xc7P.P\xfd\
O\xf6\xd5\xc7\xa7\xa5\xf8\x16\xa0\xe5\x98\xbf\x04\x01\x9d\xde\
\xa0)3\xa0\xbc#Z\xf2\xb4\x1a\x82@\x80\x97\xb9\x09\
\x13\x08\xcb\xb5.\x88\xb4\xa7:\x81f|\x9d\x8e\xf8\x82\
#\xac\x9fks\xe7\x1bu\xfd-\x5c\xc1u\x1f\x08\xe5\
h\xaf\x13\xd5\xfdJ\x1d\xd5\x9d\xab\x94E\xee\xbe~\x87\
,\x22\xbbQ\xb2\xa5\xbcQ\xfbx\xc7\x5cs\x1c/q\
!.(7\xa2A\x1a\xd7\x19\xf6\xa1\xe0\xaa3\xbc!\
nT&\xc8;\xc4\x06QZ\xfa\x15\xca\x90)Ks\
\xea^V\xd9N\xba\xc7\x88\xf7\x9e\x14\xb3+j\xfee\
\xa9\xf0\x8c\x86\xa9\xb3\xf6\xda\x8e2\xbfJf\xeb\x0b<\
\xf3\xd6,${\xa7\xc0\xefa\xee6\xcb\xcb\xff5\xec\
\x8a\xd2oD4\xd9\x07\x9b\xfed\xb3\x97\xa5\xdeB^\
j\x0d\xfdrAZ\x05\xac\xcf\xd0.\xeb\xe3\x09F\x1c\
\xe3\xc3\xd0^\x95R\xde!\xf0'\xf8\xb0w\xdc\xa0\xd6\
v\xbaks\x86\x0a8\x8f\xf7\xd2\xeaZNg\xcc\xa5\
,\xde\xd9i\xce\xf0\x80\x1d\xf1\xc9t\xe9`\x16\xbf*\
\xd8\xaf\xbc?\x88\xcc\xe48\x1f\x94~\xe2\xb9\x87\xf5X\
\x8e\xfc\xd8\xc1\xcff\xb4\xdc3\xda*\xdf\xf2K\xeaa\
\x14\xcfeaoua\x0e?_\xa2\x92\xa8\x81\xdb\xc1\
\x05\xb4h\xa6\xa3\xd6]\x98<v\xc0\xb0%#\x8b\xce\
\x04\xb89\xaa\xf1\xb3&\x8ey\xfa\xa6\x03\x05\x86\x97\xd7\
\xe9\xfc\xd0\xdf\xd0\x8c\xf2\xd7_)l\x97\xe6&M\xfa\
\x8a\xed\xe9\xad\x9d8aL\xfd\xddc\x9c\x8f\x99\x8dG\
\x9b\xed:\xbawwJ\x1a\xaf\xbc\xaa\xdbo\xbb\xce1\
\xfb\x1d\xe9p\x1b\xf6u\x9a\xb8B\x80\xf8\xa1|\xca)\
)\xf3\x87\x17\x95V\x8eqa\x83\x0e(\xe0\x98\xca\xc0\
\x02\xa3BpJ\xb2*\xb3aZ0ts\xd5\x15\xc0\
\xee\x7f%\xfb[\xe65\xd9\xdf\xf5Bn\xf9[F\xbf\
\xd6\xd8\xa9\xe6=\x97X:\xbb\xfd\xfe\xae\x1b\xbd\xb5\xcf\
\x5c\x82\xa1\xf3\xd4\xed\xccI\x91\x93$\xb7Q\x13\xa8\xbe\
!\xd9\x9f\x83\xe8f4b\xb86\x81\xc6o\xa6<&\
B\xcd\x18\x1d\xbb\xb1&\xd1\x98\xb9\x9d\x9d\xc3\x86dF\
\x9e\x92\x1az\xb8k\xfc\xcd\xc7x\xed!\xef\xd3\xc5\xf3\
\xa4\x12\xcd\xb8\xcf[Y\x98\xac\xf1\xec\xa1+_\xf2r\
\xe9&VM\x8c\xcb\x01\xcd\xceP\xe9\x03\x8a\x1eR\xad\
\x1e\x15\xaa\x83\xbbG\xfe\x89a\xc6\xe8\xb8\xb5:\xa6\x9a\
{\xdf\xda\x9f\xdb\x9aK\x91\xd4\xeb\xe6\xe4\xd9 U;\
\x1a\xe6\xfbO*\x09\xec\xf7O$j \x17[\xd5\x07\
\xff\xd1\x82\xa9\xd9\xdd02T\xe7\x85`\xfc\x0b\x91\xc0\
80\
\x00\x00\x03\x0a\
<\
svg xmlns=\x22http:\
//www.w3.org/200\
0/svg\x22 width=\x2232\
\x22 height=\x2232\x22 fi\
ll=\x22#000000\x22 vie\
wBox=\x220 0 256 25\
6\x22><path d=\x22M230\
.64,49.36a32,32,\
0,0,0-45.26,0h0a\
31.9,31.9,0,0,0-\
5.16,6.76L152,48\
.42A32,32,0,0,0,\
97.37,25.36h0a32\
.06,32.06,0,0,0-\
5.76,37.41L57.67\
,93.32a32.05,32.\
05,0,0,0-40.31,4\
.05h0a32,32,0,0,\
0,42.89,47.41l70\
,51.36a32,32,0,1\
,0,47.57-14.69l2\
7.39-77.59q1.38.\
12,2.76.12a32,32\
,0,0,0,22.63-54.\
62Zm-122-12.69h0\
a16,16,0,1,1,0,2\
2.64A16,16,0,0,1\
,108.68,36.67Zm-\
80,94.65a16,16,0\
,0,1,0-22.64h0a1\
6,16,0,1,1,0,22.\
64Zm142.65,88a16\
,16,0,0,1-22.63-\
22.63h0a16,16,0,\
1,1,22.63,22.63Z\
m-8.55-43.18a32,\
32,0,0,0-23,7.08\
l-70-51.36a32.17\
,32.17,0,0,0-1.3\
4-26.65l33.95-30\
.55a32,32,0,0,0,\
45.47-10.81L176,\
71.56a32,32,0,0,\
0,14.12,27Zm56.5\
6-92.84A16,16,0,\
1,1,196.7,60.68h\
0a16,16,0,0,1,22\
.63,22.63Z\x22></pa\
th></svg>\
\x00\x00\x02\x19\
<\
svg xmlns=\x22http:\
//www.w3.org/200\
0/svg\x22 width=\x2232\
\x22 height=\x2232\x22 fi\
ll=\x22#000000\x22 vie\
wBox=\x220 0 256 25\
6\x22><path d=\x22M224\
,48H32A16,16,0,0\
,0,16,64V192a16,\
16,0,0,0,16,16H2\
24a16,16,0,0,0,1\
6-16V64A16,16,0,\
0,0,224,48Zm0,14\
4H32V64H224V192Z\
m-16-64a8,8,0,0,\
1-8,8H56a8,8,0,0\
,1,0-16H200A8,8,\
0,0,1,208,128Zm0\
-32a8,8,0,0,1-8,\
8H56a8,8,0,0,1,0\
-16H200A8,8,0,0,\
1,208,96ZM72,160\
a8,8,0,0,1-8,8H5\
6a8,8,0,0,1,0-16\
h8A8,8,0,0,1,72,\
160Zm96,0a8,8,0,\
0,1-8,8H96a8,8,0\
,0,1,0-16h64A8,8\
,0,0,1,168,160Zm\
40,0a8,8,0,0,1-8\
,8h-8a8,8,0,0,1,\
0-16h8A8,8,0,0,1\
,208,160Z\x22></pat\
h></svg>\
\x00\x00\x00\xa6\
<\
svg xmlns=\x22http:\
//www.w3.org/200\
0/svg\x22 viewBox=\x22\
0 0 10 6\x22 width=\
\x2210\x22 height=\x226\x22>\
\x0a  <path d=\x22M0 5\
 L5 0 L10 5\x22 fil\
l=\x22none\x22 stroke=\
\x22#94A3B8\x22 stroke\
-width=\x221.5\x22/>\x0a<\
/svg>\
\x00\x00\x11\xfc\
<\
?xml version=\x221.\
0\x22 standalone=\x22n\
o\x22?><!DOCTYPE sv\
g PUBLIC \x22-//W3C\
//DTD SVG 1.1//E\
N\x22 \x22http://www.w\
3.org/Graphics/S\
VG/1.1/DTD/svg11\
.dtd\x22><svg t=\x2217\
78512996948\x22 cla\
ss=\x22icon\x22 viewBo\
x=\x220 0 1025 1024\
\x22 version=\x221.1\x22 \
xmlns=\x22http://ww\
w.w3.org/2000/sv\
g\x22 p-id=\x2210246\x22 \
xmlns:xlink=\x22htt\
p://www.w3.org/1\
999/xlink\x22 width\
=\x2232.03125\x22 heig\
ht=\x2232\x22><path d=\
\x22M282.994 659.83\
4c0-6.748-1.636-\
12.882-3.68-18.4\
03l21.469-10.223\
-6.134-12.269-21\
.061 10.224c-8.7\
92-13.904-23.719\
-23.719-40.077-2\
6.173v-46.21h-13\
.29v45.597c-29.8\
54 2.658-52.959 \
27.195-52.959 57\
.457 0 31.898 25\
.764 57.457 58.0\
7 57.457 17.994 \
0 33.943-8.18 44\
.166-21.061l32.9\
2 15.949 6.135-1\
2.268-31.285-15.\
336c3.068-7.36 5\
.726-15.949 5.72\
6-24.741zM220.22\
 432.256v46.21h1\
3.29v-46.824c15.\
95-2.658 29.853-\
11.246 39.055-24\
.128l22.083 10.8\
37 6.134-12.268-\
22.083-10.837c2.\
658-6.748 4.09-1\
3.29 4.09-20.447\
 0-6.748-1.023-1\
3.291-3.681-19.4\
25l28.83-13.904-\
6.134-12.269-28.\
83 13.904c-10.83\
8-16.357-28.831-\
26.172-48.256-26\
.172-31.898 0-58\
.07 25.763-58.07\
 58.07 0.818 30.\
058 23.923 54.79\
9 53.572 57.253z\
 m520.792-57.457\
c0 8.179 1.636 1\
5.949 4.703 22.6\
96l-20.448 9.815\
 6.135 12.268 21\
.06-10.223c9.815\
 12.881 24.128 2\
1.06 40.077 22.4\
92v45.188h13.29v\
-45.188c28.831-3\
.68 50.301-28.21\
8 50.301-57.048 \
0-31.898-25.764-\
58.07-58.07-58.0\
7-19.016 0-37.01\
 9.814-47.847 25\
.763l-25.763-12.\
268-6.135 12.268\
 25.15 12.268c-1\
.022 6.135-2.453\
 13.496-2.453 20\
.039zM506.278 57\
5.59v5.725h13.29\
v-5.725c17.381-2\
.045 32.92-11.86\
 42.122-26.786l3\
3.33 16.358 6.13\
3-12.268-33.942-\
16.358c2.045-5.7\
25 3.067-11.86 3\
.067-18.403s-1.6\
36-12.882-3.067-\
18.402l33.942-16\
.358-6.134-12.26\
9-33.942 16.358c\
-9.202-14.926-24\
.741-24.128-42.1\
22-26.172v-2.658\
h-13.29v2.658c-1\
6.972 2.044-31.8\
98 11.246-41.1 2\
5.15l-33.942-16.\
358-6.134 12.268\
 33.942 16.358c-\
2.044 6.134-3.68\
 12.882-3.68 20.\
039 0 6.747 1.63\
6 13.29 3.68 19.\
425L424.49 554.5\
3l6.134 12.269 3\
3.943-16.358c9.4\
05 13.904 24.74 \
23.105 41.712 25\
.15z m0 83.63h13\
.29v55.412h-13.2\
9V659.22z m0-66.\
659h13.29v55.412\
h-13.29v-55.412z\
 m0-200.792h13.2\
9v55.412h-13.29V\
391.77z m0-66.65\
8h13.29v55.412h-\
13.29v-55.412zM2\
20.221 489.304h1\
3.29v55.412h-13.\
29v-55.412z m572\
.523-1.023h13.29\
1v55.412h-13.29v\
-55.412zM305.077\
 613.623l49.891-\
24.741 6.134 12.\
268-49.891 24.74\
1-6.134-12.268z \
m60.115-29.853l4\
9.891-24.741 6.1\
34 12.268-49.891\
 24.741-6.134-12\
.268z m289.942-1\
41.7l6.134 12.26\
9-49.89 24.74-6.\
135-12.267 49.89\
1-24.742z m10.42\
8-5.112l6.135 12\
.269 49.89-24.74\
1-6.133-12.269-4\
9.892 24.741zM80\
6.24 597.265v-41\
.508h-13.291v41.\
508c-18.403 2.04\
5-34.965 12.882-\
43.553 28.83l-17\
.38-8.791-6.134 \
12.268 17.993 8.\
792c-1.635 5.112\
-2.658 10.224-2.\
658 15.95 0 12.2\
67 3.68 23.718 1\
0.224 32.92L726.\
7 699.092l6.134 \
12.268 28.217-13\
.904c10.224 9.20\
1 24.128 14.926 \
38.032 14.926 31\
.898 0 58.07-25.\
763 58.07-57.456\
-0.613-30.058-22\
.287-54.186-50.9\
13-57.662z m-451\
.476-149.47l6.13\
4-12.268-49.892-\
24.741-6.134 12.\
268 49.892 24.74\
2z m66.249 17.38\
l-6.134 12.27-49\
.892-24.742 6.13\
4-12.268 49.892 \
24.74z m240.255 \
117.573l-49.686-\
24.537-6.135 12.\
268 49.892 24.74\
1 5.93-12.472z m\
60.115 29.853l-4\
9.89-24.742-6.13\
5 12.269 49.891 \
24.741 6.134-12.\
268z m-66.249-31\
6.933l-49.891-24\
.741-6.134 12.26\
8L649 307.936l6.\
134-12.268z m60.\
115 29.444l-49.8\
91-24.741-6.134 \
12.268 49.891 24\
.741 6.134-12.26\
8zM312.233 717.2\
9l49.892 24.74 6\
.134-12.267-49.8\
92-24.742-6.134 \
12.269z m60.115 \
29.24l49.892 24.\
74 6.134-12.268-\
49.891-24.741-6.\
135 12.268z m-4.\
09-434.914l-6.13\
3-12.269-49.892 \
24.741 6.134 12.\
269 49.892-24.74\
1z m53.777-41.1l\
6.134 12.269-49.\
891 24.741-6.134\
-12.268 49.891-2\
4.741z m15.95 7.\
362l28.216-13.90\
5c9.202 12.269 2\
3.72 21.061 39.4\
64 23.106v27.195\
h13.29V287.08c15\
.95-1.636 30.262\
-10.224 39.464-2\
3.106l29.853 14.\
927 6.134-12.268\
-29.24-14.314c12\
.269-29.24-1.636\
-63.182-30.875-7\
5.45-29.24-12.26\
8-63.182 1.636-7\
5.45 30.875-6.13\
5 14.314-6.135 3\
0.262 0 44.575l-\
26.787 13.291 5.\
93 12.269z m158.\
67 484.6l-32.92 \
15.95c-8.792-16.\
359-25.15-27.81-\
44.166-29.854v-2\
2.492h-13.291v22\
.492c-17.994 2.0\
45-33.329 12.268\
-42.53 27.808l-2\
5.15-12.268-6.13\
5 12.268 25.56 1\
2.882c-2.045 5.7\
25-3.068 11.246-\
3.068 17.38 1.02\
3 31.898 27.195 \
57.048 59.093 56\
.435 30.875-1.02\
2 55.412-25.764 \
56.435-56.435 0-\
5.111-0.614-9.81\
4-2.045-14.313l3\
3.942-16.358-5.7\
25-13.495z m9.81\
5-4.498l6.134 12\
.268 49.891-24.7\
41-6.134-12.268-\
49.891 24.74z m6\
0.115-29.853l6.1\
34 12.268 49.891\
-24.741-6.134-12\
.268-49.891 24.7\
4z m0 0\x22 fill=\x22#\
666666\x22 p-id=\x2210\
247\x22></path><pat\
h d=\x22M1023.799 5\
12c0 282.99-229.\
01 512-512 512S0\
.003 794.786 0.0\
03 512c0-282.99 \
229.01-512 512-5\
12S1023.8 229.01\
 1023.8 512zM512\
.003 52.958C258.\
253 52.958 52.96\
2 258.25 52.962 \
512s205.29 459.0\
42 459.041 459.0\
42S971.045 765.7\
5 971.045 512 76\
5.55 52.958 512.\
003 52.958z m0 0\
\x22 fill=\x22#666666\x22\
 p-id=\x2210248\x22></\
path></svg>\
\x00\x00\x01I\
<\
svg xmlns=\x22http:\
//www.w3.org/200\
0/svg\x22 width=\x2232\
\x22 height=\x2232\x22 fi\
ll=\x22#000000\x22 vie\
wBox=\x220 0 256 25\
6\x22><path d=\x22M216\
,72H131.31L104,4\
4.69A15.86,15.86\
,0,0,0,92.69,40H\
40A16,16,0,0,0,2\
4,56V200.62A15.4\
,15.4,0,0,0,39.3\
8,216H216.89A15.\
13,15.13,0,0,0,2\
32,200.89V88A16,\
16,0,0,0,216,72Z\
M40,56H92.69l16,\
16H40ZM216,200H4\
0V88H216Z\x22></pat\
h></svg>\
\x00\x00\x05\xf5\
<\
?xml version=\x221.\
0\x22 standalone=\x22n\
o\x22?><!DOCTYPE sv\
g PUBLIC \x22-//W3C\
//DTD SVG 1.1//E\
N\x22 \x22http://www.w\
3.org/Graphics/S\
VG/1.1/DTD/svg11\
.dtd\x22><svg t=\x2217\
78512696952\x22 cla\
ss=\x22icon\x22 viewBo\
x=\x220 0 1024 1024\
\x22 version=\x221.1\x22 \
xmlns=\x22http://ww\
w.w3.org/2000/sv\
g\x22 p-id=\x226718\x22 x\
mlns:xlink=\x22http\
://www.w3.org/19\
99/xlink\x22 width=\
\x2232\x22 height=\x2232\x22\
><path d=\x22M86.65\
6 636.416a42.666\
667 42.666667 0 \
0 1 43.904 2.346\
667l60.8 41.088a\
42.666667 42.666\
667 0 0 1-24.32 \
77.952c27.050667\
 61.098667 82.85\
8667 106.069333 \
149.461333 117.4\
18666a42.666667 \
42.666667 0 0 1-\
14.336 84.138667\
C166.570667 936.\
277333 64 816.98\
1333 64 674.0906\
67a42.666667 42.\
666667 0 0 1 22.\
656-37.674667zM3\
51.232 100.43733\
3a106.666667 106\
.666667 0 0 1 15\
0.869333 0l421.4\
61334 421.504a10\
6.666667 106.666\
667 0 0 1 0 150.\
826667l-250.7946\
67 250.837333a10\
6.666667 106.666\
667 0 0 1-150.86\
9333 0l-421.4613\
34-421.546666a10\
6.666667 106.666\
667 0 0 1 0-150.\
826667l250.79466\
7-250.794667z m9\
0.538667 60.3306\
67a21.333333 21.\
333333 0 0 0-30.\
208 0L160.768 41\
1.605333a21.3333\
33 21.333333 0 0\
 0 0 30.165334l4\
21.461333 421.50\
4a21.333333 21.3\
33333 0 0 0 30.1\
65334 0l250.88-2\
50.88a21.333333 \
21.333333 0 0 0 \
0-30.122667l-421\
.546667-421.5466\
67z m230.826666-\
61.269333a42.666\
667 42.666667 0 \
0 1 49.194667-34\
.858667c135.5946\
67 23.04 238.165\
333 142.336 238.\
165333 285.22666\
7a42.709333 42.7\
09333 0 0 1-66.5\
6 35.370666l-60.\
8-41.088a42.6666\
67 42.666667 0 0\
 1 24.32-78.08c-\
27.093333-61.056\
-82.858667-106.0\
26667-149.461333\
-117.333333a42.6\
66667 42.666667 \
0 0 1-34.858667-\
49.237333z\x22 fill\
=\x22#000000\x22 p-id=\
\x226719\x22></path></\
svg>\
\x00\x00\x01\x9f\
<\
svg xmlns=\x22http:\
//www.w3.org/200\
0/svg\x22 width=\x2232\
\x22 height=\x2232\x22 fi\
ll=\x22#000000\x22 vie\
wBox=\x220 0 256 25\
6\x22><path d=\x22M216\
,48H176V40a24,24\
,0,0,0-24-24H104\
A24,24,0,0,0,80,\
40v8H40a8,8,0,0,\
0,0,16h8V208a16,\
16,0,0,0,16,16H1\
92a16,16,0,0,0,1\
6-16V64h8a8,8,0,\
0,0,0-16ZM96,40a\
8,8,0,0,1,8-8h48\
a8,8,0,0,1,8,8v8\
H96Zm96,168H64V6\
4H192ZM112,104v6\
4a8,8,0,0,1-16,0\
V104a8,8,0,0,1,1\
6,0Zm48,0v64a8,8\
,0,0,1-16,0V104a\
8,8,0,0,1,16,0Z\x22\
></path></svg>\
\x00\x00\x83j\
G\
IF89a\x96\x00\x96\x00\xf7\xff\x00\x00\x00\x00\x00\
\x00\x01\x00\x01\x01\x01\x01\x02\x01\x01\x03\x01\x02\x02\x01\x03\
\x04\x02\x02\x05\x02\x03\x06\x02\x04\x05\x03\x03\x07\x03\x04\x07\
\x03\x04\x08\x03\x06\x08\x03\x06\x09\x04\x05\x09\x04\x05\x0a\x04\
\x07\x0a\x04\x08\x0b\x05\x06\x0c\x05\x07\x0c\x05\x08\x0f\x05\x09\
\x0d\x06\x0a\x11\x06\x0b\x0e\x07\x09\x10\x07\x09\x11\x07\x0a\x14\
\x07\x0c\x14\x07\x0d\x11\x07\x0d\x12\x08\x0a\x12\x08\x0a\x13\x08\
\x0c\x17\x08\x0e\x13\x08\x0e\x14\x08\x0f\x15\x08\x0f\x16\x08\x10\
\x17\x09\x0b\x15\x09\x0b\x15\x09\x0c\x16\x09\x0d\x18\x09\x11\x17\
\x09\x11\x19\x0a\x0f\x19\x0a\x11\x18\x0a\x13\x1a\x0d\x10\x1e\x0d\
\x18!\x0e\x11 \x0e\x12\x22\x0e\x1a$\x0f\x1c&\x10\x14\
%\x10\x14&\x10\x1d(\x11\x15'\x11 +\x14\x19.\
\x14 0\x15'5\x1a ;\x1a!=\x1c2D\x1d\
5H\x1e%E\x1e7K (I!*N!<\
Q#@V$-S&C^'1Z(2]\
(Ib)Ec)Ic*4a*5b*\
Lf+5b+6c+=f+Lj+N\
i,6d,7f,Ok,Pl-8g\
-8h-El-Nm-Pm-Qn.\
9i.:j.Qo.Ro.Sp/;\
l/Tq/Ts/Ur0<n0<o\
0Su0Vt0Wu1=p1=q1\
>s1Wv1Yx2Xy3Dx3\x5c\
}4[~4^\x7f5`\x816C|6b\x84\
7D~7E~8F\x828G\x828d\x878\
d\x888e\x899g\x8b9g\x8c:H\x85:H\
\x85:h\x8c;I\x87;i\x8e<K\x8a<l\x93\
=L\x8c=n\x95>N\x90>o\x97?q\x99@\
P\x93@Q\x95@s\x9cAQ\x95AR\x97BS\
\x99Bv\x9fBv\xa0Cx\xa3DU\x9cDU\x9e\
DV\x9cDz\xa5EV\x9eE{\xa7E{\xa8E\
|\xa8E}\xa9FW\xa1FX\xa1GY\xa5G\x7f\
\xabG\x80\xaeI[\xa7I[\xa9I\x82\xb0I\x83\xb1\
I\x84\xb2J\x85\xb4J\x85\xb6K]\xacK\x87\xb6L\
\x88\xb8M\x8a\xbbNa\xb2Na\xb3Nb\xb4Ne\
\xb7Oc\xb6Oc\xb6O\x8d\xbfPd\xb7Pd\xb8\
Ph\xbaP\x8f\xc1P\x8f\xc2P\x8f\xc3P\x8f\xc3Q\
e\xb9Qe\xbbQf\xbcQ\x8e\xc4Q\x90\xc6Q\x91\
\xc4Q\x91\xc4Q\x91\xc6Q\x92\xc5Rf\xbcRg\xbd\
R\x93\xc6R\x95\xc9Sj\xc1S\x94\xc8T\x97\xccV\
\x9b\xd1Wl\xc7Wm\xc8Xn\xcaYo\xcdY\x9f\
\xd7Zp\xceZ\xa1\xd9[r\xd2[\xa3\xdc^u\xd8\
_v\xda`x\xdd`\xac\xe9az\xe0a{\xe0a\
|\xe0a~\xe1a\x7f\xe1a\x81\xe2a\x83\xe2a\x88\
\xe4a\x89\xe4a\x8e\xe5a\x92\xe6a\x94\xe7a\xae\xec\
bz\xe0b}\xe0b~\xe1b\x83\xe3b\x8b\xe5b\
\x99\xe8b\x9c\xe9b\xa1\xeab\xa3\xebb\xa5\xecb\xa6\
\xecb\xa7\xedb\xa8\xecb\xab\xedb\xab\xeeb\xac\xec\
b\xaf\xefb\xaf\xefc\xb1\xef\x00\xff\x00!\xff\x0bN\
ETSCAPE2.0\x03\x01\x00\x00\x00!\
\xf9\x04\x09\x03\x00\xf9\x00,\x17\x00\x18\x00g\x00f\x00\
\x87\x00\x00\x00\x00\x00\x01\x00\x01\x01\x01\x01\x02\x01\x01\x03\
\x01\x02\x02\x01\x03\x04\x02\x02\x05\x02\x03\x06\x02\x04\x05\x03\
\x03\x07\x03\x04\x07\x03\x04\x08\x03\x06\x08\x03\x06\x09\x04\x05\
\x09\x04\x05\x0a\x04\x07\x0a\x04\x08\x0b\x05\x06\x0c\x05\x07\x0c\
\x05\x08\x0f\x05\x09\x0d\x06\x0a\x11\x06\x0b\x0e\x07\x09\x10\x07\
\x09\x11\x07\x0a\x14\x07\x0c\x14\x07\x0d\x11\x07\x0d\x12\x08\x0a\
\x12\x08\x0a\x13\x08\x0c\x17\x08\x0e\x13\x08\x0e\x14\x08\x0f\x15\
\x08\x0f\x16\x08\x10\x17\x09\x0b\x15\x09\x0c\x16\x09\x0d\x18\x09\
\x11\x17\x09\x11\x19\x0a\x0f\x19\x0a\x11\x18\x0a\x13\x1a\x0d\x10\
\x1e\x0d\x18!\x0e\x11 \x0e\x12\x22\x0e\x1a$\x0f\x1c&\
\x10\x14%\x10\x14&\x10\x1d(\x11\x15'\x11 +\x14\
\x19.\x14 0\x15'5\x1a ;\x1a!=\x1c2\
D\x1d5H\x1e%E\x1e7K (I!*N\
!<Q#@V$-S&C^'1Z(\
2](Ib)Ec)Ic*4a*5\
b*Lf+5b+6c+=f+Lj\
+Ni,6d,7f,Ok,Pl-\
8g-8h-El-Nm-Pm-Q\
n.9i.:j.Qo.Ro.Sp\
/;l/Tq/Ts/Ur0<n0\
<o0Su0Vt0Wu1=p1=\
q1>s1Wv1Yx2Xy3Dx\
3\x5c}4[~4^\x7f5`\x816C|6\
b\x847D~7E~8F\x828G\x828d\
\x878d\x888e\x899g\x8b9g\x8c:H\x85\
:h\x8c;I\x87;i\x8e<K\x8a<l\x93=\
L\x8c=n\x95>N\x90>o\x97?q\x99@P\
\x93@Q\x95@s\x9cAQ\x95AR\x97BS\x99\
Bv\x9fBv\xa0Cx\xa3DU\x9cDU\x9eD\
V\x9cDz\xa5EV\x9eE{\xa7E{\xa8E|\
\xa8E}\xa9FW\xa1FX\xa1GY\xa5G\x7f\xab\
G\x80\xaeI[\xa7I[\xa9I\x82\xb0I\x83\xb1I\
\x84\xb2J\x85\xb4J\x85\xb6K]\xacK\x87\xb6L\x88\
\xb8M\x8a\xbbNa\xb2Na\xb3Nb\xb4Ne\xb7\
Oc\xb6O\x8d\xbfPd\xb7Pd\xb8Ph\xbaP\
\x8f\xc1P\x8f\xc2P\x8f\xc3Qe\xb9Qe\xbbQf\
\xbcQ\x8e\xc4Q\x90\xc6Q\x91\xc4Q\x91\xc6Q\x92\xc5\
Rf\xbcRg\xbdR\x93\xc6R\x95\xc9Sj\xc1S\
\x94\xc8T\x97\xccV\x9b\xd1Wl\xc7Wm\xc8Xn\
\xcaYo\xcdY\x9f\xd7Zp\xceZ\xa1\xd9[r\xd2\
[\xa3\xdc^u\xd8_v\xda`x\xdd`\xac\xe9a\
z\xe0a{\xe0a|\xe0a~\xe1a\x7f\xe1a\x81\
\xe2a\x83\xe2a\x88\xe4a\x89\xe4a\x8e\xe5a\x92\xe6\
a\x94\xe7a\xae\xecbz\xe0b}\xe0b~\xe1b\
\x83\xe3b\x8b\xe5b\x99\xe8b\x9c\xe9b\xa1\xeab\xa3\
\xebb\xa5\xecb\xa6\xecb\xa7\xedb\xa8\xecb\xab\xed\
b\xab\xeeb\xac\xecb\xaf\xefc\xb1\xef\x00\xff\x00\xff\
\xff\xff\xff\xff\xff\xff\xff\xff\xff\xff\xff\xff\xff\xff\xff\xff\
\xff\x08\xff\x00\xf3\x09\x1cH\xb0\xa0\xc1\x83\x08\x13\x1a4\
\x87O\xa1\xc3\x87\x10#J\x9c\x98\x90\xe1\xbd\x86\x143\
j\xdc\xc8Q \xc3\x8f\x18;\x8a\x1cI\xd2\x22>\x93\
$S\xaa\x9c\x08\xb2e\xc8\x950cz\xc4w\xd1$\
J\x998S\xba\xdc\xf92\xa7O\x8a6i\x9e\x14z\
\xf3\xa7Q\x88<\x93\xf6<\xca\x94`\xd0\x9aD\xa3^\
lJu\xa0\xd2\xabK\xab\xe6|:\x14\xaa\xd7\xaeY\
\xb5\xc2\xc4J6\xac\xd8\x92R\xc1r\xe5z6f\xd9\
\xb7f\xdbf\x5c\x9b\x96\xeeW\xb9#\xe1\xea\x8d\x8b\xd7\
\xa1]\xb5u\x03O\xed\x0bt\xe8^\xb8\x84%\xfe]\
,\x18l\xe2\x87\x87\x0dK.\xfb\xb8bc\xc6_\xff\
V^8\xb9sd\xac\x9b\x07\xf2\xbaL:sib\
\xa1\x05\xda\xf2\xcc\xfa\xf3de\xa9E\x97\x06l\xbav\
W\xd4\xb1\x07\xaev\xad\x17ve8\xb3\x0e\x8e\xb6\x8d\
\x99\xf6\xed\x83\xb8\xda\xd2\xc1\x96N\xd6\xc1\xdd\xad\xa3\x93\
\xf5]\xb0\x17s\xb1p\xb0\x9d\xd3v.\xb8\xc1]\xb3\
\x8b[\xff\x14\x86\x5c;\xf7\xaa\xcb\xd3]K\xc7\xdc\xb9\
A\xe8\xbc'\x1f;h]=\xfbtM\xb3o?g\
\xbe\xfbA\xf0\xc4\x85G\x13y\x06\xe1\xd2_\x7fG\xa5\
\xb7\x1es\x0b6\xf7\x9ct\x10~4\x9fA\xf55\xd8\
\xe0O\xfaqw\xe0~\xde\x15\x04\xa0q\x98\x11X\x90\
\x81\xfbmx\x1eN\xd9\xd9\xc7\xe0}\x0d\xbaW\x10|\
\x11\xcaG\xdf\x8a4\xaa\x88_L\x19\xf2W\xe2\x8e\xdc\
uH\xd0\x87\xe2\x0dX\x1e\x8f:j\xb8\x1fL)Z\
\xc8\xe2\x92\xed=x\xd8\x84\xd5\xd5\xa8d\x8d*\xe5h\
b\x91X\xfa8\x10\x90\xa5\x89H\x10\x89F\x86\x89%\
\x82#%\xc9\xa4\x8dS:\xf8^\x8c\xe6@IP\x85\
g\xa6yaGV\x12ye\x7fZ\x0a\xc4em^\
\x0e\x04\xe6\x98v\x12\xc9\x91\x99R\xc6y\xa6\x8b\x04\xc1\
\xb8\x93\x9b\x03\xc1Y\xe8\xa36jT\xa7\x98w\x12\x99\
g>{v\xd5\xa7@\x7fVJ\xa9\xa0\x13\x11\x8a\xa6\
\xa1\x90\x22\xaa\x9bg\x8c\x0a\xe4\xe8\xa8\x90\xa6)\xd1\xa4\
\x80~\xff*\xab\x7f\xdfI\xb5i>\x9d\x06:\xeb\x95\
\x10\x89*'\xa9\xac\xaa\xf9\xa2a\xa9\xe6\xb3\xea\xaf\xad\
\x9e\xe9\xd0\x1b\x9e\xc6\xea\xec\x95\x97\x02xk\xae\xbb\xea\
\xealB\xbe\x02\x8bl\xb0\xa6\xaaV\xec\xb1\xda\x86K\
\xa5A\xccZ\xdb\xec\xb9\x1cFD\xed\xb3\xe6Z[P\
\xb6\xc9\xc6\xcb\xedC\xe0\xca\xbb\xad\xab\x02\x95[\xed\xbe\
\xec\x8ay\xa9\x9f\xe8\xf2\x1b\xf09\xf9\xc0\x1b\xec\xbd\xe2\
\x0a\x1b\xe5\xc1\x09#Le\xbb\x02C\x5cd,\x08\xcd\
\x22\xf1\xc0\x01\x0b\xd4\xf0\xc6\xad\xd6\xa2\x90,\x1c3l\
/A\x17\x97,+\xc5\x0eY\x1c\xf1\xca\xb1\x1a\x14\xb2\
\xc3hz\x0c\x11\xc8\xf6\xbe\xcc\x22B&\xf7\x1b+\xca\
\x05!\xc3\xcbA*\xeb\x8c1\x8f\x0a\xd9l\xaf\xcc\x05\
-\xc3\x90-\x07\xd1,\xf2\xd3r>\x94s\xc0<\x13\
\x84\x8cI?\x1b$\xcb\xd4\x10Gd\xf4\xc1H\x13\xa4\
\xb4dL\x1b\x14\xcb\xd7QK\xc4\xf5\xc9\x07]\x9dV\
\xd6\x05m\xcd\xb2\xa7\x19\xa1\xcdb\xd8\x03\x8d\xcdS\xd9\
\x05\x9d\xff]s\xab\x1b\xad=q\xdb\x7f\xc1M\x90\xdc\
B\xeb\xda\x11\xdax\x0b\xa4wt|\x13\xe47\xd4q\
\x8e\xb4v\xd5\x03\xb9\x1d\xe0E\x86\x0f\x84\xf8\xd0\xda\xa4\
\xf4r\xe3\xf9<^V\xe4\x03M\x0e\xf35+\x99\x8c\
\xb9@\x9a\x83\xf8v\xd3&\xc7\xd40\xe9\xa6\xb3\x89\x0f\
\xea\x02\xa9\xae-N\x10\xbf\x9eO\xecArN\xfb\xbe\
>i\x8b{|K\x1f\xe4\xbb\x94F\xe9*<\xf1\x02\
~\xd5\xb9@\x9f\x13}T\x9c\xcb\xeb\x8e\x15\xef\xf9<\
\xaf\x1eU<N_\xbc\xec\xc6k\xad=Uw\x1f\x94\
;\xf3C\x81\xaf\xfaY\xdb\x09\xaf\xcc\xf9\xc5]\x9f\x8f\
\xdcru\x0f\xbfR\xf2\x0b\xcd\xfd\xaa\x87>\xe3\xe8o\
3\xef\xf3\x9e\xee\xc0\xf7\x98\x01n\xae\x80\xf9\x8bM\x02\
\xff\x07\xb9\xd8\x10\x10\x7fR\xc9M>\x14\xc8<\x0d\x0a\
\xe4\x82 \xbc\x87\x07\x07\xc2A\x0e\x8e\x90 !\x84 \
MNX\x90\x12\xbe\x85\x85\x06I\xa1]`x\x10\x17\
\xb6\x86\x86\x08\x91a\x06q\x98\xc3\xff\xf1P!:\x14\
\xe1\x0f5\x81\xc8\x9b!>$\x84F\x84\x88\x09\x93\xa8\
\xc4\x07Z\x84\x89\x12a\x13\x14'R\x9a)RD:\
V\xcc\x88`\xb2\xa8\x11\xcfpq#;\xfcb\x17?\
\x22\xc6\x8e\xac\x900\x01\x01\x00!\xf9\x04\x09\x04\x00\xff\
\x00,\x18\x00\x18\x00f\x00f\x00\x00\x08\xff\x00\xff\x09\
\x1cH\xb0\xa0\xc1\x83\x08\x13\x16<\xe5O\xa1\xc3\x87\x10\
#J\x9c\x88P\x95?~\x0d)j\xdc\xc8\xb1\xe3?\
\x86\xeb\xfc\x85\xf4H\xb2\xa4\xc9\x7f\x161\x86\xc4x\xb2\
\xa5\xcb\x87 E\xca\x1c\xf9\xb2\xa6\xcd\x942U^\xcc\
h\xb3g\xc9\x98!\x83\xce\xe4\xe9\xb3(E\x9c+s\
*5\xca4\x22\xd0\xa1B\x856\x9dZqg\xd2\xab\
VwR\xdd*\xf0iT\xa8C\xb9Ne\xa8\xb3\xac\
R\xac,\xc5\x16\xf5\x0a\xf6\xebW\xb5=\xc9\x9e\xcdj\
\x16-Q\xb8&\xd9\xbam\x0b\x16\xefI\xb9v\x03\xd3\
]\xea\xd7\xa3^\xbe{\xf7\x16\xe6\x08x\xb0\xe0\xba\x83\
\x17S<\x9c\x181_\xc9N\x1dk\x86\xcc\x990\xe6\
\x84\x94-W\xae\xfc\x19a\xe3\xce\x8f\xe7v.\xbdP\
\xb4\xeb\xd1\x97Y\xff\x13\xb4Y\xb5\xed\xd4ve\xff\xcb\
\xf5\xba7l\xa1\x82t\xff\xf3U\x1bw\xf1\xc1\xc1\x85\
\xef\xf6\xcd|or\xc9o\xba!2H\x1c\xf5q\xeb\
\x18\x9f\x0f,\x047N7w\xdc\xa6\x17\xff\xe4\xfd\xbb\
\xf9P\xed\x02\x95u{%6:\xbbo\xec\xa4S\xbf\
~\xbb6\xfa\x7f\xc1\xba\xbdG\xb5\xd5;xw\xdf\x85\
g\x10y\xe6\xc1v\x9fz\xff\xad7\x95{\xf0\xe9\xd7\
\xa0x\x04UW\x1fvJ\xdd\x97\xdf{\xf1\xed\xc7\x94\
\x7f\xdc\x00\x98 x\x10\x0eD`y\x06\x1a\x84`\x87\
\x01\x02\xc8\x9eO\x0cf\xd8 \x86\xddpW\x90\x84\xc6\
uf\xa1\x83.\xba\xc8\x9fM\x1cz\x88\xe2\x87\x02\x8e\
W\xe0y&\xa6hd\x82+\xba\xd4\x22\x8eL\xc2(\
c\x84\xf4\xd9u#\x8cT\xbe\xf8\xcd\x8e'\xf5x\xe4\
\x8f\x5c\x86(\xd0\x88\xcc\x1d\xb8\xa5\x8fd*h\xd2\x92\
U\xe6\xc8\xe4\x93\x03\xd1H\xdf\x94V\xaaY%\x96\x1d\
i\x09d\x99@z\xb9\x1c\x89\xfe\x88y\xe7\x98F&\
\xb9\x11\x9aq6Y(\x9b\x02\xb9i\xa3A\xbb\x18*\
g\xa1\x1and'\x97xR\x1a \xa2{Zv\xe3\
\x9f\x9cZ*hD\x84>*\xea\x9a\x06\xfdb\x1f\xa3\
\x8e\xa6\x9a\xa6\x83t>4i\xa5\xb0n\xff\x89)\x98\
\xc0\x19\x94_\xa7\xb1\xfe\xf9iB\xa1\xaa\x0a\xe9\xa1\xa5\
\x22\x87\xea\xaa\xc4\xfe\xaa\xa3\xab\x80\xe2\x9a,\x97\xb3\x12\
Y\xd0\xad\x96*\xab\xec\xae\x04\xf5Z\xec\xa8\xabbj\
jv\xc3\x1a\xeb+\xb6W\x22\xf4\xea\xb2\xb9F\xcbM\
\xb3\x9b\x9a[\xee\xbafV\xfb\xed\xbb\xd7\x92\xfaP\xa3\
\xf1\xd6\xebm\xa4\x02\x8d+\xad\xba\xcbb\xfa,\xb9\x00\
\xef\xab\xa2@\xd6\xdek\xf0\xa8\xfe\x0aD\xef\xc1\xf0\x1a\
\xcc_\xc0\xfc\x0a\xbc%B\xd0\xb2+\xf1\xb4\xa80l\
/\xb8.\xce\x82P\xc3\x1c\x83\xec\xe0?\xa9@lq\
\xc4\xdc\xdc\x92\x10\x22(\x9f|\xf2@\x19\x87\xbc\xb1\xaf\
\x1e+\xf4\x87\xc83\x17[P\xc9\x17\xb7\xbc\xa5\xca\x05\
\xa1a\x10\xcb.\x9b<\xb1A1\xe3\xac\xf175\x13\
\xb4\x88?\xbf\x18ts\xceK\xbb\x98\x10\xcf>\xf7\x0c\
4A\x89\xc8\x94\xcb\xd0Y\x87\xed\xa3CIS\x0dn\
\xd3\x03=\x9dT\xd4\x05M]u\xc3\x10\xa1b\xf4\xbe\
[\x0f\xd4\xf5W_\x17D\xf4\xdc(K\xffT\xf6\xdb\
U\xa2-\x90\xda\x83\xb1M\x90\xdb2\x1bL\x91\xdc=\
WZ\xb7@w\xf3\x957A{7~\xf4\xe2\x80[\
)\xf8?\x84wf\xf8@\x88+m5G\x8c\x8b\x1d\
\xe0\xe3\xffD\x0e\xdb\xe4\x03Un:x$\xfd\x9d\xf8\
\xe6\x9dO\x08\xb5A\x85\x88>rI\xa5\x9f\x8c\xba\xea\
\xbd\xb1.\x90\xeb/\x9f$;\xcd\x06\xd5^\xe3\xed\x05\
\xe5N\xf5K\xbd/\xfb\xfb\x90!\x09\xff\x0f\xf1\xcb\xda\
t|\xe0\xc9\xdb\x9e\xda\xe7\x029\xafxO\xd1\x039\
=\x9f\x95Y\x8f=\x90Fm\xcft\xf7\xcb\x7f\x8f\xbb\
\xafM\x95\x9f\xb2A\xc0\xa3/\xb9A\x8a\x98K\xd5\xdf\
\xb4\xf3^\x94v\x02\xbe\x7f\x88ot\xff;\x1d\xfe\xa8\
\xe7\x1a\xeb\xf5olb\xc9X\x00\xe37@\x8c\x14P\
|x\xf9\xc3\x02\xf5\xc7A\x7f8\x90\x1b\xa5Q^\x05\
\x05hA\xe5\xa4\x8e\x81\x1d\xb4\x1efDH!\x0a\x9a\
\xa5\x80\x92A!\x03\xf7\xa0\x9b\x11\xbap.\xa6P\x8e\
\x0c\xf5\x07\x0a\x13\xfe\xc3\x86@\xcc\xa1\x0fw\x7f\xd8A\
\x1e\x0eq @l\xa1?\x84xD\x81\xec\x90/\x9f\
hbA\x92X\x1f&J\x11\x89E\x84\xe2\x15\x0fB\
E\xacXq\x8b\x04yb\x14\xc1\x88\x90..\x91\x8c\
\x0aa\xe0\x18\xd1\x98\x10 \x8a\x82\x8d\x0f1O'\xe0\
\x08\x91\x01\xbe\x91\x8eu,\xcf\x1c\xf1\x18\x91\xe3\xdc\x91\
\x8f}\xac\xcc\x1e\x01)\x11\xcd\x84\x82\x90\x1a\x01\xcb \
\x119\x91\xac\x1c\x92\x91\x1b\x91\xc9\x22!I\x11\x7f<\
r1\x01\x01\x00!\xf9\x04\x09\x03\x00\xff\x00,\x19\x00\
\x19\x00d\x00d\x00\x00\x08\xff\x00\xff\x09\x1cH\xb0\xa0\
\xc1\x83\x08\x13\x16\x5c\xe5O\xa1\xc3\x87\x10#J\x9ch\
\xf0\x94\xbfu\x0d)j\xdc\xc8\x91#C\x8c\xfc2v\
\x1cI\xb2\xe4?\x8b\x18S\x8a4\xc9\xb2\xa5\xc2\x8f\xfe\
B\x82\x5c\xe9\xb2\xa6K\x94\x17s\xaa\xb4\xc9\x93%L\
\x991s\x86\xecI\x94#N\x95Hs\x16]\x1a\xf1\
\xa7\xd0\xa73\x99JExT\xa7\xd5\xa4S\xb3\x0at\
:\xb3k\xd0\xa8Z\x99VMJ\xd6j\xd8\xa2\x5c\xbf\
\xaa\x05\xca\x96\xe6Y\x96c\xaf\xca-\xfb\xd6e\xda\xb6\
^\xf1\x06\xadk2n\xd9\xbfr\xf9\x8e\xbc\x0bum\
\xe1\xb6\x827\xfa\x9d\xcb\x18p\xe2\x89\x84\xf3\x1e\x9e\x0c\
\xf6\xb1\xc3\xc5\x8033\xb6\xfc\x92\xb2a\xc9\xa0\x0ds\
>\x88\xb9\xb1i\xcd\xa3\x09F\xfe\xccZ\xafk\xb7\x89\
\x05\x9d\x9e\xad\xd9q\xea_\xad=\xbf\x0e\x0dtP\xe2\
:\xdd\x10\x11\xccE\xbbxm\x7f\x81\x12\xc7\xe9\xc6\xee\
\xdb\x1f\x82\xb8w\xe7\xe6]\xd8\xb7`\xe0\xee\xb8\xb9\x0b\
>\xdc\xb8\xf7\xa4\xc9\x07\x0a\xff\x0f\xbb\xbc9;\xe6\xce\
\xa1O_/\xdd\xba\xc0]\xdd^i\xc5\xae\xbd[\xf6\
\xed\xe3\x05\x12?\xce\xdfjx\x81\xc1\xd8\xc7\x8d|R\
\x95\xf7\xcdy\xe6\xa1\xf7\xdc@\xbe\xb0\xa7[u\x04\xc1\
\x97 \x81E-w\x9f\x80\xdb]\x98\xdf?\xfb}g\
\xda\x7f\xff\x04xav\x14\xf2d \x82\x07\xa2\x87\xe2\
\x82\x025(\xdd\x8b9\xb9\xf7\x8f\x84)N\xd8\x93\x85\
\xf5\x8d\x98c}\x1bv\xd8_Y \x8a\xb8c\x86\x03\
\xdat\xa2\x8aH&\xd8\x1c\x8b\xff\xb8\xf8`h2\xd2\
\x88\xe2\x94\xf1\xb9\x84#\x91Xb\xa8e\x8f\x1e\xaa\x14\
\xa4\x96:\x12Y\xe2HG*Y\xe3\x99+\x12\xe4$\
u^E\x99$\x9aH\x8e\xb9\xd1\x95`\x0eY'~\
\xdd\xfd\x88\x1cABf\x19\xa6\x80rNT&\x9cf\
R\xb9\xa4\x9a\x0eb\xe4f\xa1oR\x19(Dt\xfe\
)\xa9\x9d\x5c\x1e\xf7\xe5\xa4~\xee\xf8\xa8B\x83\x1aJ\
\xe8\xa7L\xae\xc9\x9a\x8c\x012j*\x9c\x9b\x1e\x14\xa9\
\x9d\x98\xde\xc9\xdd@>\xca\xff\x05\x08A\xca\xb8\xda\xaa\
\x8e\xa9\x12\xd4i\xa3\xbc\x9e\x1a*k\x82\xf0\xd9\xeb\xa7\
\x9e\x9e\x97\xeb?\xabf\xaa\xac\xad<\xe6i\xd5\xac\x03\
\xd5z+\xab\xd4\xa6\x0a\xc7\xb0\xc5b\xfb\xe6\xaf@\x05\
;P\xa9\xc4j\xcb\xe8\xa3\xc92\xbbl\xab\x95\xfa\x03\
\xad@\xd2R{\xae\xbb\x80\x1at\xed\xa9\xd9\xd2;\xec\
\xaf\xde\x02(n\xb8\xf6\x96X\xee\xb4\xef.\xbbaA\
\xed\x06l.\xb3\x14\xee[/\xbf\x9f\x22\x04\xee\xc2\x10\
kK\xe0+\xf0\x02|\xb0\x8e\xb7\x1cT\xf0\xc5\x15w\
L *\x0a\x87|\xea,\x07=,2\xc3\xd9N\xdc\
\xb1\xc1\xd3f|\x10\xc7,\xaf,\xe0@ \xdbk3\
\xc3$\x0f\xe4\x06A}\xa0|\xf2\xc2\x05Q\x1c\xf3\xd0\
\x02\xba,\xd0\x22\xfe\xe4B\xd0\x1f07=\xe9A5\
\xfb|3\x8a9\x1f\x1d\xd4/<K\xad\xb5\xa7\x09\x09\
\xedt\xc7F\xff\x83\xb4JJ\x0f\xc4\xb4\xc5h\xef\xe8\
P\xd4\x11\xdf\x5c\xb5\xd8\x86a=P\xcfmo\x8d\x1e\
D^\xa7\x9di\xd8c\xcb\xffU\xb6@g\xcb\x9c\xb6\
Dl\xff\x8c\xde\xdbH\xbf&\xb7@t\x1b~*E\
y\x0b\xbe#\xdf\xb3\xfd\xfdO\xe0D?\xadQ\xe1S\
\x1fNP\xe2\x0f.\xfeO\xe3\x9d?\xceQ\xe41S\
\xde\x9f\xe5\x98\x7fM$I\x9c\xe3\xfcy\xa2Wg]\
7\xd7%\xa1\xce\xac\xea\x1e\xb2\xee\xfa\xcc,\xc5\xee)\
\xe2\xb4\xb7%:\xe9Z\xd7\xa4;\xc6\xb3\xeb\x99\x94\xef\
\x83\xdb\x94\xca\xb0\xc4\xc3H\xdd\xf1\xc9\xf7\xb4<7\xbc\
;\xef\xf7\xd2\x1c/5\xbd\x99\xd5?\xe9 \xf6@3\
\x15y\xf7]2\x06=\xb5Y\x8d\xffM\xf9l\x16\xef\
\x0f\xfao\x86E1\xfb\xdek\xf6\xfe\xebga\x12\xe8\
\xeag\xbd\xb8\xd9\xeen\x89\xe9[\xff\xbc\xf3\xbe\xc7\x0c\
\xd0~\x04|\x0a\xf6\x1c\xd8\xbe\x05b\xc4r\x96\x81\xa0\
\x06\xdb\xb2.\xceT\xf0\x83\xa1H\xcd@6h\xbe\xb6\
\x88B\x84\x04\xf9\xa0\x9eB\x88\xc2\x14\x16\xf0\x85O9\
a\x0b\x0b\xa2\xc2\xd9\xb0p\x864\x84a\x04e\x88C\
\x83\xd4\xb0,7\xec\xa1\x0fZu\x98\x1b\x1e\x0a\xf1 \
?\xccI\x10\x8f\x88D\x22\x9a\x90\x89\x0f\xa9\xe1\x12\xa1\
\x88\x10\x12\x1a\x91\x8a\x0ai\xdf\x14\xb1\x98\x10\xfb]\x91\
\x8b\x0e\xf1\xce\x16\xc1\x98E\x18}\x91\x8cQ\xd4\xcc\x18\
\xd1\x18\xc6\xd7\x9c\x91\x8d\x10a\xcc\x1a\xe1\x18\xc5'\xd2\
\xb1#V\x99\xe3\x1d\xe3\x18\x927\xeeq\x22\xfe\xd0c\
V\x02\x02\x00!\xf9\x04\x09\x03\x00\xff\x00,\x1a\x00\x1a\
\x00b\x00b\x00\x00\x08\xff\x00\xff\x09\x1cH\xb0\xa0\xc1\
\x83\x08\x13\x1a\xfc\xa4\xb0\xa1\xc3\x87\x10#J,\x98\x89\
\x9f\xbf\x89\x183j\xd4\xf8i\x9d?\x8f\x1bC\x8a\x1c\
)\xb0\xe2G\x7f\x16I\xaa\x5c\xe9\xb0\xe3I\x8f Y\
\xca\x9ci\xd2\xa3E\x9b\x17g\xea\x1c\xe9\x12\xe6\xcb\x93\
;\x83f\xect\x13\xe5\xc9\xa2)\x85*m\xe9\xb3\xe9\
\xcf\x98K\xa3\x16$z\xb4*N\x9cR\xb3\xfe\xeb\xf9\
\xb4\xabO\xadK\xa9^5:\x16iN\xb0:\xb9:\
]\xdb\x15\xedL\xb1d\xe3\x9a-{\xd6-O\xb6x\
\xbd\x02\xb5+\x12\xee\x5c\xb9V\x01\xf3\xdd\xa8Vo^\
\xb6\x831\xfa\x0d\xfc\xb7q\xd5\xc4\x11C\x1d6L\xf9\
+\xe4\x86\x8b\xe9j\x06L\xf7rB\xc9\x95CO\x86\
\xeay`f\xce\xa8\x1dwN\x1c\x87\x11A\xd0\xa3E\
\xcb\x1e\xfc\xa6\x1b;G\x02O\xabN\xcd\xb8\xb7\xdd8\
\xdd\xdcqs\xe7:\x97\xec\xd8\xc8?bB[\x9b\xdd\
7v\xb6q\xfb\xe2\xbdy\xb7\xeaKh\x81\x0bw\x17\
|x\xf1\xe3\xe0\xf1.\xff\x07\xdb\xfc\xb9m\xf3\xb7\xff\
M\xb7\xde\xbb\xbaU\xec`\xb5\x0f\xef\xce}\xfb\xf7\xe4\
\xf8_.Wf)ky\xe8\xce\x01\x88\x9et\xd4\x15\
x\xdd?\xc1\xd8\xa6IT\xf2\xd57\xdfv\xf4\xdd\x17\
\x9eh\xfb\xd1\xd7\x9fP\xff\x9d'\xe0\x86\xd1\xa9g`\
{\x9ca\x97`\x80\x0a\x06\xd5 }(Bh\xdf?\
\xc6\xe5wX\x85*\x0ew\xa1L\x19\x92h#z\x03\
z\xc8\x9e{\xeb\x88\xa8\xe1\x8f\xec,(S\x8a\x0f\x16\
\xe9\xe0\x91\x12\xba\xa8\xdf?\xca\x10y\xe4\x8c$\x01\x89\
#\x877\x02H\xe0\x8e!\x22(%\x95B\x8e\xe4\xe4\
\x971\x22\xc9\xe2\x840\xc1h\xa4\x93Pj\xb4\xe5\x9a\
U\x02y%\x88s\xf9\xd8\xe6\x9c]f\x04\xe6\x99a\
:\x99$\x85L\xdey\xa4\x85j\xce9%\x9b\x83\xa6\
\xb7\x1e\x9c\x1f\xc9Y\xe8\xa2\x00\xd6\x09\x91\x9f\x90\xe6\xb9\
b\x8b\x95\x99\xf9\xa7\xa4F\xa6\xd9\x10\xa1T2\xca\xe6\
\x9b\x9a)\xda\xe9\xa8@:\x9aP\xa4x\xa6z\xa9w\
c\x8a\xd7'\xa6\xab\xc6\xff\xaa\xa9A\x9c\xd6*(\x95\
\xa0\x92%\xaa\xad\x9e\x06\xa9\x10\xaa\xb1\x02\x1ba\xabK\
6\x09\xab\xb0\xdb\xcd\xfa\x0f\xaf\xa4\xde\xfa\xa9\x8e\x89j\
\xe9\xec\xb4\x85\x9aZ\xc9\xb1\xd8\xaaz\xa7.\x02\xb5h\
)\xb2\xda&k\x90%\xcd\xf6jn\xa7\xb7\x10\xe4\xcb\
\xae\xd4\x96\xcb\xa5A\xd7\x86+o\xb01rk\x90\xb1\
\xf3\x82\xfb\xe4\xb8\xee2Kh\xba\x06\x8dx\xae\xbft\
\xc2\x9b-\xbd\xf2rkJ.\x04\xe1\x8b\xf0\xc3\xc0j\
J.\xc1\x03;\x97\xae(\x16\xfd\x22\x90\xc0\xfd\xb6k\
\xab\xb5\x07\x83\xab\xb0O\x0c3\x12\xf2\xc9\xf2\x224\xb1\
\xc7\xd4\xd6\xf2\x0f\xc6Ui\xecH\xc7\x15\x9b\xabP\xbc\
\x10g;rW%\xa3\x9cs\xaa\x0e\xad\x5cs\xa7.\
\xc3L\x97\xcc4'-%D8\xeb\xdb\xdd\xcey\xf5\
\x9c\xaf\xcf\xddI$\xb4\xd2\xce\x15\xcd\x9e/\xff\xccL\
1\xcd\x185\x8d2\xd4\xa1I\xfd\xf3\xcf\x1a]\xcd\xab\
\xd6\x88\xe2\xc4\xb5\xd7,\xdb\xbc\x91\xd8\x09\xffc\x8a\x92\
f;\x1d\xe3Hj\x0b\xff\xca6\x8f\x80\xbd\x8d\xf5\xa2\
*\xd1\xbd*\xd9x\xffc\xf2\xd4@\xaf\xd47\x8e\x7f\
\x7fH\x97\xe0_\x9f7\x93\xe1\xdd\xa5{7\x99<+\
N\xb5p;=N\xcb\xcbXn\xdd\xf5\xe0B\xd1\xad\
\xb9\x92\x93\xe5\x9d\xedRB\x8fn\xb4\xe4\x1fRN\xad\
T\xf1\xae\xceyl\xae7.\x95%\xb2\x97\xdev\xe0\
\xa7\x13\xea\xd6\xe6\xac\x83\xd7\xbb\x83n\xcd.<\xe0f\
\xd9\x8e\xe3\xf1\xc9'\xdf{\xf3\xcf\xd3\xee\x98\xf4|\xed\
\xee\xfd:\x93\x08\xb4xb\xda\x0f\xaf\x1a$\x04\xe1\x06\
\xd9\xf7\xe1\x85_\x1aA\xe5Co\x15\xfa\xef\x17\xc4\xfe\
h\xee\xd7o\x7f\xf6;\xd2\xaf\xbfA\xf7\xf3J\xfe\xfe\
\x07@\xfe\xb5\xc7\x7f\x04<H\x00a2\xc0\x04*\xd0\
\x80WA\xa0\x03\x11r\xbf\x06N\x90\x82\x10\x94\xe0\x05\
\x13\xb2;\xf8l\xf0!\xf1\xb3\xe0\x07\x15\x12\x1e\x0f\x8e\
\x10\x22\x92\x13\xe1\x09\x1b\x22\x1a\x13\xae0\x22\xd4Q\xe1\
\x0b\x1db\x18\x17\xceP\x22\x9c\x91\xe1\x0dA\xd8\x14\x1b\
\xeep\x22d\xd1\xe1\x0f\x0aQ\xd8\xa3!\x92D\x88Z\
\x09\x08\x00!\xf9\x04\x09\x04\x00\xff\x00,\x1c\x00\x1c\x00\
^\x00^\x00\x00\x08\xff\x00\xff\x09\x1cH\xb0\xa0\xc1\x83\
\x08\x13\x1a<\xa5\xb0\xa1\xc3\x87\x10#J\xfcg\x8a\x9f\
\xbf\x89\x183j\x94xj\x9d?\x8f\x1bC\x8a\x0cY\
\xf1\xa3?\x8b#S\xaal\xd8\xd1\xa4G\x90+c\xc6\
,\xe9\xd1b\xcd\x8b2s\x86l\xf9\xd2\xa5I\x9d@\
'\xd2<i\xd2&\xd1\xa0HY\xf6\x5c\xea\x13f\xd2\
\xa7\x03\x87\x1a\x9dZ\x14'\xd4\xa4<\x9bj\xedy\x15\
\xa9\xd4\xaa7\xc3\x1e\xed\x9a3+\xd3\xb3Z\xc9\xce\xa4\
*\x96-\xd1\x9bjS\x9a\xddJ\x97i\x5c\x92n\xf3\
\x82};\xf6\xee\xc4\xb9h\x03\xd3\xf5+\xf1k\xdb\xbd\
z\xe1\x12\x1e\xa8\x08!\xe0\xba\x90\xd1.\xfe\xd7\x8d\x1d\
#\x83\x86\xf9&\xd6\x8c\xd8j\xdcn\xee\xb8\xb9k<\
\xf0\xb1\xe0\xd3\x90\xefV\xfe\xc6\xae\xf2e\x8a\x9bcw\
>\xac\x16\xb4h\xdb\xee\x18\x99\x8e\xcc[p\xd7\xd5\xad\
\xd9\xb1\xfeFO\xf6\xe1\xe3\x9ci?\xc5\xcd\xfc\x1d\xbd\
\xde\xd0Q/}\x94\x14\xb8u\xe1\xee\xea%\xdfn\x9c\
\xfb\xc7F\xd5C\xbb\xffc.\xbe\x9b\xf3\xe8\xe8\x03S\
Gz\x9du\xfb\xec\xde\x91w\xb7\x09\x9e}\xf9\xfb\xb7\
\xcb\x9f\x97\x9e\xbe)\xa4\xea\xc2\x05\xe7^\x80\xefi7\
\xdfl\xc9\xc9\xa3\x89}\xf958\x1e~\xe3\xed\xd7\x9f\
t\xf3\x88f\x09P\xed\x09\xa8a\x81\xf1u\xc8\x96<\
\x03.(\x13y\x0e\x92\xf8\xe0m\x12\xf2G\xa1\x83\x17\
\xae\x94\xe1\x8b\x04\xc6\xf8\x0d|\x07\x1e\x07\xe2\x86\xec\x88\
8\x92\x89<B\xd8\xdcs*\xd6U\xe1\x89D\xb6\x18\
\x12\x8c\x03&\x89c\x924\x22\x98\xd8\x8d0\xea\x98Q\
\x8f%\xfa\xe8c\x8a\xe9\x0dI\xa5;FN\x84\xe4\x92\
`rX#\x942\xe2(%D[\xa6i%\x8a@\
F\xa7\xe5\x9aEJ\xf4\xe5\x9ce\x8a\xe9\xe4Gd*\
\x19%\x9ap\xaaYe\x89X\x06\xf6\xe6\x9fD\xe2\xd6\
%Bt\xeaY\xe7\xa2L\x1a8[\x9ea.zf\
A\x9a\xf4i)\xa1<\x06\xea\xd2\xa0\x85^\xca\xa5B\
\x9bD\xaa\xe8\xa8\xa2\x0a\xc8K1\x09\x92\x9ahp\x93\
\x12T)\xa6\x9e\xfa\xff\x19\x8c@\xb94\xc5\xa9\x9f\x9d\
Z\x08j\xa9\xab\xbe\xe8\xce7\xb7\x10\xe4\xcb[\x90\xf6\
*\xa9B\xaf\xe6\xaa,\xae\xdd\xd0C\xcf2\x06\xfd\xf2\
\xd1\xad\xb1\xc2yhA\xa1\x1a\xab*\x81\xf3XT\x8c\
A\xbc\xd4S,\xa3\xbc\xc6\xd8\xea@\x96T\x0b\xebm\
\xf4\xf4\x94\x0bA\xc1\x98\xb7\xee\xb2\x9e^KP\xb6\xe4\
\xf6\xdamU\xbe\x08\xb4\x8b\xb6\xe5*z\xae@\xe9\xce\
\x9bf\xbbZ\xe5\xb2\x0c\xb3\xea*k\xef@\xf8n\xab\
\xea\xbeb\xe5S\x0e\xc0\x18\x9b\xabP\xc1\xf4b\x8a0\
Z\xe74\xcc\xf0\x9f\x0eE\x1cpk\x14o\x07\xcf\xc9\
\x19'\x09\x11\xc7\xcc~\x0cY\xc8\x06\x8b\x8c\x9fD&\
\xcf\x99\xf2f+\xb7\x1c0F0\xf7)3\x7f4w\
l4\x95\x1a\xe5\x5c\xe7\xcewz\xd4s\xbeP\x8f\x1a\
R\xd0%\x0e\x8d^\xd1#w<\x92\xd2\xee1-\xdf\
^OK\xfcsJT\x8fgu\x90=ams\x83\
1i\xb2\xa1\xd7\x1e\x82\xcd2\xa39\xc1|\xf6\x84&\
\xa9]3\xdb:\xb9\xd2\xdd\x0d\xdc5\xf2\x15\xf6\xdc\xdf\
 e\xc9\xddh\xd3\xa5\xf7\xd1\xa1%\x95I\xe0\xdd\x0d\
\x9e\xa8\xe3\x89W\xee\xcf\xe2H#\x85\x09\xe4M\x0b>\
vP\x99X.\xfa\xe5\x97&\xb5y\xe7\x9c\x8b%\xb9\
\x8cP\xe1=\xbaG\x987~U\xdc_\xd7\xfeV'\
\x8e,\xa9\x96\xeb\x13~\x22\x90\x227\xc7E\xfb\xf0l\
uB\x10#\x02\x12\xc6\xbb\x8a\xbe\x17\x04<7\x93\x11\
\x8f\xfaG\xc6\x1f\xf4Z\xf4\xaf\xd7\xd5\xfcd\x0dI_\
{\xf5\xdc;\xb4|S\xdb\x87/~\xea\xb7\x9b/\xd1\
\xf8\xeb\x94\xaf\xfeC\xde\xbf\x95\xc9\xfb\x18\xb9\xee>\xfd\
\x10y??\xfe\x19\xa5w?\xff\x11\xa1\xdd\xfe\x00\xa8\
\x91\xde\xfc\x8f\x80\xebK\xcc\x00\x11\xb8\x91\xba\x80\x8f\x81\
!I\xce\x02!\x18\xc1\xa5<\x90\x82\x22\x91\x1f\x06c\
B\xbd\x0d\xcad\x82\x8b\x09\x08\x00!\xf9\x04\x09\x03\x00\
\xff\x00,\x1f\x00\x1f\x00X\x00X\x00\x00\x08\xff\x00\xff\
\x09\x1cH\xb0\xa0\xc1\x83\x08\x13\x16\xb4\xe6O\xa1\xc3\x87\
\x10#JT\x18\xcd\xdf\xba\x86\x133j\xdc\xf8\x90\xe1\
E~\x189\x8a\x1c9\xb1\xe2\xc5\x93!I\xaa\x5cI\
\xd0\xa3?\x90\x1fS\xb2\x9c\xc9\xd1\xa4\xc5\x9b(i\xea\
\xd4\xe8\x12\xe6\xcb\x9b w\x0a}h\x13\xa5\xd1\x9bC\
\x93\x1a\xec\x09\xb4iL\xa5P\x8b\xe2\x9cz\x14\xeaP\
\xa61\xb3\xfe|j\x95\xa6\xd4\xa3`\xa7ve\x89u\
\xabY\x9fhe\x8e%\xb8\x0d\xe2W\xaap\xc3\xae5\
\xd8\x8d\x1d7\x87e\xd3j\xd5\xfbs\xee\xc0n\xee\xb8\
\xb9k\x8b\xf0m\xd8\xc3p\xfd\xd6\xfd\xc6\xae\xee\xdd\xa5\
N\xcfF\xe6\x9bv-`\xc1\x97\x07\x174\x1c\xb73\
\xe2\xae\x8b\x1b\xb3c\xecx`\xde\xc9\xa8\xf76\x85\x9a\
\xb9u`\xcd\x9c\x11\xcb\xee\x9c4\xb4\xed\xd1\x8d\xdf\xe5\
K-Y\xb5o\xc9B]c~\xdd\xed\x9d=\xcf\xc8\
g\x7f\xa6y\x9b4\xee\xe2\xbb\x7fS\xe6=\x9d\xebJ\
\xe1\xee\x5c\xcbK\xce]9m\x95\xcdE;\xff\xff\xe6\
\xae^\xef\xf3\xd5\xd1G\xbeN\xbc\xfdp\xcc\xef\xe8u\
\x9f\xef\xfd\xfa\xf3\xfb\xe3\xc5\x97W/\x9d\xfaz\xf0\xee\
e\x17`k\xf1\xd1g`U\xe0\xe1'\xde\x82\xcd\xed\
\x97\xde\x83\xbc\xb1\xf7\x9e\x80\x13bW\x9c|\xdee(\
V\x82\xf9\x85\xe7\xe1h\x0e\xfa\xd7\x9fV\x12Rh\xa2\
\x85\x03\x16\xa8\xa1w\xe6dC\xd2\x87\x1d*\xd8\xa0y\
\x10\x8e\xe8\x0f<\x8d]#\x12\x8a\x15\x0e\x98\x22\x86\x07\
\xc2e\x0e\x85.j\x04#\x832&I\x1e\x8d\x22\x9e\
\x87\xa3m:N\xc4\xe3\x89>\xf6\x08\x1f\x90+\xde4\
\xa4pEBt\xe4\x97J\xea\xc7\xa4\x8d>=)c\
\x94\x0fec%\x95kNya\x90[V\xd9\xa5C\
\xd5\x80\x19\xe3\x9dH.\xc9\x9fYf\xe2\xd9\x0d\x9a\x0e\
\xa9\xc9\xe6\xa0n\xfe8_\x9cm\x066\xa7Bu\x86\
i\xe7\x82C\x8e\xc7K1{\xf6\x99'\x83\x80*$\
h\xa1\x89\x0av\x8e?\xf4\x90sY0\x02\xe5\x82\x1c\
\xa2\x84\xba\x97iB\x8d\xfa\xe9(n\xf0\xfc\xffT\x8f\
;\xdf\xdcB\x90/N^\xfa\xe5\xaa\x08mZe\xaa\
\x9eNE\xcf2\x06\xfd\x22$\xb0\xc0\xf2zP\xab\xba\
\x86\x19kZ\xc5\x18\xe4\xcc\x9876\xeb*i\xca\x1a\
\xe4k\xa7&~\x1aV.\x04)\xf3\xe6E\xa8r\xca\
f\xb6\x051\xfb\xe8\xb3\xa8\xf9\x22P0\x8b\xedg\xe9\
\xa3\x1e\xa2K\xd0\xb6\xc8z\x8b\x1c1\xce\x10X\x0e\xb2\
\xe6^f\xef@\xea\x86\xf9iz\xf9\xbcC\xef\xab~\
\x0e,\x10\xbe\xd8\xe9\x8b\x98=\x0a\xff\x1a\xb0\xc5\x819\
\xfcO\xc1\xf9\x1d\xcc[\xc2\x0b_km\x8e\x11A\xfc\
\x9a\xc4\x9e\xd5s1\xb7\x9cJ\xc41;\x1e\x8f8\x8f\
\xc8![\x9b\x11\xbe(+G\xcf\xca\x00W\xb9\x11\xb3\
1\xef\x09\xd3\xcc#\xd7\xdc\x9cH\x82\xe6L\xdf\xce\x18\
\xb3\xec\xf3H\xd5\x04]\xe3VD\x1b\xcd\xf0JA\x82\
\xc5\xb4\xd3\x5c\xaf\xb4\xce\xd4\xd5U\xcdp\xd1\xa3a\x9d\
\xa5l[\xf7\xdc\xa9\xd7`\x8b(6\xcdJ\x9a\x9du\
ri\xf3|\x19\xdbM\xb6\xbd\xce\xdbd\x8f\xa2'\xf7\
\xd9K\xdb\x1d\x18\xded\xe6\xed\x14\xdfv\xce4\xf7\xd9\
u7\xad\x93\xd0\x86\xfb\x86x\xdc;-~`\xe3V\
&\x05y\xe1\xaaY\xf3\x0f76+e\xb9w\xd1\x0c\
\xb4\xcd\xd3Pm\xae:H\x9e\x13\x04\xfa\xd1c\x8d\xde\
Y\xe9\x06\x9d\xfe\x9e_\xab\xfb\xd7\xfaA\xaf\x97\xed\xd7\
?\xb2\xa3D{B\xb6\xff>P\xee\x9dC\xf4\x98\xf1\
\x02\xc9><\xf3\x13!\xff\xd3\xee\xd0g4\xf7\xf3\xd5\
[\xdf6\xf5\xd9kd \xf6\xdd{\x0f!\xf7\xe1o\
\xc4\x1d\xf8\xe5\x9b?\x1d\xf9\xe9s4{\xfb\x8a\xa7\xc5\
>\xfc\x22M\x85>\xfd#M\x8f\x7f\xe5\xf7\xff\x1e\x10\
\x00!\xf9\x04\x09\x03\x00\xff\x00,!\x00!\x00T\x00\
T\x00\x00\x08\xff\x00\xff\x09\x1cH\xb0\xa0\xc1\x83\x08\x13\
\x1a|\xa6\xb0\xa1\xc3\x87\x10#\x1e\x84\xb6\xce\x9f\xc4\x8b\
\x183*|V\x91\x9fE\x8d CB\xa4\xe8\xafb\
E\x91(S\x12\xe4\xe8\xcfc\xc7\x8f*cf$i\
\xb2\xa4M\x998#\xb2t\xd9\xd2\xa6\xc7\x9c@\x13\xd2\
\xb4Y\xb3f\xd0\xa3\x03w\xfa\x5c\xfa\x12\xe9\xc3n\xee\
.\x0e-J\xb4\xaaS\x85\xdd\xd8}c\xa7\xf3\xa5\xd7\
\x9e_\x7f^5\x08\x95\x9b;\xa8\x0f\xa7V\xa5Ju\
,\xc1\xac[\xe1r\xdd\x18\x96)\xd8\xbbb\xc7\x96=\
\xeb\xce,Z\x84j\xd9\xae\x1d\xacW+;\xb9r\x0f\
*\xad\xcb\x18/\xcc\xa0{#\xf7\xe5[0\xf0`\xc1\
\x82\x8f\x226\xbcyk\xd2\xc6<C\xdb\x15\x0dT\xb2\
\xdf\xc9\x92\xe3X\xc6|\xb95\xce\xce\x879\xcb\x16\x87\
\x0f\xf4\xe8\xdbuc\x9a\xe6{\xfat7}\xac\x83\xb7\
\xce\x8c\x12\xb6qv\xb4m+w\x9c;\xe4\xee\xe7g\
\x81\x0f\x9f.\x9cx\xc6\xe3qg\xd7f\xce]\xf4r\
\xd2\x18\xa1\xf7\xff\xe6\xfb\xbb:\xf5\xf3\xd6!b\x8f\x9d\
\xfd\x9b\xbbz\xddq\xc7\xff.Q<\xef\xfb\xdd\xde\xd1\
C\xcf\xdf\xfc\xba\xfa\xb2\xb5\xc7\xde\x80p\xbd7\xdf\x81\
\xdeuW\x1fj\x0c\x8e\xf7\x9c~\xfdE\xc8\x16\x80\x02\
\xae\xd7\x99\x81\x09f(_\x86\x0b:\xd8 ~\x1f\xe6\
\xb7\x9f\x7f\x12\x96D!\x81\x01\xa2X\xa1V\xee\xec\xa7\
\xe1w\xa3u\x08\xa2\x874\xe2\xf7\xce<%V'\xd1\
-)Z\xd8c\x80\xe2\xb8\xb8\xe1\x90\x1daT\xcb\x8c\
H\xda\x17\xd9\x8d9^FGF<\xae(\xa5\x8a*\
\x06\x89\xe0\x86\xea\x0c\xa3\xd1\x91J\x86\xe8\xa5_L\x92\
\xc8\x96:P\xed\xa2Q\x94T\xfa\xf8\x8d:\xf5\xb8\xd3\
\x9e\x95/v\x97\x8e\x5cZf\xc4\xe5\x97I\xf6\x15O\
E\xf4\x90\xb3$\x8eb\x96D&\x83fB\xf9\xe3\x94\
p\xa9\xf3R\x9b\xed\xf1\xf2\xcb\x95\x1d\xcd\x99b\x9d\x18\
\xd1\x92'\x8d{V\xd5gY\xc1\x08$K\x7f\x83z\
X(Fh\xaa\xa9\xa8c\x8c\x8e\xfaO.\x08J:\
%\xa5\x17Y\xff\xda%7\x99\x0aF\x8f3\x06\xb1\x1a\
\x5c\xa8y\xaa\xba\xe3\xa1\xec\x9d\xaa\xe1/\x06-#d\
X\xae\xa6i\x18\xac\x12\xc9\xfae\xad\xd3\xe5B\x902\
\xf9\x01\xba\x16\xaf]\xfa\x1aQ\xa9\x01\x0a;d/\x02\
\x05\x03\x17\x9c>%\xab&;\xccF\xe4lo\xd0\x9a\
\x97\x8b3\x7f\x12\x85-\x9e\x92i\x0b\x11\xb7k\xc2X\
Q>\xeft\x06\xa7\xb9\xc0\xc2\x96.D\xeb\xb6{\x9e\
=\xfd\x86x\xe3\xbc5B'\xcc\x99Zy\xbb\x1c\xbf\
\xd8\x81s\xeez\x03?D\x8b\xc1\xc2!<\xeb\xa5 \
C\xf50Fw\xe8\xeb\x0f\xc5\x01\xa7\x8c\xe8\xa4\x18\x05\
\xea\x8d9\x1f\xc7L\xaf;#Cd\xb2G\xf1\xa8\xac\
\xec\xcaRJ\x14hM\xea\x84<s\xc3\x0d\xfa\x0c\xa9\
c9\xf3\xbc\xf3\xd2p\x19\xfdsUA\xcbL4\x8d\
F\xc7i\xb5?I3\xadsgN7IU\xd4C\
\x0b\xdd[\xd5D^\x99\xf5\xc5*w\xfd4k`O\
-\xf6EG_\xfd\xd2\xd9[\x1f\x9a\x91\xd7\xe7\xb5-\
\xf6\x8c \xc5\x88]6\xceu\xf7\x1c\x12\xde\xc2\xe9-\
uJ~\xc3H\xb7\xd2M\xabD\xf8t\x86\x0f\x8dS\
\xe2\x08\x82\x1b8P\x8f\xb3e\xcc@o\x07Ey\x86\
\xe0\x12\x946R\x99\x97\xb4\xb9A\x97\x8e\xf5\xb9O\xa1\
\x1fd\xb7[\x84\x9f\x9e\x10\xdfn\x09\xf4y\xeb\x0a\x05\
X;A9\xca\xee\x10o\xbb\x17\x147\xee\x0fi\x15\
\xbcA\xfd\xf9~\xfc\xe0V\x13\xbf\xfc\xe0\xc1)\xff\xbc\
H\xdd9?=\xf5\x9a_\x9f\x13^\xd6k\x8f\x12Q\
\xd2{\xef8?\xdd\x8b\x9fR\xf8\xcf\x07\x04\x00!\xf9\
\x04\x09\x04\x00\xff\x00,$\x00$\x00N\x00N\x00\x00\
\x08\xff\x00\xff\x09\x1cH\xb0\xa0\xc1\x83\x08\x13\x1a\xf4\xa7\
\xb0\xa1\xc3\x87\x10#\xfe\xf3\xc7\x8f\xa1\xc4\x8b\x183\x0e\
\xf4\xb7\x8e\xa3E\x8d \x09v\x0b\x16rb\xc5\x8e\x15\
K\x86\xec\xe6\x8e\x1bI\x8d\x1e;\xca\xfc\xa8Rb7\
v\xdf\xd8\x8d\xccH\xd1\xe3\xc9\x9e5m\xb6t\xc7\xd2\
\xe5\xc5\x98Hg\x06}x3gS\x9d/\x1f\xf6D\
\xe9\xb3\xeaR\x85E\x89\x0e-\x1aUa\xd2\xafJ\xaf\
\x1a|J\x16'\xd4\x86S\xd3\xfe\x5cKSl\xd6\xb7\
[[v-\x08\xb6nX\xb7f\xcb:\xcd;W\xa0\
\xda\xaaT\x03\x03\xbd\x0a\x97\x9bV\xc3\x85\xe7\xda]|\
W\xa5^\x9dy#;\x8d\xfaW0[\xcbm5\x16\
>\xcc9q\x1b\xc6\xa0\x1bg|LZ2\xbbt\x95\
S_\xfe\x0br\xb3\xeb\xb8\x86\xd1\x85\x9e-\x1ab\xe9\
\xbd\xb8!\xe7D\xbd\xba7`\xd5\xfe\xdc\x08E\x0c\xbb\
sq\xd43\x93\xd3^\x8c\xc6\xb6\xe9\xdb\xbaO\x03\xc7\
L\x1d\xb8\xf0\x86\xaf\x89k\xe7\x8c|\xb9\xf2\xefu\x9b\
'\xff\x84\x0e\x9d\xf7o\xdf\xd5\xd1\xf7\xbc>\xb6xv\
\xee\xde\xe3\x83\x17/\xf2\xb9\xfd\xdc\xb2\xd5\xeb?\xcf\x9f\
j\xc1\xf7\x00\xbe3\x8f|\x04\xce\xe4K}\xb9\x91'\
\x99;\xf4L\xe7\xe0~T\xfd\x22\x92{\x14n\xf7\x96\
\x80\x05\xc6w`A\x09\xde\x17\x9d^\x0c>\xd8\x9f\x88\
\x12\x1e\x04`\x85\x9da\x08\xde\x8a\x1a*\xd4\xe1\x8b\x1f\
.\xd8 \x84\x22F\xe8\xd0\x89\x16\xbe\x13\x0f9\x17\x0e\
\xc8\xe2\x8f\x8bm\xe8\x10\x8c\xa4\x91\x83\x8f?\xf5\xb8\x83\
[\x884\xeeW\xa2m(^\xd8`G\xf4\xf0\xb8\x95\
\x8a\x19\x1a\x88\x11\x91y\x19YU\x92K\xce8\xa2\x93\
\x9aE\xf9\xce\x94HU\xd9c\x96\xfe\x08\x99\x11\x91^\
b\x06\xa6n\xce\xfcR\xe3_O\xb6\xe6\xde\x99\x8b\xcd\
s\xd82\x02\xc9B =}\xd4\x94`\x9c\xc0\xd1\xa3\
\xa40\x04\xe5rgE\xf5\x8c\xf3MPR\xce6\x8f\
3\x06\xf9\xb2\x1c=\xef \x16\x94S\x88\x92Y\x903\
b\xa6\x87\xa4\xa4\xbaQ\xca'\x90\xca\xe5B\xd02\xdd\
`\xff\xc9\x22\xa7\x16\xd6T\xc7\x91\xa6b\xd6\x8b@\xca\
4\xc5$\x7f\x91\xbe\xa8R3\x19\xe6\xe2\xcc\x9a\xe0\xd1\
j\x9c\xa7 A3\xe6\x88\xf9\xbc\x03b\xa9=\x05\x1b\
#n\x1a\x11\xcbj]\xf6H\xbb\xa7\x8f\x1e)\x0b \
F\xce\xe6\x9aZ\xb4\xb7\xfdj\xad\x82\x93F\xa4-\x81\
\xdd\x068\xa0\xb8Qn\x05Q\xb9\x8fz\x84\xae\x87\xbe\
\xca\x83*\xbb\xa96\xf4\xee\xb6\xca\xc5[\xaf\x85\x07w\
\xa6\x10\xbeM\xea+-\xbf\x10s\x89\xedA\x03\xc7g\
0\xc2\x18/\xab\xb1k\x061\xfc\xace\xe8\x00,r\
\xc4\x04UL0R\xde\x98\x931\x8e\x1bWH\x90\xc7\
\xe6\xae\xb6\xaf\xc4\xd7\xd6|\x1b]'\x03\x99\xf2\xca\x09\
\xe3xP\xbe\xd5\xcdls\xc4C\xb7\xfbs\xce\x8b\xed\
\xdc2\xcfL\xa3\xd5p\xd0\x0f\xd3<\xb2\xd1^!\xcd\
\xa2\xd2,\xfb\x0c\x11\xd0\xe7F]\xf4\xd7M\x1deu\
]X\xf7\xec2F\x5c\xcb\xec\xf5\xd4\x01\xf346x\
e3\xbdlIi\xff\xf6\x8f.l\x87\xad\x12\x9b\x1d\
\x0d`\xa4\x8c\xdc\x85-Uw\xdf\x04\xe1M\xb4\xde\x82\
\xbf\x9d\xd9?\x7f/}\x98X~=\xbd\xb8@\x86K\
\x0c\xf9FH7\xd4xv\x97\x13t\xe7C\x95_\xdb\
9\xce\xa0E\xb49l\xa3/\xa4\xdeE\xa1#\x9e\xba\
\xe7,ft:7\xaf#\x94\x1aH\x95\xd7\x9e\xd0W\
%\xfd\xad\xbbW?\xfd^\xbbG\xc2\xeb>y\xf1\x03\
\x05\x04\x00!\xf9\x04\x09\x03\x00\xff\x00,$\x00$\x00\
N\x00N\x00\x00\x08\xff\x00\xff\x09\x1cH\xb0\xa0\xc1\x82\
\xdd\x0e*\x5c\xc8\xb0\xa1\xc3\x87\x06\xbb\xb1\xfb\x06\xb1\xa2\
\xc5\x8b\x0e\xbb\xb9\xe3\xe6.!\xc6\x8f !J\xfc\xc6\
ndH\x81\xcc\xfc\x9d\x5c\xa9\x91c\xcb\x8e!\x7f\xf9\
[\xa7r\xe5\xc7\x91%'\xe6\xa4\x881%M~5\
mV|It#L\x8b2i*\x0d*\xb4!\xce\
\xa7:MB\xf4\xe9\x0f\xe8O\xa6M\x0f\x16ui\x94\
\xe8Cd3\xc3.\xa5\x99U!T\x92gw6|\
\x16\xd6j\xd5\xb6X\xcbn\xed\xd8\xb5\xae\xcb\x85`\xc7\
\x8a\xdd[v`\xda\xbfQ'\x1ed{\xb5\xf0\xdb\xab\
}\xe7*\xb6{t`\xde\xbdz\xf5f\x05\x8c6p\
\xe5\xcb\x03\x09\x1f\xde\xec\xb6s\xdc\x9b\x8c\x17s\x1d\xdd\
\xb1\xce\xe3\xc8\x90S\xb3\xb4\xbc\xb35\xe5\x92\xe4\xec\xc1\
5\xec\x99\xf6g\x91\xa1s\x93&\xfa\x8e^j\xd4\xc0\
\xc3\xded\xfd\xfao\xec\xd9\x9c\x91\xd7~{Q4\xdd\
\xdd\xa1{\xff\x9e\x1e|\xe9P\xe2\xd8/\xbb>n\xbb\
{r\xdb\x0f\x9d\x8b\xff\xef*\xbd:\xf5\xf34\xd10\
,\x9e};>\xe5\xf0\xbd/\x07\xea\xc6\xac\xee\xe7\xf8\
\x15\x97G\xcf\xdf\xbcz\x84\xed\xb1\x87\x169\xef\xc9\x17\
\xdfw\x08\xd2W\x903\xd05\x98\x1fy\xbe\x99'a\
\x7fa\xfd7\x902\x02\xba\x16\x15\x81\x07\xce\xd7\xe1\x87\
\xf5\x11\xc4\xe0\x83\x0e\x16\x15\x0f\x85\x13\xa6(\x5cA\x18\
\x06\xa8\x13:\xee\x5c\xe6\x8eo\x1e\x1ah#\x82\x0a\x8d\
\xe8\x5c:\xfe\xd0C\x0eo\xf3\xa0(dp\x0c\xb5\xa8\
\x1dN<\x02UO\x8c;\xcd\x98\xe0\x877\xba\xe5\x90\
\x8e\x8c\xf1\xb8\x94\x8f@\x0e\xa9%Y\x0f\x19\xd9Z\x92\
p-)#\x8dP>\xe9\x9dETrdejX\
\x92\x17\xa4\x8ap\xdeV$\x92O\xd2\xc3\xe4HN\xd6\
h&\x8e\x1f\x8d\xb8fp\xf3\xe4\xf7\xce\x9b[Nw\
\x922`\x1ah\xe7e\xce\xc8\xa4\xe7\xa3+\x86t\x87\
\x90\x81\xb6\xb4\x8c@\xb2\x14*\xd9J{z\xb6\xa80\
\x04\xe5\xd2\xe9\x816\x15:\x8f3\x06\x89\x1a\xa7u\x9c\
Bj\xdb/\x069\xffCf\x94\x91\x86\xa4iX\xb2\
\x10\xb4L7\x83jY\xaa\xabO\xe6\x22\x900x\xce\
\xbag\xa9\xabN\x97\x8b3YN\x88\x8e2'\x8dz\
c>\xef\x9c\x95\xe7\x81\xe9\x94\x14\x0cH\xb7\xea\x85O\
\xb5\xd1\x11\x8a\x1a\x8c-A{\x91\xb4{RK\xd9\xb5\
\x86e\xfb\xd4\xb6\x15u\xbb\xd7\xb7\xe2\xf5\xaa\x17\xb9v\
\x99\xeb\x10\xbaz\xaa\xeb\xe27\xec\xfa\xe3.q\xf02\
$\xefR\xf4\xde\xd7\xac?\xf86\xa8\xefA\xfc\x1e\xe8\
\xef\x91\xd9990\xc5h\x15\x5c\xd0\xc1a%\x5cb\
t\xe7\x90H\xe2\xc3\x02E\xec\xdd\xc4\x1ab\x9c\xf2\xca\
\xef\x1a\xc4\xb1\xc7\x22\x8f\xf7\xf1h$\xffc\xf2f(\
g\xa83\xc1.'\xab\x94<2\xc7\xac\xb0n\x10\x03\
[[<*\xef\x9c\xb4e\x0bu\x1bO\xd0P\x13m\
\xb0\xd1\xb3!\xcd\xf2\xbfWc\xb6\xaf\xcf3==\xf4\
\xccBs\x13/\xd5\x85Y\xadt\xd6jY\xe4t\xd4\
`\xb7\xf4\xd1\xcdV\x99\x8d\xb5\x80\xb6r\xbd\x8e\xd7m\
\x7f\xddj\x99\x9e\x09c\xbb\xf4\xdfis\x9a\xac\xb0\x02\
\xb1MbV\x11\x13>\x10\xe0\x94\xf5%\xa4\xe2\x04\x19\
\xeev_6C\x0ayA\x8c3My\xc9\xe6]\x1e\
\xd1\xd7\xcfmNP\xb0\x0fe\xce\x93\xe8\x03);\x94\
\xde\xa8o\xdc\xf7E\x7f\xb7\x0e\xf1R\x9e\x87'\xb5\xec\
.\x03U;D\x18\xe3\xde\xf4\xee\xab\x8f\xe6\xbb\xecZ\
\x0f\xdf\xfa\xe4\xc6\x13\xdfT@\x00\x00!\xf9\x04\x09\x03\
\x00\xff\x00,!\x00!\x00T\x00T\x00\x00\x08\xff\x00\
\xff\x09\x1cH\xb0\xa0\xc1\x83\x04i!\x5c\xc8\xb0\xa1\xc3\
\x87\x10\x0bvs7+\xa2\xc5\x8b\x18!vc\xf7\x8d\
\x9d\xc2\x8c C^\x9c\xc8\xcd\xdd\xc4\x8a\x22S\xaa4\
\xb8\xb1cK\x8f+c\xa6$i\xd2]\xc9\x932s\
\x8e\xe4\xc8\xee\xe5\xcb\x8f:\x83.\xa4I\xd4fM\x94\
B\x93\x0e\xf4\xc9\x93iG\xa0J\x83\x16\xbdi\xb4(\
R\x88\xeb\xfcEm\xe8\xb4g\xd3\xafO#f\xe5\xa7\
u\xeb\xc1\xa95\xa9\xaa=\xfa0\xab\xdb\xb2f\x97\x82\
\xf5\xear\xee\xcf\x86c\xfd\xe5\x8d+\x10\xad\xdf\xaa\x80\
\xaf\x16|K\x18n\xd4\xae\x88\xed\xf2\x84:0\xafc\
\x7fd\xb7\xfe];\x99-\xc1\xc2\x98\x0d\xebL\x5c\xb7\
3\xdd\xcfw\x05>&;Zs\xcc\xca\xa8\x01S\x9d\
\x85'\xb3k\xd33\x15{\xe6\x0c\x9a\xa3\xba\xd2\xb8!\
\xc3\x06\x99\x9a\xb2\xea\xb4i\xe3\xbd\x1e\xbe{\xe7l\xd9\
\xb5\x8f\x7f\xbb\xad;7\xe9\xe6\xbag\xfe\xee\x0d|\xaa\
p\xbd\xd8\x89g\x0eI\xbb\xbbl\xe6\xcf\xc3c\xff\x17\
_:#\xf5\xf36\xafk\xcf\xce\xbe0F\xe4\xde\x95\
\x83\x1fO\xdfy\xfd\xe8\x17\xabO\xdf\xef\x9b\x9b\xfa\xf6\
\x00\xae\xf7\xd6{\xca%g`K\xf3\xd9\xa7 t\x91\
\xe5\xf7W7\xe4\xf4\xf6\x9f\x80\x01V\x98\x15\x81\xb5\x89\
\x83O=\xee\x14\x88\xe0\x82\xe41x\x9fx\x18\xe9\xd7\
\x8d>Y\xd1\x13!\x7f\x13Z\xe8\x22\x85\x18n\xa4a\
^\x1c\xca\x07\xe2\x888\xdaW\xe2D'\x16\xa6\xa2u\
\x14\x06\xf9bq\x0b\xb13\xa3\x885\xd2\x15\x0e=\x22\
\xde\xe8$\x83\xbf\x5c\x14\x07\x8a\x15\xfeX\xd5;\xf3\x0c\
)\xa4v\xc9`\xf4\x8c}\xf4tH\x97;L\x86h\
f\x8eMB\x89\x114\xeb\xcdS\x1d\x96Z\xc69\x5c\
\x97\x17}\x99\xa6xavF\xe6\x9dh\x9e9Z\x94\
\x17\xb1)\xa7?n\x12\x05\xe7\x96r\xd2i\x91\x9d~\
\x8a\x98']\xce\xfc\xc2\xe7\x93\xe1\x01j\x91\xa0\x88\x16\
j\xd32\x02\xc92\xa8\x80\x8aF\xc4h\x9f8\xe6)\
\x0cA\xb9L\xaaj\xa5k\x22Z\xd8<\xce\x18\xff\xe4\
\xcb\xa7\x16\x86\x0a\xd1\xa8\x94\xd2g\xe9@\xce\x94I\xaa\
s\xbbB\x84)\xad\x99\xc9B\xd02\xdd\x1cJ\xac^\
\xb6>\x84\xeb\xaa\xa4\xe6\x22\x902-\xed\xd9\xa8\x99\xbe\
\xb4\xba,q\xb28ch\x96[\x1a\xe3e\xae\x0b\xe6\
\xf3\x8eS\xd6\xfe\x0aY\xb6\x81\xba:\xa4=\xe7N\xa7\
\xacv\xe2\xd6I\xae\xaa\xe6r\x96\xaes\xec^\xea.\
q\xf0\xa26o\x80\xf5.zo\xa3\xf9\xc2\xc7\xd1\xbe\
\x0c\xdaSG\xbb\xdb\xba\x180\x7fo\x82\xdb\xde=\xe0\
\xb8\x83\x11\xb4O&\xec!X\x0c\xf3cO8<m\
\xfc/\x80\x13\xf7\xa7\xdfM\xf3b\x0c\xd8\xc6\xd7\xaa\xeb\
\xf1\x81\xb2Y;\xf2\x5c&G\x9cU\xca+\xf7\xfc\xad\
\xcb\xbe\xc1\xacn\x883\xc7\x97\x9c;$\x17\x983\xa2\
<\xa3\xa7\xf2_Bw|\xae\xc2\x1fW\xfd\xd9\xd2q\
\xe2\x13\xef\xd3\x14;]S\xd4\xab\xeaS\x0e\xd54[\
\xedTF\xb4\x8e\xe3s\xd7l\xf7\x17\x12\xc7\x90\x89M\
\xb6\xd1\x9c\xa5\x94\xf6\xda\x5c\xe7\x9d\xd6Jp\xf3~#\
\xb7\xd9s\x83%\xd3\xdd^\xf7\xa6S\xdf\xff\xd4\x128\
\xe0\xdf\x08%\xe7@\xb4\xe0-\xf9TJ\xadZ\x90\xe2\
\x8c\x97\xbd\xd5\x8b\x07E^\xb8jq\xdd\xb9\x10\xe6e\
k\xceW\x80\x0dy\xde\xf6\xca|\x0d\xc4\xe0C\xa4\xd3\
\xcdQ\xeb\x04e\x17\x91\xeaz\x93D{A\x90]\x14\
;\xd5\xbb\xaf\x84;\xde\xc1\xc7\xf4\xbbr\xc5\xcb4<\
\xe5\xc9\xcbt<]\xcd\xeb\xb4\xbcM\xd1\x07u|\xf5\
B\xe1\x8e}R\x98o\xaf\x14c2\x05\x04\x00!\xf9\
\x04\x09\x04\x00\xff\x00,\x1f\x00\x1f\x00X\x00X\x00\x00\
\x08\xff\x00\xff\x09\x1cH\xb0\xa0\xc1\x83\x08\xbb]C\xc8\
\xb0\xa1\xc3\x87\x10#&t\xc7m\xa1\xc4\x8b\x183^\
\xec\xc6\xee\x1b;\x85\x1aC\x8a\x14\xd9\x8d\xa2\xbb\x92\x15\
G\xaa\x5c\xd9\x90\xa3G\x97\x1f-\xb2\x9c\xb9\x12\xe5I\
\x93(e\xd2\xdc\x89\x11\xa6\xcf\x8e1y\x0a\x8dh\xb3\
(N\x8a:\x87*%\xf8\xf3%P\x9fI\x97\x0e5\
\xca\xedfU\xaaQ\xa5\xd2l\xfa\xf1\xa9\xd7\x97Y\xb5\
\xaa\xa4j\xb5,V\xb1[\xbfvu\xcavmP\xb4\
c\x8f^\x95kVn\xd8\x82\xfe\xd0\xc05\xc8\xb5\xaf\
Z\xa8\x0e\xd7\xf1\xf3'g\xef@\xb2\x88\xe9\x9eE\xe8\
o]\xe3\xbc\x86\xfd\xb6\x95\xec\x16\xa4A\xc1\x8f\x07\x17\
F\x9bx\xae\xe7\xba\x9fs\xe2uL\xfa\xb1^\xad\x94\
S\xff}*\x13\xb3\xe3\xc1\xaf\x09K\xed\x0c\xbav\xe7\
\x85\x8fK\xeb\x86<u\xf5d\xdf\x95\xd5\x9e\xf3\x07\x9b\
x\xe6\xe3\x9bw\xd2^\xae\x98\xee\xf0\xdd\xd0M+\x07\
\xae\xfaw\xdb\xe1\xc5\xb3\x1f\x8f\x9d\x5c\xe5\xb6\xe6\xa1\xc1\
\xdb\xff6\xf9<\xb7\xf9\xe8\x8eO\xaf\xe4\x16\xdcz\xfb\
\xf70\xb1o7\x1e\xbb\xbe\xf1\xee#\xbf\x87\xdf?\xfe\
sy\xf4\xe7\x05\xa8\x9eJ\xecU\x07\x9fp\xf4%\xa8\
\x9d}\xda\xe1'\x92~'\xbd#O\x7f\x14\xfe\x17 \
\x80\xd1\x0d8R\x81\xef\xe4\xe3\x0f=\xee\xb8G\x99|\
\x0c\xce\xb7\xa0\x82\xb2\xb1\xb4\xcd;\xf8<6\x0f\x85d\
Y\x88\xe1\x854j(\x92\x87\xb1\x81(\x22\x82'\xf6\
h\xe2\x8f\x0efdM\x80/2W\x95\x8c4\xce\x08\
\xa0\x8d\x17\x0dY\xa2\x8e\x07zD\x22\x8a%VI\xe5\
}!9Ic\x91\xe2!\xa9d\x92`2\xe9\x90\x96\
>B\xc9\xd5\x94>Z\x99&\x8aA2\xa4\xe5\x8c\x5c\
\xfa\x07\xe6\x97t\x9a'\xa6Ad\xfe\x98c\x88n\x99\
s\xe5\x9a\x80\xeai\x1cDo\xce\xe9\xa2Y\xef\xccc\
h\x9duZ\xf3P\x9ej\x1egfG\xee\xd0\xf3\xa7\
\xa0\x81\x96\xe8\xe8\x98\x8bn\x89\xa8\xa2\x8cv\x1a\xdd\xa6\
\x0dAz\xe9\x93|\xba\xe4\xcc/\xa7\xb6\x1a(\xa9n\
\x8a\xff\x0af\x9c\xce\x08$\x8b\xac\xa1:\x06+B\xa6\
f\x8a\xa2\x8e\xcb\x10\x94\x8b\xab\x98\xfe\xb8\xebA\x85\xe6\
Jd\xad\x05\xf9\x82k\xa7\xc7\xe2Yl\xa4%\x16c\
\x903\x96\xfa\xfa\xea\xa3\xcf\xd6\x99\x0bA\xcbt\x93h\
\xb74F[P\xaf\xd3\x12\xeb\x8b@\xca\xb8T)\xb1\
\x91\x9aKP\xb2\xe4\xce\x98\x8b3E\x8d\xabli\xf2\
\x0e\x84.\xb5\xf0\xfa\x93\xcf;M\xbd\xab\xedq\xfd\x0a\
D\xef\xbe`\xdaC\xb0b\xfa>\x9b\xf0?\xff\x06\xbc\
\xe6\xc0\x92\x19\x9c\xee`\x13\xffS\xaf\xac\x0e/\x17\xf1\
\x97\x1d\x0bd\xf1\xc6\x8faL\x1d\xa5\xd9\x16[\xf2@\
\x1f\xcf\x18\xb2x\xf9\x82\x0a\xe6\xcb\x04\x9d\x0c\xb0\xca;\
\xb2\xa5\xb1\xa6\x22\xc5\x1c\xe0\xcc\xfc!6\xb2y8\x1f\
\xa4\xf3\x95<G\xd9\xde\xcf\xc6%\xcd\x18\xc3\xa5\x11\x0d\
#\xc46;\x86\x0fMK\x17\xd7\xb4\x81\x05\xb7\x8c1\
\xd7\x0c[m\xa4m\xe3\xe2\xf3NU\xdcp}\xb0c\
_\xaf\xdc\xb3;\xf3\xbc\xe3T7d\x83\xfcp\xd14\
\xf7\xb8\xcd\xb6\xdb\xe9\xc6\xdd\xb3\xd3~\xe1=S\xa7f\
\xfb}5\x7fm\x1f\x0e\xe89`\xcbM\xf8Gy\x03\
\xe80\xdf\x98/n\x15O\xad\xe2CN\xe4\x83K6\
\x94\xa1\x97k~6UK\x9d\xba\xce?\xd2\x80>9\
[Z\x819\x105\x99\x9f.\x17ZT\xaeNP\xeb\
\x92\x83\xbeW\x80\x07\xd1n\xba\xdf\x86y\x0c\x9b\xee\x07\
\xf1\x1e\xba\xdc\xc5\x9b\xec\x98C\xc2\xdb\xbe_\xf3\x03!\
\xdf\x90\xf2\xaf\xb7G}F\xd1+\x8e\xfa\xf6\x19a\xef\
;\xf8\x1aUS\xfb\xed\xe4\x874\xcd\xf8\xe9\x87d\xfe\
\xe2\xed\xab\xb4>\xf3\xf1\xab\xf4~g\xf5\xb34\xbfu\
\xf9\xcft?\xfa\xfd\xd3_S\x02\xb8\x93\xff5\x8e\x80\
4\xd9\x1f\x02\x85b>\xb1\x04\x04\x00!\xf9\x04\x09\x03\
\x00\xff\x00,\x1c\x00\x1c\x00^\x00^\x00\x00\x08\xff\x00\
\xff\x09\x1cH\xb0\xa0\xc1\x83\x08\x0dVJ\xc8\xb0\xa1\xc3\
\x87\x10#\x22\xec\xc6\xce\x92\xc4\x8b\x183j\xec\xe6\x8e\
\x9b\xbb\x85\x1aC\x8a\x1c\xf9\x8f\xe27v\x14-\x92\x5c\
\xc9\x92!G\x8f/?\xb6\x9cI\xd3$Jv'S\
\xd2\xdc92\xa6\xcf\x8e2y\x0a\x95h\xb3(\xce\x9b\
*\x87*M\xf8\x13&\xd0\x98 \x97J\x1dh4\xe7\
Q\xa3I\xa7*m\xea\x8e+T\xad[\xaf\x8a\xb5J\
\x16)X\x9e^\x9f\xaau\xea1\xea\xd9\x95Uo\x96\
\x8d\xab\xf3-\xc9\xb4l\xbb\xae\xd5\xdb\xd6\xaeH\xbac\
\xe5\x0a\xc6\xea7#^\xbe\x88\x0f\xbb-\xec\x10\xf0\xdc\
\xc0\x80\xb32f\xba\xf7\xb0e\xa0\x8b\x07N\x9a\x5c\x12\
\xb2\xe7\xc7\xa0\xcd\x16\x84\xc4\xcf\x1f\xe3\xcbyQ#v\
;i\x9d?\xd7~\x1d\x0f\xfe<\xfb\xb1J\xd2\xaf\xfd\
\x95~\xab\xbawe\xcc\x97\x5c\x0b\xcf\x0dV\xb6q\xda\
t\xe5\x95v\xbd\x5c\xb7i\xa9\x8c~\xa7\x96\x9e\x98z\
\xb7y\xc3\xb3\x13\x97\xea\xa8\xb6\xf7\xe3\xa1\xbb)\xff\xcf\
\xdd\xbc\xfc\xf3\xa5\xd1\xa7\xab\xaf\xbe\xde'\xf6\xdc\xda\xb5\
O\xed\xfe\xcd]x\xe4\xc8\xc73'\xcf\x7f\xff\xfc{\
\xf3\x90\xe3[{O\xbd\x17\x1f|\x08\xc2\xb6T+\xa5\
\xd1c\xdfw\xf8\xcd\xa5\x9fs\xfbUH\xa1sJ\xc1\
2\x5c\x80\x03\xb2\xd7\x95\x81\x09\x86x\xa0P\x0c\xf2\xe7\
\xe0}(\xa24\xa1y\x16\xb2\x88!M\x1a\x86\xc8\xa1\
u\xd6\x81x\xe0\x8d!\xceTb\x8b\xfe\x9c\x08ax\
+\xf6w\xa1\x8b\xe6\xb1\x14#\x8e3\x12\x98\x9a\x8d\x22\
6\x89#I;\x0ei\xe2\x83\xe0\xa9H\xa4\x90W\xf2\
(\xd2\x91N\xe6\x96\xa4\x87\xee\xe1(f\x97\xc3\xa1\x91\
Q\x94Y:\xe7\xa3qA\xf2\xe8\xa6\x94<\xbaq\x11\
\x97cn(`\x8du\x92\xa9\xa7kfB\x84&\x96\
\x80\xae\x09Y\x9bp\x16\x9a\xa6yr:\xd4J\x9eH\
\xde\xb9$\xa3{F\xdagB\xac\x1c\x0a\xe8~\x82\xe6\
D\xa8\xa5oZ\x9a\xe8A\x8bF:\xe6\x97\xdd\xbc3\
\x8f\xa8\xa8\xd6i\x0aB\x95^jh\xa0T\xe2\xff\xe4\
L.\xafv\xeaj\x96\xa1 \x14*\xa4y&\xe9\x8c\
@\xb2\xa4*lv\xab\x1e\xd4\xaa\xad\xc8Jy\xe22\
\x04\x05\xcbi\xad\xb5\xe6\x0a*\xaf\xc2\xce\xf3kA\xb4\
R\xabm\xb1\x06\xad\xf2\xec\xb7\xfc\xfdb\x903\xf4@\
\x0bn\x85\xd2\x1a\xb4\xeb\xb0\xa8\xcaB\xd02\xa5\x9e\xaa\
\xed\x9e\xdc\x16\xe4\xed\xad\xf8&[Z.\x02)c\x92\
;\xe5\x9e\x1b\xad\xae\xf3\x16\x9c\x9b,\xce\xf8d*\xbb\
7\xd6K\xd0\xbd\xfa\xe6\x0bm>\xefT\x05\xb0\xb9\xf9\
\xa6{\x10\xc3\xec\xdaSqe\x0b\x1b,\x9c\xc3\x1b\x0b\
,0\xc5\x8e]l\xf2k\x1a3\xc41\xa4\x1e[\x16\
\xf2\xb0$\xbb\xbcr\xb2(G\xa8\xb2\xc4\xcb\xb5\xfc\xd0\
\xcb]\xc6L#L33Z\xf3\xcf7\x17\x9as\x8a\
\xff\x06\x9c\xb1H@k'\xb4\x92\x89\x15\xed\xe4\xd1\x12\
a\x8cs\xc5\x11\xd6\xb6\xb3\x9b>k\x14\xb5?S\x83\
i\x9d\xd5\xc4\xce\xa4\xb5\xd2\x5c3\xfd\xd9\xd7\x14\x86=\
\x12\xc7ew\xa8\xb0\xbc\xf0a=\xf7\xc9m\xff\xd5\xe8\
w\xd3q+%l\xddC\x9bM\xb4\xbcz\xb3\xb4\xf6\
\xd2\x7fw\xdd\xf4<\x99\xf1\x14)\xe1T\xf7\xf6\x8eG\
\x91L5q\xdfUv.\x16%\x9a\xe3H\xb9\xe1\xa4\
\x1f\x96\xb9Tl{\xee\xf6}\xa0\xa3~\xe09\x85\xdb\
-\x1dXp\x1e\x12I\xe3\xab\xff\xf8V\x82\x89\x08\xe4\
H\xec\xc0\xab\xe7\x17\x85\x87\x10t\xbb\xea\xb8\xcb\xc5\xd8\
k\xbd\x17\xf4{\xe5\xc1\xf3\xc5Y\xf1\x07\x1d\xef\xf8\xf5\
\xdfp\xd6\xd0\xf3\xa5\x07\xaf\xbdC\xd6\xe7\xee\xd8\xf7\x0f\
q/;[\xe4C\x14~\xf2U\xa5\x1f\x91\xf9\xd1\xbf\
\xe4\xbeD\xeb\xab>\xffE\xf0C\xcf\xcd\xfd\x18\xd5\x1f\
!\xff\x19\xc9\x9f\xe1\x00\xa8\x11\xff\x81\x86\x80!\x11`\
S\x10(\x12\x03*\x8f\x81\x22Q`G H\x12\x03\
Rp%\xf9\xbb K\xc2\xa7\xc1\x96<\xaf\x8339\
\xddY\x02\x02\x00!\xf9\x04\x09\x03\x00\xff\x00,\x1a\x00\
\x1a\x00b\x00b\x00\x00\x08\xff\x00\xff\x09\x1cH\xb0\xa0\
\xc1\x83\x08\x13\xfe\x8b\xa4\xb0\xa1\xc3\x87\x10#J,\xd8\
\x8d\x1d\xa5\x89\x183j\xd4\xd8\xcd\x1d7w\x0c7\x8a\
\x1cI\xf2_\xc5o\xec*^,\xc9\xb2e\xc3\x8e\x1f\
a\x82tI\xb3\xa6Iv(O\xa6\xb4h\xb3\xe7H\
\x99@=\xce\xf4IT\xa2\xce\xa38w\xae,\xca4\
a\xd0\x98Be\x86lJu \xd2\x9cI\x91.\xad\
\xca\xf4\xa9;\xafR\xb9v\xcdJ\x16\xabY\xa5b}\
\x82\x8d\xca\x16\xea\xc7\xa9i[^\xddyv\xae\xca\xb8\
r\xdb~\xd5\xbb\xf6-^\x92v\xcb\xd2\x1d\xac\xf5\xef\
\xc6\xbe{\xdd&^\x1c\xd6\xf0\xc4\xc0u\x05\x07\xde\xea\
\xf8%\xdf\xcb\x8a\x11\xc3\xad\x8c\x102a\xc9\xa0\xb1R\
\xe6L\x10\xb1i\xcc\x8b7\x93\xbe\x19\xb9\xf5g\xd7\x85\
W\x0b<\x9d\x19\xb5f\x82\x99\x1c{\xde\x1d\xfa5\xda\
\x7f\x98\xf8\xf9\xfb\xeb\xc8\xb6\xf1\xda\xc8\x13;\xfb\x97i\
\x9d?\xe7\x7f#\xf9\xe6\x0d;\xf42\xe0\xc2\x9d\x0b'\
~\x9cq\xf7\xa7\xcb\x9b?\xff\x1f\x0f\x1d\xaft\xea\xd3\
{\x9f\xbc\x1e||v\x7f\xdb\xc5\x9e\xca\xf5\xafxr\
\xda\xde\xdd\x86w\xce\x9f\xfcx\xae\xa6\x08\xe7\xcbB\xe9\
Ug {\xef%\xe8\xdepM\x9d\xd2\x1f}\xf6\xe5\
'!m\xfb\xf9\xd7\xdf\x85\x0c\x12\x15\xe0\x82\x03\x9e\xa7\
\xde\x87f!\xb8\xa0v#\xc2\x97\xa1M\x0eZ\xe8\x0f\
\x84\xdf\x1dW!\x860\xfa\xd7\xd3\x86$\x92\xd8a\x81\
8\xae\x87]\x89\x0a\xd6hbM)\xc6\xe8\x1c\x8b\xf7\
\xb9\xc8\x9c\x90*\xc6\xe8\x12\x8d&\xfa( \x81\xe8]\
%\xa2\x93<V\xc9R\x90I\xfaG\xe4\x84\x98]'\
\x1e\x92`\xca8\x12\x93=6i\xe2\x8dQ\xe2\xa4\xcc\
\x8eT\xb6i\xa6\x82\x22a\x19\xe6\x83\xf5\xb5\xc8\x8d\x97\
sf\x89\xa4FdVI%\x9a \xae\xd9\x9e\x9be\
\x16\xba Fr\xea\x99\xe5\x96}\xe1\xa9h\x9eH\xa2\
\x11Q\x9f\x84V\x09hk\x82\x1aZ\xe9\xa6&\xba\xf1\
P\xa2\x90\xaa\xc8h[\x8e\x86j\xaa\x7f\x92*D\xe9\
\x9b~\xb2z)]\x99\xb6\xff\xaa)\xab\x95z\x8a\x10\
\xa8\x8f\xe6:\xea\x9dG\xe6zj\x98\xa9\x16\xb4\xea\xac\
\xc4\xfasi\xac\x9c\x16\x9b\xac?\xb6\x0e\x84\xeb\xaf\x8b\
\xd6\xc9\xeb?\xb2\xf8j\xad\xa9\xb9\x0d4\xac\xac\xdc\xda\
\xb8\xd0\x9a\x03U\xab,\xad\xe4j\x8a\x09A\xcf^k\
-}\x06U\x0b\xed\xbb\xd9\x0a\xb4\xed\xb2\xcb\x0e\xd8n\
\xb9\xdd\xe2[\xe3\xb9\xce\xbe\xab.\x86\xec\x0a\xb4\x8c#\
\xd4\xfek\xf0:\xf1\xfe3\xaf\xbe\x0c\x1bj\xaf2\x15\
1$n\xbe\xe3f\xc7/A\x07g|\xe1$\xff,\
#\x13\xc1\xeej\xacg\xc2\x18WL\xb1\x9f\x90\xfc\x03\
1Y\x0c\xe5\xd2\xf0\xc9\xeb\x5c|\x90\xc8\xbfr\xec\xb1\
^ \xd3l!\xc93\x9bLo\x93)\xaf\x1cY\xcb\
/o*\xb3B:\xcf\xc9\xb13\x88\xe5\xec/\x7f<\
#\xeds\xd1){\xfc!\xd1S[\x8cQ\xd2I.\
\x8d\x9f\xd3\x07G\xfdP\xd1Tw\x9c&\xd60\x1f=\
\x11\xd7\xfcym\xa7;`C*\xb6DdkZu\
\x9aX\xa1m4KI\xbb\xff]dr\x12\xfb:w\
Fu\x8fx7\x88\xe9I\xf2\x8f\xcb\xe6\xd6\xa4\xb1\xdf\
\x5c\xfe=S\xc80\x0e.R\xe1\xeb\x1cn`\x8e\xec\
(\xce\xf8\x88j\xbb\xf4/\xe4\xf8\xddF\xf9s\x96\x97\
T\xb6\xd5\x9b\xa7\xe9y\x93\xa1\xdb\xe4+\xe9o\x9b\x8e\
:W\xfaj\xcey\xebd]\x94K\xecD\xe9I\xbb\
\xe4\xa5\x0b\xa5ZU\xb4\xea\x8e\xf7\xee\xbf\xc5e\xe1\xf0\
\x91G\x7f\x1b^@\x9b\x8d\xf8\xf2\x81)N\xfd:\x1c\
/T\xfb\xf7n9\x96\xf2@\x940\x8f}Y\xb2\x09\
\x14\x09\xf8\xd2\xb7\x95>\xf9\xe6_\x8f\xfe\xfb\x03\xadO\
<\xf8\xf4\x17T\xfe\xf9\x06\xe6o\x90\xfd\xed\xbb\x1f7\
\xfcw\x90\xfd\xc9\xaf\x7f\x04<\x08\x00\x8b\x87\x9c\x04&\
\xc4\x80\xbck\x8d\x03\x15\xb2@\xfcMP!\x10\x8c\xdf\
7.\xe8\x90\x0a\x0a\x90\x83\x0f\xc9 u@\x08\x11\x0f\
F\x8e\x84\x11\x11ahP(\x11\x13>\x85\x85\x13Q\
\xa1Y`\x88\x11\x17z\x84\x86\x19\x91!\x0e5\xe2\xc1\
\x1dn\x04\x82>\x14\x89\xfd\x08\x828\x12\xed\xe1% \
\x00\x00!\xf9\x04\x09\x04\x00\xff\x00,\x19\x00\x19\x00d\
\x00d\x00\x00\x08\xff\x00\xff\x09\x1cH\xb0\xa0\xc1\x83\x08\
\x13\x0e\xec\x86J\xa1\xc3\x87\x10#J\x9ch\xb0\x9b;\
n\xa9(j\xdc\xc8\xb1c7v\xdf\xd81\xecH\xb2\
\xa4\xc9\x85\x17\xddY\xc4x\xb2\xa5K\x88\x1fC\xc6\x14\
\xd9\xf0\xa5\xcd\x9b\xffV\xaaL\xb92#\xce\x9f%g\
\x0a\x05I\x13\xa8Q\x8d:\x93\xf2\xbcX\xf3\xa8S\x85\
Ce\x12\x15\xda\xf4\xa9U\x94\xdcvfU\xba\x95\xe9\
\xd5\xafQEN\x1d+\xb3\xeaW\xa0\x5c\xb5\xaa\xe5j\
\xf6\xac\xcd\xb0p\xc9\x16u{3\xad\xdd\xa5]\xb9\xb5\
\xa5K2\xae\xd4\xbfb\x01\x8f\xe4k\xf2n\xde\xb5x\
\xb5\xee%,\xd1o\xe0\xc7\x8e\x073\xa6h\x18\xf1a\
\xc3\x8b'#\x8c,\x97sY\xcd0\x13W\x1e\x8d7\
3\xe8\x9c\x9dS\x0bV\x0d\xd9\xf4d\xd2\x97E\xcb\xce\
\xeb\x9a\xafg\xc8\xac#\xd7>\x0b\xdb\xb2o\xd8\x88N\
\x0bD\xb4\xba8n\xe3~\x85\x09\x1f\x88\xa8\xb7\xf3\xd9\
\xcb\x08\x0e\xf2\x87\x064\xf1\xe3\xd8oGU>\x90\x90\
?~\xfe\xdc\xf0\xff\x15D\xb0\xf9\xec\xdf\xe7\xb9F\x1f\
8}\x9d?\xf7\xd5\xcf\xba\xf2\xe7\xab<\xf2\xdc\xf8\xbf\
q\x17\xe8\x1d\xbc{\xf0\xe2]\xb5\xca{\xfe\xe4R\xde\
s\xb1%\xb8\x9e@\xed\x11\xe8\x1e|V\xcd\xf7\x1f}\
\x04\x15r\xdf\x85\xc7\xed\xf7O\x7f\x04\xfa\xf7\x9d?O\
\x0d\xf8 \x81\x062\x87 z\xdc,\xf8O\x83#\xb6\
\x08\xa2Q\x12~8a}\x03Y\x98]~\x81i\xc8\
\xe1\x84<~\x08\x94\x88\x0e\x06Y\xe2p'\xaa']\
\x90.\xba\x88S\x8c\x1e6\xe9O/\x15b\x98\x1cA\
;\xcah\xa5\x936\x01\x99\xa4\x90\x07\xa6\x07\xdd\x91[\
\x86I\xa0KLvh\xe6\x84P\xd6(%Y:^\
y\xa6\x9b\x13\x9e\xa4%\x92t\xba7\xe4?\x85 \xa8\
\x22\x8bu\xf69bIe\xf6\xe8$\x9aQ\xde\xf8W\
\x9b\x83\xc2\xa9(x\x1d\xcd)\xe6\x96w\xe6\xe9e\x8a\
`\xfai\xa9\x92\x1a\x05\xba\xe8\x9b\xe0Ez!\xa2\x9c\
\x86*\xa8\x99\x149zi\x9f\xb2Th\xd8\x9e\xa7>\
\xda\xa7D\x9a&\xff*\xab\x99\x9efH\xe5\xa6\xa3\xe6\
\xea&D\xa6\xba\xeaj\xaa5\x1a\xc9^\xab\xc4n\xe9\
P\xac\xa2\xe2\xfaa\xad1\x81\xaa\xeb\xac\xcf\x92\x8aP\
\xaf\xc5Z\x0a\xac@\x92R:\xac\xaf\xd5\x8ay\x10\xb2\
\xd1\x86\xbbl\x94\xce*\x0b\xad\xb9/\x0eD-\xb7\xec\
\xfas\xadA|\xb6+/\x9d\x03\x81\x8b\xae\xb8\x9d\x22\
t\xef\xbe\xe72\xban\xb7\xc4\xbe;\x90,\x00\xcf\xbb\
\xa5)\xf6\xf6\x9b\xec\xacw\x0e\x94\x0b\xbf\x0bG|\xca\
?\x05W\x8c\xa9A\x04\x1b\x5c\xb1)\x03A\x8co\xb2\
\x80$\xf4\xb0\xc2\x1f\x8f:1A\x16W\x9c\x07A\xcb\
t\xc3\x08A\x19\xa7\xec*\xc7\x06yls\xc8\x03)\
\x13Sp\x0e\xdb\xac\xf0\xc9\x07\xc9L\xec\xca\x03\xb5\xcc\
\xd3\xcb\x03\x0b}\xb0C>G\xec\x1e\xce\x02\xe9L\x16\
\xcf\x02\x8d\xec4\xba@+\xa4t\x9fD\x0bd\xf4e\
H\x0b\x14\xb3\xc6.\xd2\x0cQ\xd3\xbaB\xfdO\xcb\xaa\
)B\x90\xd5%\xbb\x99\xf5\xd9d\xf7\xb9\x07A\xce\x8c\
\x16\xf6?co\xff\xbc\x11\xdaV\xaa\xcd\xf6\x85n\xf7\
L\xb2\xdc\x1dm}\xf7@yO\xaa\xd2\xde}\xb7k\
6G\x80\x0b\xae\x1dH\x85W\x0d\xf1\xdc\x94\xd7\xbd\xb8\
@\x8d'\xf8\x1b\xe4\xd5N^\x92\xcd\x81\xb0|\xf9_\
\x99\xff\x03\xf7\xa6\x9c\x9f>\xef\xe7\xff\x84\x8e\xe2\xe80\
\x9fjzK\xfb\xa6^\xf4\xea\xc7\xb5\xfe\xba\x93\xb1\xf3\
\xce-\xed\xb6\x17yt\xeeK\x1b\xa5\xac\xef^\x03\xef\
W\xeb\x04\x13\xff\x94\xa5\xc8+/\xba\xcb\xcc\x13\xb8;\
P\x8a\x92\xf7;\x8e\xabS\xffa\xf1\xe0\xbb\x98\xbd\xe3\
E:\x92\xfb\xf7NY)~\xf4\xe4\xd7\xcf:A\xb4\
\x9fE\xe0\xfa\xdb\xb3\x9f\x9e\xfb\xa0\xf1\xc7\xfc\xd6&=\
\xfb\x05\xa6u\xa7I\x9e\xff\xfa\xb7=\x00\x9e&O\x06\
,\xe0_\x96\xf3\x0fT0\xf0v\x08\xa2\xa0@H!\
AC\x1dG\x83\x03\xb1 \x06\x17h\x19\x10\x12\x84\x83\
\x11\xb4\x9f\x09\x0b\x22B\xed\xa1h\x85\x06A\xe1\x9af\
\x08\xc3\x83\xb4\x90\x84\x86\xa9!Bd\xe8A\xcf\xe80\
!7\xbc`\x0eK\x7f\x98\x10\x1eJ\x90\x88\x0e\x09\xe2\
\x08\xf3\x82\xc4\x87\x18Q\x85M|\x88\x12a\x13\xc5\x88\
<\xf1BU\x94\xc8\x14g\x93\xc5\x89\x5c\xf1\x83]\x9c\
\xc8\x16\x99\x18F\x8a|1&e\xdc\xc8\x18\xd3\xc8\x91\
+\xb2\xb1#A|#Id(\xc7\x92XP3\x01\
\x01\x00!\xf9\x04\x09\x06\x00\xff\x00,\x18\x00\x18\x00f\
\x00f\x00\x00\x08\xff\x00\xff\x09\x1cH\xb0\xa0\xc1\x83\x08\
\x13\x16\xec\x86J\xa1\xc3\x87\x10#J\x9c\x88\xb0\x1b\xbb\
o\xa5(j\xdc\xc8\xb1\xa3\xc0n\xee\xb8\xb9c\xe8\xb1\
\xa4\xc9\x93\xff,~c\xa72#\xca\x970\x1d\x82\x14\
9sd\xc3\x988s\xaady\x91'\xc6\x9c@Q\
\xd6\x1c\x1ard\xaa\xa0H9\xee\x5c\xdaS\xe5\xcd\xa4\
P\x1f\x12\xa5Yt\xe8\xd1\xa8X\x0f2]\xb9\xd5\xe7\
\xd3\xacY\xa7\x8e\xacJ\x96\xe6U\xb0Q\xbb\xaamz\
\xf1+Z\xa0b\xe3\x965\xfa6\xe8Z\xael\xf1\xea\
u[\xf7\xa4\x5c\xaa\x80\xc7\x06\xeev\xb6\xaf\xc9\xbb>\
\x13\xdf\xe5kX\xe3_\xc1\x90\x1f\x13n\xdc\x11\xb1\xe5\
\xbc^);\x9e+\x993\xe7W\x9a%^\xd6\xab\x18\
\xf3V\xc6\xa1\x17z\x1e\xbc:\xf2\xe7\xd4\x09G\x97&\
=\x1au\xe8\xce\xacs\xbb\x1e\x0c\x1a\xf6@\xd9\xc0M\
\xe7-\xe4[\xa0\x22\xdd\xb8w+\x9f\xa9\xac\xf8\xc0B\
\xc1i\x0b\x97\xfe-\x98s\x82\xc7\x97\xb7N\xce\xbc8\
!\x83\xd0\xa7\xcf\xff\x1e\x7f\xd7z\xc1C\xfe\xdc\xf4e\
\xe5/\x97\xc1\xec\xdc\xb7\x97m^P\x90\xbfu\xfe\xd0\
\xbcm\xe5\x8f\x9f?_\xe0EG^^\xe6\x11\x84\x1e\
~\xfe\xa9\x97\x15{\xf8\xe1\xe7^A\xf0\xc9\x87\xdc|\
\x06\xd9\xd7\xe0}\xf9a\xc5\x9f\x7f\x08\xfe\x17\xa0x\xd1\
\x158\xd0\x81\xfda\x98 T\x0cbx\xe1\x83\xd8M\
\xe8\xa2`\xf4\x11d\xa1\x8a4&\xb5\xa1\x898\xf6\xf2\
!u\x03\xea%\xa2@$rXb\x87A\xa5x\xe1\
\x91\xed\xbd\xf7\xe2_1\x0e4#\x92H\xe6tc\x87\
T\x96\xa8cA\xe1\xf1X\x9eAA\xe2X\xa5\x7f1\
\x19I#\x94IB\xb8$\x85\xf5\x8d\xa9f\x94(M\
9\xe4\x9bB\xfaw%AY\xf6\xe8\xd3\x8f\xfft\xf9\
\xa5\x97%\x9e$&\x99d\xb28P\x84.6)\xd0\
\x93k&\x8a_In\xc6\xc9\xa7\xa3s>7\x1a\x9e\
z\xc2\xf9(\x8e\x1d\xfd\xa9h\xa2\xb2(\xa9\x1d7\x86\
\xfe\x83(\xa0\x9b.\xaaQ\xa3\x97\xee\xd9\xa1\xa0\x02\xd5\
\xb9\x15\xa5\xa9Z\xff\xaaj\x9f\x13iJ\xea\xad\xfet\
j\xe6n\xa1\x8eZ\xea\xaf\x12\xa1:\xab\xa3{\xb2\xfa\
\x8f\xab\x17\xc1:l\xac\xc4\xd2\xea\x90\xad\xbf\xe2\xaak\
\x8b0V\x18\xed\xb5l&$\xac\xac\xdc6\xeb\x9f\xb1\
Y*\xdb-\xb3\xe4&\x04-\xae\xe8b8\xed\xa0\xa0\
Z\x9b\xee\xbb\x89\x1e\xb4\xad\xb7\xe4\x16\x0bQ\xa5\xf4.\
\xbblA\xe7b{\xed\xba\x07\xf9\x0a\xef\xc0\x18\x0e4\
o\xbd\xe3\xda\x8b\x10\xbe\x08\xe7;\xee?\xfd\x12\x0c/\
\xc0\x03\xf9+\xf1\xa6\x09g\xec0\xbd\x08\xe5\xa2q\xc3\
\x08\x9f\xf2\x8f\xc5$\x93\xb9GB\xb2\x94\xac2~\xa2\
T\xbc1\xc8\xcb\x9e\xac\x90\xc7/\xeb\x9b\xb1\xc8\x04\xad\
L\xb2\xcc\x04\xc5aP\xca\x17\x13\xdc\xb2A\x1f\xdbL\
/\xcf\x03-\xd3\x0d#\x06\xd1\x0cs\xd1\xfe\xe0|\x90\
\xce\xe9\x22-\x90339\xf23\xd5\x9b\x9a\xe2\x10\xd4\
5\x97h\xf5?J7\xc5tAN\x1b\x8d\xb0*\x10\
qm\xb2AX\x97\xa5uA@\xbb\x8d\xa1\xd7\x11\x81\
M\xee\xd8e\xd3\xffv6Ai\xeb]%\xdb\x13\xd9\
\x8d\xdf\xd8q\xe767Au\x07}\xf7F\x82[\xca\
\xb7e\x7f\x0f\x14x\xd8B\x12\x0e\xb9\xe3\x87\xc3\x8d\xdb\
\xe2\x035N\xb2\xd4\x1cE\xee\xdf\xe4 \x9a\xddt\xe4\
\x9a{\xa42\xe2\xf1q\x03\xba@\xa2\xa7KzIz\
\x03bP\xdfv.U\xb9@\x97\xc7\xda\xfaI\xfe\xc2\
.\xe1n\xb3\xffS{\xa2\xb7\xa3\xf4\xb1\xee\x05\xf1.\
\xe0\xd2\xab;<<L\xbf\x1a\x7f\xa6\xe2[\x93\xda|\
L\xe3BO\x90\xf4\xa9k\xf9\xfb?\xc1\xe3\xb7JT\
\x89\x8a?P\xe2\x9f\xc6\x9fu\xf74~\x0f\x94\xa5\x81\
\xec>=\x88\xe7\x07\xbe>X4r\xdf\xd5b'\xbf\
\x90$\xafn\xf6KJ\x89\xf2W\x10e\xecOK\xaa\
C\x9b?\xfeW\x17\x7f\x08\x90l\x04\x8c]\xf2\xc6F\
\x19\x07\x96\xafw\xfc\xbbN\xd22x\xbc\xa9$/5\
\x1e\x84\xa0\x0aA\xc8\x95\xf3i\x06:%\x8c\xa1\x8b\xae\
C\x8a\x15>p6\x22\xfc\x07)H\xb8=\xc1\xe4P\
 5d\xa1\x10{\xb7\xf2\xc3\x81\xecP\x86\x05\x04L\
\x11\x09\x12\xc4\x1b\xdee\x89\x059b\x0fq\x03E\x83\
4\xf1\x83\xa3\xa9\xe2AJ\xc1\xc3\xddh\x11!W\xb4\
\xe1t\xbe\x98\x10.\x22q*dTH\x18\x87x\x91\
4:\xc4\x8cS\x0c\x89\x1b\x1f\xb2\xc6,\xce\xf1!p\
L\xe2\x1d#R\xc71\xee1\x22y\xfc\xcb\x1f'\xd2\
G\xbd\x0c\x92\x22\x81,\xcb!5R\xc8En$\x91\
\xdcp$G\xc2(\xc9\x8e\xc0\xb1\x92\x1e\xa9aj\x02\
\x02\x00!\xf9\x04\x09\x04\x00\xff\x00,\x17\x00\x18\x00g\
\x00f\x00\x00\x08\xff\x00\xff\x09\x1cH\xb0\xa0\xc1\x83\x08\
\x13\x1a\xec\xe6N\xa1\xc3\x87\x10#J\x9c\x98\xb0\x1b\xbb\
o\xec(j\xdc\xc8\xb1\xe3@\x86\xdc\xdc1\xf4H\xb2\
\xa4I\x81\x161\xa6\xccx\xb2\xa5\xcb\x87 E\xba\x0b\
9\xf2\xa5\xcd\x9b\xffV\xea\xbc\xc8\x12\xa7O\x921\x83\
\xce\x94\xf9\xb3\xe8\xc6\x9d*y\xae4\xca\x14\xa2P\x9a\
C\x856\x9dz\x10);\xabK\xa9j}*\x13\xaa\
W\xa2Z\x9bbUJ6)\xc6\xb0F\xb9\xaa\x8d\xca\
\x16\xad\xcf\xb1f\xaf\x96\x95{\xd6\xed\xcb\xb5_\xf1\x82\
\xb5k\x12.\xdd\xbf~\xf9\x96\xd4K\x98-T\xc1\x1d\
\xfd*\x9e\x9b\x15\xf1\xc4\xc2y\x0dw\x9d\x5c\xd3\xb1S\
\xc6\x98\xe3.\xaekY!d\xca\x92\x0bw\xae\x98\x19\
p\xe9\xcd=G\x7f\x0c\xcd:\xb2k\xd0\x87U\x0b\xac\
u\xba\xb6f\xdb\xb7d\x0b\xa4\x05\xbb\xf7g\xbc\xbat\
\x0f\xa4}\xbb\xb8i\xe3Hs\x0b\x1f\xc8\xfbwk\xdf\
3\x83\x8f\x9e\x93\xeb \xf1\xe3\xd8Q\xa7T^\xd0\x98\
];\xeb\xfc\xc9\xff:\xd8\xfc\xb9s\xaf\xd2\x0b2\x0b\
\x8fvNx~\xfe\xaa\x1b\xbc\xae\x1d\xf7Ac\xef\xfd\
i\x05\xef/|\xf8\xf1\x06\x95\xf7\xday\xc1\x1c\xb4^\
\x7f\x08N\xe5\x9e?\xf0\xe5'_A\xf4\xd9\x96\xddE\
\xdc\x11\x84\x1f\x83\x08\xc2\xc7\x14\x7f\xfe!\xf8\x1fy\xd0\
\x0dhX\x81\x06\x1d\xd8a\x87E-\xd8 \x86\x0eZ\
'!\x5c\x15\x0et\xe1\x8a4\xea\x87\x13\x87\x1e\xe6\xf8\
a\x80!\x86H\xa2z'\xea\x98\xa0M*fhd\
\x8b\xf3\xbdXV\x8c\x02\xcdx$\x8b\x18\xbe\x84c\x90\
T\x8a\x07\x22\x81\x06V\xa9\xa5\x8d&\x15\x99\xdf\x97P\
\xc2\xf7 A\x11\x22G\xe1}`\xd6\x98&\x97\x1eM\
)\xe4\x96\x00\x16$\xa0\x8fY\xbei'\x8a\x1ey\x19\
\xe6\x935\x8e9\x9c}\x069\xb9\xe6\xa0Qr\xe4\xe6\
\x96p^\xd9\xda\x8f\x04\x99x\xe7\xa3\xeci\xa4\xa7\x9a\
{\xae\xe9\xe7l\x991\xf9\x8f\xa0\x95vZ#E\x87\
B\xfah\x9c\x04\xcd\x09\x12\xa3\x039\x8a\xa8\xa8\x91B\
4)\x9f\xb0Z\xff\xea\xa2Y\x9arJ\xe9\xad\xb0B\
\x14\xea\xaa\xbcZ\xc9\xe3\xa9u\xf6*\xec\x90\x09\xbdJ\
(\xae\xb2&\xf9M\xad\xc7\xc6\xea\xa9\x91\x09\xed\xca\xea\
\xb4\xa42\x87\xaa@\xaaN;l\xab\x04\x19\xfbl\xb3\
\xc9>d\xab\xb3\xc8>[\x90\xb4\xdbR\xfbP\xb6\xe9\
\xa6;\x90\xb7\xe5\xc6\x0b\xeb\xa5\x16\x82\xfb\xed\xbd\x9f\xa2\
\xab\xed\xbe;\x96\xd8.\xbfv\xba\x81/\xb9\x04\xa7\xd9\
\x0bB\xbe\x0cl\xaf\xbc\xef\xfd\x83\x06\xc0\xff\x9e\xe8]\
B\xb9@l\xb1\x7f\x03\x09\xcc\xb0\xc2\x9e\x1e\xecP\xc2\
\x1b\x87\xccgA\x0fG\xcc\xef\xc4\x0fUl\xf2\xb6\x07\
i\x5c0\xc74z\x5c\x902\xbb\x1c\x04\xf2\xcb\x227\
\x8cP\xc9\x17C\x8a2A\xcb0\xa4\xa9\xca=#\xfa\
\x10\xcc8\xd3\xab\xccJ5\x1b\xd4\x0b\xd2\x0bGT\xf4\
\x9b\xbe\x1c\x144[COM\xe5DP{\xaa\xb4U\
M\x17\xf4t\xce\x9ej\xa4u\x7fU\x1btudY\
\xaf\xec!G]\xd3\xf8uia\x1346\xce#w\
Tt\xda\x05\xad\xff\x0d]\xdb\x17\x97\x14\xf7\xdcfb\
T\xf7@\x15\x93\xcd\xcfI\x10\xf3\x0d\xb4s\x9a\xca\x02\
\xb1K0\x13>a\x5c\x87\x0b\x948\xce6i\xeb\xf8\
@~C~\x90\xe4\xc2\xe2\x84\xaf\xe5\xf5\x19~\xd0\xe6\
\xc7\xfe\x04\xe9\xe7\x02\x85n\x1ek\xb5\x8c\x0e\xa9Q^\
\x1f\xb4\xb4\x92\xc6e\xfe\x0f\xeba6\xf5\xa6\xcc\x8f\xcf\
.\x22T\xb5\x1bD\xba\x8eT\x85\x89:\xef\xd8\xf9\x0e\
\xfc\xe2ZyH<\xe8\xe7\xf5\xc8P\xf2\x05-\xbf\x8e\
[\x0c>_\xf8\xe5\x7fI\xcf _\xd7\xc7\x9e\xbds\
\xdc\x13T\xadc\xbb\x8f\x9fz\xf9\xcbao\xbc\xf6\xb3\
\xb7/[\xfc\xe4\xcf\x0f\xb6p\xb2;\x1e\xfeD\xa4\xbf\
\xce@\xcf\x7fe\xa9\xdf\x00\x17\x88\x97\xfa\x09\xe4\x80\x10\
\xfc\x86\x03\x07\xc2\xc0\xfb=e\x82\x04\x89`\xff.\x82\
\xc1\x82TP\x80 \xe9\xa0A4\x08\x17\x11\x1e\xe4\x83\
!2!BH\x98@\x15\x22\x04\x85\x17taBX\
(A\x19*\x04\x863\xb1\xe1C\x22\xa8C\x88|\xb0\
\x87\x11\xe1\x1d\x10#%2\xc0!N\xc46F\xa4H\
\x0a\x93H\x91\xcc0q#\xb0y\x22GZ(E(\
\x86\xb0\x8a\x1d\xe1\xa0c\x02\x02\x00!\xf9\x04\x09\x03\x00\
\xff\x00,\x18\x00\x18\x00f\x00f\x00\x00\x08\xff\x00\xff\
\x09\x1cH\xb0\xa0\xc1\x83\x08\x13\x16,\xe5N\xa1\xc3\x87\
\x10#J\x9c\x88\xb0\x14\xbbo\xec(j\xdc\xc8\xb1\xa3\
@\x86\xdc\xdcuk\xe8\xb1\xa4\xc9\x93\x161v\xbb\x98\
\xf1\xa4\xcb\x97\x11A\x8at\x17r$\xcc\x9b8\x09\xa6\
d\xb7R%\xcb\x9c@]\xca\x1cY\x93\xe6\xcc\xa0H\
9\xee\xec\xc9\x93%\xd3\xa4Pc\x1a%:\xb3h\xd1\
\xa8X+:\xdd\xea\xb3k\xcb\xac`\x87N\x1dk\xf5\
(X\xacK\xb96\xf5\xfa\xf4lR\xb1e\xa9\xca\x1d\
\xeb6hZ\xb6j\x99\xb6\xad\x0b\x13n\xd5\xbfs\xe3\
\x92\xe4\x8b2\xafa\xbc^\x09\x9b\xf4\x1b\x180Y\xc7\
\x8a;\xde]KY\xefa\xca\x9152~\xdc\xb83\
\xdd\xcc1/[F\x5cY-\xe8\x87\x9b\x05\xabv,\
\xf8t\xc2\xc9\xa3K\x93\x8e\xbd\xd7\xf5\xc0\xd4\xacs{\
nm[`\x1f\xd1\xc0g_\xee-p\x96n\xce\xc8\
W7\xe6C\x5c \xad\xe0\xb2\xa3\xd3f\xc9\xbcy\xf1\
\xe3\xca\x93\xe7\xae\x0e\xda\xce\xbaC\x06\x9f\x0b\xff\x1f/\
\x9d\xba\xc1A|\xf1\xac\xf3\xb7.\x91A\xe3\xbb\xb1\xcb\
\xe7>\x90\xd9\xbaVn\xbd\xfb\xe3\xc7\x1e|A\xf1\xe5\
\x91\x17\x1b}\x02\x19\xb3\x1e?\xaa\x80\xa5\x1e{\x0c\xb6\
\xf7\x9e|\xf1-g\x90}\x0d\xe2\x17\x95~\xfc\x1d\xd8\
_x\xd0M\xe7\x15\x81\xff\x18\xb8\x1f\x83\x08B\x95\xc7\
z(6\xc8\x9e{\x05\xc1\xa7]\x84F\x81Ha\x8a\
(Z\x08\xd4\x82\x19\x8e\xa8\xe1w\x1c\x0ax\x19\x88\x22\
\xe6(d\x829\x9d\xa8\x22\x8d\x0d\xb2H\x90\x8b\xd9\xad\
&#\x92P\xda\xf8\x12\x8e$V\xb9\xa3\x7f\x04\x01\xe8\
at@\xee\xa8\xe3\x97\xfc\xac\x02\x93\x91P\x1e\x99\xe4\
\x830\x96\xf5\xa4\x99e\xde\xe7\x12\x95^\x0ai%\x96\
\x03i\x09]\x97`Z\x09\xa6\x98%\x91\xc9\xe6\x9f(\
*9\x10\x93\xf3M\xd8&\xa0\xecI\xa9\x11\x9cy\xc6\
9g\x8f\x01\xb2\x83\xa7\x9c\x8e\xc6\xc9\xa7F~\x1e\xaa\
\xe9\x8ahj\xb7\xe6\xa6\x9a*\x0a\x11\xa3\x946\xda(\
\x9d\xce\xfdhP\x90z\x96\xea\xea\xa5\x10e\xff\x8a(\
\xa8\x9c\xfe\xb7\x9d\xa1\xb3\xe6ZcD\xa4\xb6\xeak\xa5\
\xa8\xfeS\x8bZ\x93\xfej\xea\xab\x0f\xc9J\xeb\xb2\x82\
:\xf7\xd7\xa7\xbaF\xebfB\xbdVz\xec\xaf\xc1\x0e\
\x8bQ\xb1\xd6\xbaj,?\xac \xa4\xac\xb4\xd26\xfb\
\x0f-\xee@\xbb,\xb9\xeb\xc0bP\xb5\xd7v\x8b-\
D\xac\xcak\xef\xb1\xe1\x0e4\xee\xba\xfc\xd6\x9a\xd0\x8c\
\xec\x06\xdc\xae@\xf0z{\xaf\xc1\xc1\x0eTo\xbc\x0c\
\x1b\xbc_\xb8\xfdF\x0c(B\x00Kl1,\xad8\
\xac\xf1\xb7\xad\xca\x82\xd0\xc1\x1c\x83|\xe0?\xadX,\
0{\x1e#\x94\x88\xc9,\x0f\x94q\xc8\x0d\x7f\x9br\
B\x83\x88\x1cs\xb7\x05\x95|2\xbf3\x0f\xb4\x86A\
+\xef\xcc\xeeA/\xdb\xbc\xf1\x81=\x0b\xc4\x08;\xc1\
\x9cg4\xccB&\xa43\xcb\x80&\xfd\x8f\x223\xdd\
\x024\xd5\xa0:T\xf4\xcd\x0d[\xbd4SM\x17D\
\xc8\xd3\x07C4\xb5\xd04Z\x8d\xf5\x5cZ\x17\x144\
\xd7GJ\xf4\xf5\xd1\xc7\x8a\x1d]\xd9\x04\x9d\xff\x0d\xb6\
\xc6\x14\xad\xcd\xb2\xdb\xc7\xc5M\xd0\xdcl\xb3\xb7\xd1\xdd\
P\x93\xa8\xf7\x96|\x0f\xe47\xde\xaev$8\xbb\xb9\
\x18\xf4\xf6\x8b\xee\x18>\x10\xe2\x16\x97\xc4\xf8\xc1\x8fC\
\x17\xb9@\x87\xa0\xbd\xdfI\x97\x83\x9ayA\x9b7\x99\
\xf5\xd6\x02\xbf4z\xde\x06\x8d\xdd!K\xa7\xff\x93\xfa\
\xdf7\xb5\xce\xe6\xeb\x04\xc5\x0e\xe1X\x9e\x0b\x04\xfa\xac\
9\xdd.d\xe9>z\xd5\xfb\xef\x80\x03%<\x8a\xc4\
\x0fd|\x9a\x8e%\xff\xcf\xf2P&\xe5<\xf4\x91B\
n\x10\xf5\xadF\xd5z\xf6\x02m\xcfyv\xde/\xd2\
fVw\x93\xbf\xe5\xfd\xbc\xd3\x1e5XS\xb3\x7f\xf5\
\xf1\xb2\x83\x9bA\xe4\xd7\xa0\xbad\xcc~\xbb#O\xef\
\x82\xc6\x0f\xc2\x08Bs\x00\x8c\xa0\x00\x0b\x22?\xdb\xe8\
.z\xe5SK\xefl\xe3\xbe\x00\xbe\xaf{\xd6\xb9`\
\x061\x18\x9b\x0dfF\x82\x1f\x84\x91\x1e\x9a\x93\xc0\x11\
\x96g\x13\xd6\xf9\x07\x0a=(\x18K\xc4P -\xc4\
\x1f^`xC\x81\xcc\x10\x856\xec\xe1@pr\xb8\
;\x1e\x0aq ?\x84Q\x10\x8fH\x10\x22\x0a\xc7\x88\
L$H\x12\x91\xb3\xc4(\x16\xc4\x89\xa5\x81\xa2\x15\x0b\
2\xc5\xa2Tq\x8b\x06\xc1\xe2J\xb4\x08F\x83L\xf1\
\x8be<\x08\x11\xc9\x98\xc6\x83\x00\xb1\x8d\x11)\x22\x1c\
%r<4\xceQ!\xc0a\xe3\x1d\x15r\x1c;\xee\
\xd1!\x86\xd1\xe3\x1f\x1d\xe2\x18?\x0e\xf2![\x11\xe4\
!\x1f2\x13C.\x12\x22\xecP$X\x02\x02\x00!\
\xf9\x04\x09\x03\x00\xff\x00,\x19\x00\x19\x00d\x00d\x00\
\x00\x08\xff\x00\xff\x09\x1cH\xb0\xa0\xc1\x83\x08\x13\x16L\
\xc5N\xa1\xc3\x87\x10#J\x9ch\xb0\x94\xbbn\xee(\
j\xdc\xc8\xb1#\xc3n\xec\xbe5\xecH\xb2\xa4I\x81\
\x161r\xbb\x98\xf1\xa4\xcb\x97\x0f?\x86d\x07R$\
\xcc\x9b8Q\xb2\x5c\xa9\x92e\xce\x9f&e\x8a\xacI\
s&\xd0\xa3\x1aS\xba\xe3\xb9t\xa7O\xa4P\x1d\x0a\
-:t&\xd1\xa8X+:\xed\xc9\xb5)\xc6\xac`\
\xa7\x12\x1dk\xd5(X\xa8J\x99\xaa\xdd\xea\xb5\xe5\xd9\
\x9fb\xcbV\x9dKu\xe4\xdb\x9bi\xd9\xae\xed\xca\xf4\
.\xcc\xb8t\xc9\x066\xeb\xb7d^\xbez\x13\x7f-\
\xec\xb1\xae`\xc7r!\xdbd\x9cTq\xdb\xbd\x97\xd9\
R\x9e\x08X\xb2\xe7\xc7W7?<\x9c\x19\xb1\xe9\xd2\
nE\x1f\xec\x0c:rk\xba\xaa\x0f\x92\xc6L\xdb2\
\xe6\xd8\x04Y\xbb\xde=\xb8\xb7]\xd5~l\x0b?]\
{q\xecZ\xbc?'\x7f]\xb4\x0f\xe5<\xeb\x06\x11\
\xa45\x1cuq\xd4z\x9e\xaf\xf3\xc7\x0f\x10A\xe4\xbe\
\x99\x8b\xff/\xeb\x9c1t\x7f\xdb\xa3O\xaf~\xfdz\
\xf6\x81\x8b\xde\x9e\xe7\x87\x9e\xbb\xf7\x81\xe0\x95\x87_\xce\
\xae\xbc@c\xeb\xc0\x02\xd6y\xe9\xd5\xa7\xde@\xd4\x11\
\xc7\x1e[\xef\x09\xc4Lz\xb1`5_}\xf4m\xd7\
\xddw\xfc\xed7\x98\x7f\xff\x00\xc8\x1dz\x02\x22\xb5G\
\x81$\x1a(\x1d\x82\x0b*\x88Q\x83\xff<h z\
\x11\x025\xa1\x85\x14Rx\x9f@\xf9\x8d\xb7\x1f\x87\x1e\
V\xf8a\x80?\x8d\xf8b\x89$\x9e(P\x82\xd6U\
\xc7\xa2\x8bD\xc2\x88\xd3\x8c?F\xe9\xe3\x85\xf8e\xa8\
\x1c\x8f4f\xf9c\x88.\x09\xd9\xe4\x97\xe8\x19\xf9\x0f\
\x92\xed1H\x10\x93C\x0e\xc9eIPNY\xa3\x96\
T\xe2h%YXJ\xf9\xe6\x96&y\x99&\x98E\
\xae\xa7b[K\xf2\xb9\xe7\x9a\x1a\xb5y\xa7\x9bp\xde\
\xf8O\x8e\xfc\xd5\x89\xa8\x9dY\x12*\x91\x9e\x82V*\
&\x99\x96\x05\xba\xe7\xa6$J\xfa\x90\xa1p\x1ez\xa8\
\xa2\x8cnHP\x8f\xa2\x86\x9ae+\x13Q\xca\xe9\xab\
D^\xff\x9a\xe9\x99\x95\xc2\x0abDB>\xaak\xaa\
R\x92\xba\x9b\xa3\xbc\xee\xba\xeaC\x80\xd4j\xec\x9e\xb2\
v\xa5\xe9\xb1\x95z:P\xae\xc1F\xab\xaa}\x18V\
\x05\xec\xb4\xc2B\xca\xeaA\xc5\xda\xca,\xa7\xc9\xba\xb3\
\xac\xb7\xe4\xa6')\xb4\xd8J\x0bi\xaf\x18^\xbbn\
\xb6\xc2n+P\xb7\xdf\xd6;\xa4\x98\x05\xa1i\xaf\xb1\
\x5c\xa6\xeb\xef\xbb\xc1\x22\x84\xea\xbf\xf0\xa6\xbam,\xfb\
\x96\xbb\xa7,\x07\xe9\xab\xf0\xbe!\xc2B\xb0\xba\xf0\xc6\
X\xd0\xc0\x00O\xec\xef\xc1\x09\xd7\xcb\xf0A\x1d?<\
\xe4@\x12glr\xc5\x09\x1dR\xb0\xc6'\x17\x84\xb0\
\xc8\xcc~,P!\xee\xdcBP\x22!\xd7{P\xc9\
+\x9fL\xa1\xc5\xff 2S0\x04\xa9L\xf1\xd1p\
&\xf4r\xceC\xca\xfc\x0f\xcdL\xd9<\x10\xce0?\
\xec\x10\xcfH\xbf\x0b\xb4\xd0t\x11=\x90\xd1,\xf7\xcc\
\x0fDKWM\xa2\xd3P\xb3%\xb5@T3M\xa4\
DX\x87\xfd3A\x5c{\xe6\xb5@`\xfbL0E\
e\xef\xff\xeb4\x22Ib\xb4\xcb\xcdn\x1b\xb8Q\xdc\
zs\xb7\xb5\x95\xc2\x14-v\xc0\x1c\xf5]\xee\xdf\x81\
\xb75\xf8\xd4n\x97\x848\xca\x03\xd5\xad#;\x8d\x7f\
\xfdx\xd2&I\xce'\xe5evu9\xdb\x1d\xbf\xb4\
\xf9\xa1\x8bk\xe8Y\xe8x\x8f\xce\xddM\xa67Mw\
\xe5\xd7\xad\xfeO\xdb\xe5\xe6\xf4\xba\x85\xb1\xebg<\xed\
\xff\xe4\x0d/P\xb9\xaf\x83z\x8a\xa8\xf9\x0e<\x9fH\
m^\xfc\xe7\xcc!\xaf\xfc\xa1Q\xf5\xfd\xfc\x9f\xa9\xbb\
#=\xf5X\xf1|\xfd\x9c\x8c;\xce=X\x08\x7f\xcf\
;\xf4\xe3\x8f\xfc\x96\xa2\x9e\xa3/;Q\xdaO\xb9\x19\
\xe0\xe1\xf7\xcfV\xfc\xeb\xd8\x9f\xfd\x8c\x97=\xc7\xed\xef\
}\xe0\xab\x8e\xefD3@\xec%\xc7\x0f\xb8\xf9\x07\xf4\
\xfc\x87\x98MDP \x0d\xcc\xa0H<q\xc1\x81L\
\xf0\x83\x16\xec\xe0@4H\xc0\x99pP\x84\x04\xf9`\
\x02C\x88B\x82\x90\x909'laAT\x98$\x16\
\xca\xb0 /\x8cL\x0coh\x10\x1a\xae\xc5\x86<4\
H\x0eH7\x18D\x87\xf8\xd0\x1d@,\xe2AH\xb8\
C%&\x04\x84N\x8c\xc8\x00\x9b\x18E\x85,(\x89\
UT\x88\x95\xa8\x98E#*\x08\x8b]tHr\xb8\
\x18\xc6\x87$\x06\x8ce|\x88\x0e\xd3\xd8\x11\xa7\xa0\x91\
\x8d\x101!\x1cK\x82D\xd5\x04\x04\x00!\xf9\x04\x09\
\x04\x00\xff\x00,\x1a\x00\x1a\x00b\x00b\x00\x00\x08\xff\
\x00\xff\x09\x1cH\xb0\xa0\xc1\x83\x08\x13\x1a\xf4\xa4\xb0\xa1\
\xc3\x87\x10#J,\xa8\xe9\x1b\xbb\x89\x183j\xd4\xe8\
\x89\x9b\xbbn\xee6\x8a\x1cIR`Ev\xdd\xd8Y\
,\xc9\xb2\xa5\xc3\x8e\x1f\xddy\x04\xe9\xb2\xa6\xcd\x7f'\
SZ\xd4y\xf1\xa6O\x91\x9cf\xca\x8c)\xf4\xa7\xd1\
\x89\x96v\xaaD\xb9\x94\xe7\xd1\xa7\x0d\x83\x12\x9d\x0a\xb2\
(\xd4\xab\x04\x932U\xcaukO\xacP\xa5V\xa5\
:t,M\xb0G\xb5\xf2\x5c\xdb\xb4\xedJ\xb4>\xc5\
\x96\x9d+\xb4nL\xb86\xd5\xba\xf5\xca\xb6+\xde\x96\
r\xed\x9a\xa5K\xf6/I\xbd]\xfb\xf2\xddkxc\
`\xb2\x82\x09\x0fn\x8c\x11\xf1\xe2\xc4{\x15S\x8e\xa8\
)\xb2g\xc8\xa0\xcfnVhY\xb1\xe9\xcc\x8cG#\
\xec\x1cZ\xb2\xeb\xcf\xa2U\x0f,\x8d\x1a\xb3\xed\xcb_\
\x0d\x03jD\x90\xf5`\xd8\xaf[[\xfd\xbbg\x9d\xbf\
G\x02i\xdf>\xbd<5\x5c@\xc6\x8d\xf3\x9e%\xbc\
\xfao\xeb\x95\xe0\x16\xf7\xc7\xcf\x9fq\xe4\xb4j\xe3\xff\
f>\xbe)\xa5\xe7\xd1\xbd\xab\x9fn=\xf8\xf5\xf7\xd9\
\xd1n\xefn\x9c\xfe\xf1\x7f\xe1\x9b\xeb/\xbf\xf3<Z\
\xe8\xea\xa5\x97\x1e{\xef\xb9g\xe0L\xd9=\x93\x09V\
\xf3\xa9g\x9f}\xe0\x89G\xde\x84\xe7%c\x5c'P\
\x01(`\x80\x1c\x12x`{\x08\xfe\xf3Lz\x0b\x1a\
\xd5`}\x0e\xa6\xf8\x1d~\x12\xb6\x98X\x85(^\xf8\
\x93\x86\x1cn\xb8\xa1\x87\xc0\xe5\xf8Q\x826\xfaSb\
M'r\xa7\xa2\x901\xde\x97\x1f\x7fHv\x03#\x91\
Lb\xe8\x92 =FY\xa3?8\x82H\x15\x8fS\
\x92\xd8\x12\x80\x0f\x0e\xd9e\x91\x11\xeeg\xda\x92_6\
Y\x12\x94Y\xa6)e\x95\x05\x0a\x86\xa5\x94Z\x8a\xc4\
\xa5\x97t\x16\x09!\x8bb6\x15\xc9?\x162Y\xa6\
}Nf\x84&\x9cj\xa6\xc9\xa6{\xe7\x8dXh\x8f\
?J4\xa7\x9du\xfa9d\x98I\xee\xd9\xe7\x9f\x91\
\x06\x0a\xd1\xa0\x8bv\xda\xe3\xa1\x82\x9d\xc7\x0c\xa1\x846\
\xda\xd0\xa3\x92B\xaaj\xaaFJ\xb8\xa71\xabb\xff\
Z\xa4\xa6\x09qJ\xaa\xa7\x86\xfeC\xdd{\xa2\xdez\
\xab\xa9\x06\xa1*+\xab\xc3\xdey\xe4Z\xaf\xc6\x1ai\
\x99\xb4\x12d+\xae\xbe\xe6\xbakY\xbdB\x8b+\xb0\
\xff\x08\xbb\xec\xb6\xca\xaexl\xb2\xc4r\xcbj\xb3\x99\
X\x1b-\xa9\xb1\x08\xb4k\xb5\xe7Z\x0bl'\xe2\x16\
\x1b/,\x04\xd1\x02\xae\xbc\xdd\x8ekP\xb9\xed\xf6\x1b\
`\xba\x06\x8dj\xee\xc0\xc6\xbd\x1b\xef\xc1v\xd2k\x10\
\xac\xe1\xe6\x8b\xaf?\xe4\x12ln\xba\xa4\xdcB\x90\xc0\
\xfef\xec\xa3A\xf0:\x8c0w\xf4\x8ebQ0\x02\
1\xfc\xf0\xc9\x99\xee+1\xba\xff\x90\x22\x94\xc5\x8d\xac\
,\xf3:\x08u\xdc\xf0\xcd\x0f\x86\xdc\x15\xc9\x8f|\x8c\
\xb2\x9d\x0a\xf1;\xf3\xbf-G\x06\xf3\xd0\xe7:d\xf3\
\xcf~\xea\x8c\x1b\xcf>\xfb\x0c\x91\xd0\x1a\xafC1p\
GW\xed\xa9DK\xfb\xec4yP{,6w\x18\
Q=q\xd1\xede\x8dt\x8d\x1au\xed\xf0\xd7.\xb2\
\x136\xce\xf1\x8ad6\xcb.[\x09\x92\xdaZG\xff\
G\x92\xdb\xc4\xd2\xebI\x9e;\xff\xd3\xf3\xd8\x7f\xb2t\
w\x96W\xeb=\x17\xdf+\xbb\x04x\xce\xff\x0c\x9e\xa4\
x$C\x12u}6-\x1e]\xe3m\xa6mx\xe4\
7M.8\xe1Hf.\xf5Ow\x83\xfea\xe8{\
\x8f\x9e\xf4QK\x9f~9\xea\xaa;|\x15\xbf\xae\xeb\
\x08\xfb\xe3\xb2/\x0aV'\xb6O\x18\xb7b\xb9\x13\x8b\
W\xde\xbf\xfb\xee\x9a\xc5\x87g\x89\x97\xe5\xc6\xa3\x8e\xfc\
?\x9a\x03\x0d\x17\xf3\xafwot\xf0~\xc3E\xfd\xf1\
\xe4\xdf\x96<?\x869\xee<l{\xcaNY\xf9\xb7\
\x8f\xe7\x08A\x90\x8c\xa6\xfe\xfd\xdd\xb4/\xdb@\xf0W\
\xcf\xd7\xfc\xfb+\x08\xfe^\xa7\xbf\x00\x12\xa4\x7f\xc7\x03\
\xa0\x01\x0d2@\xd8(p\x81\x06A\xe0r\x18\x01A\
\x854\x90*\x0f\xac\xe0A$\xc8\x17\x0aj\xb0!\x17\
\xecF\x06?\x88\x10\x0ev\xc3\x83$t\x08\xfeF\x98\
\xc2\x84\xf4\x0f\x85-|\x88\xdeX\x18C\x85\x1c\x0f\x86\
5\x84\x88uh\x98\xc3\x86H\x08\x87=\x8cHh\x1e\
x\x18D\x87d\x06\x88E\x94\x08\x06\x938\x92\xa6 \
\x91\x89\x13\xf9\x08\x11\xa1\x18\x91'\xe2% \x00\x00!\
\xf9\x04\x09\x03\x00\xff\x00,\x1c\x00\x1c\x00^\x00^\x00\
\x00\x08\xff\x00\xff\x09\x1cH\xb0\xa0\xc1\x83\x08\x13\x1aD\
%F\xa1\xc3\x87\x10#J\x9cX\xea\x1b;5\x133\
j\xdc\xb8\x11\x157w\xdd\xdc5\xe4H\xb2\xa4\xc9\x8a\
\xec\xba\xb1\xb3\x88\xd1\xa4\xcb\x97\x0f=\x82t\xf71\xe4\
H\x988s\xa2Ti\x91'\xbb\x9c@_\xca\x0cY\
\x93\xe6\xcc\xa0H7\xee\x5c\x99\x92\xa9\xcf\xa4P!\x0e\
5Jtf\xd1\xa8X\x0f.\xed\xe9\xb4\xab\xc5\xac`\
\xffM-J\xd6\xea\xd1\xb0P\xb76\xe5\xcav\xedO\
\xb4A\xc7\x9a\xadJ\x97\xaa;\xb8:\xdb\xfa\xdc\xeb\xd5\
-^\xa1e\xeb\x06\xb6{\xf5/I\xb5|\xf5\xf6}\
jX\xa3\x5c\xc1s\x09GnLQ\xb1e\xb7\x89\xfd\
R\x16\x98(\x11\xc2\xc7\x92!\x8b\xb6\xbb\x99\xd0:\x7f\
\x9e\x0b\x22^\xcc\xfa2\xe3\xbf\x89N\x9fN-\x10\xf4\
\xe0\xdb\x91\x07\xff5\xed\x8f\x9f\xbf\xd9\x02W\xbbn\x8d\
\xb9/\xdc\xd8\xbf\x93\xcf\xb6\x9d\xbb\xf9h\xdd`y\xfb\
>=\xdd_<p\x99\xb3\x13\xd7\xde6+r\xd9\xca\
\x93\xc7\xff\x0bM\x1e\xf7\xf3\xb9\x8a\xa2JO^\xbd\xfa\
u\xee\xc5\x87\xbbF\x14\xf5{x\xf0\xe0\xc7\x9b/\xef\
<tz\xa8\xebQ\xc7\xde\x80\xa7\xbd\xb7\xdd\x81\x8a\x85\
\x83\x1d}P\xd9\x87\xdf}\xe1\xe9\xd7\xdf~\x83us\
\x8f<\x8e\xa8'\xe0\x86\xbd\x11\xd8a\x81\xd8!\x18_\
q\xe1\xd8sZ(\x0d>\xa8\x22\x84\xf9\xf1w^]\
\x16\x82\xd7\x09R\x01~hc{\x1e\x1a(\xdf\x88*\
\x95\xc8!\x8a99\xc8\xe2\x90\x0fJ\xf8\x22y1B\
8#L5\xe2\xc8\xa1\x936\xea\xc8#k>\xde\x98\
\x1c\x90&\x09\xb9\xe2\x96C\x1a\xe9\xa2]Ir\xb9$\
IMz\x08\xe5\x99\xe2\x85\xb8c\x8f&Z\xf9#I\
Z\x12)\xe7\x8a^\xee\x17\xe6\x9c\xfe\x8c9Q\x99O\
\x9a\xe9'\x87RjW%\x9aoN\x14'\x97\x88\xca\
Ygdw&*\xa3D|\xba))\xa1Q\xaaI\
b\x9b\x94B\x89\xa5B\x87\xe2\xe9h\x97H\xde\xf3\xa9\
\x98\x0eE\x9a\xe9\x9f\x93\xa6\xc9\xd7\xa0\xa8R\xba\xa9A\
\xa6x\xff*\xeb\xa8\xbf\xdd\x03\xa3\xa8\xb3\xca\xa9\xa7A\
\xa7\xb4\xeak\x9f\xc0\xf6\x16K-]\xb1\x1a\xec\xa9'\
*\x14+\xad\xcc\xb2\x18\x8b@\xaf\xcc\xd4h\xae\xa4&\
\xd4\xeb\xb1\xbf\xa6\xba\x0e?\xfc\xc0B\xd0,\xec\x18\xab\
\xed\xb8\xd5\xbdZ\xd0\xb2\xd4\xca\xba\x0f:\xe1\xc8bP\
-\xb86K\xeb\xae\x05]Kn\xb6\xd3\xc1c\xd10\
\x061\x83\xed\xbf\xe3~\xa2l\xba\x89\xae[\xd4.\x04\
\xf9Kp\xba\xf4\x12d/\xb2\xda\xea\xeb\x960\x02\x19\
\x030\xc4\x94\x0a\x9c\x10\xba\xf2\x86gpd\xcb<\xd3\
\xf1\xc8\xc95<\xd0\xc3\xf8\x12(\xf1\xaa\x98\xa6|1\
\xaa\x1a#\xc4q\xba\x1fC\x16\xcf\xc2$\xcb\xf6\x10\xca\
/\xaf\xb3\xf2b\xe0\xc8\xe3\xf2\xbd\xc7F4\xf3\xa75\
\xf3ws\xce\xd4N\xc4s\xc4k\x06=4\xc6\xeci\
t\xf4\x90IS\xe8\xce\xd28{\xca\xd1\xd3N\xfe\x1c\
\xb5\xd0=\x13\xdd[IW\x83\x97\xf5\x84fq\xcd\xb4\
\x8a.\x81\xfd\x9b\xd8S\xea%u\xd9\x99\xc2t\xf5\xda\
G\x96\xf3\xe5v\xd7:\xe3\xc43\xdd\xf0ew\xb7\xd9\
g\x06\x85.\xdf_\xe2\xf6\xf7\xc8I]K\xb8\x88\x86\
\x93\x8dx\xd5P\x99\x82\x8e\xd6}\xb7\x8d3V\x9a\xac\
I\xb9S\x87c\x0c:\xe7\x8d7\xf7\xf8\x9cXY\x22\
\xfa\xeb\x98\x95\xde\xea\xe9lw~\xde\xeapG\xe5z\
\xdd\xbc\x17N\xba\xe5\x89gU{\xea\x9d\xe3\xfe\x1bZ\
\xa3\xc3\x9e\x9d%\x8f\x98\x89\xd7\xf0\xa8\x9bg\x89@\x8d\
\xdcgX\xf2\xbd/V\x09A\xcdSG\x19\xf4\xe0\xd3\
5}A\xd5\xaf\xb3\xd9?\xd8\xfb\xde\xd3\xf6\x07=r\
\xbe@\xe1\x13?\xfe\xfb\x0a\xa5\xbf\x1d\xfb\xf4;\x14\xbf\
\xf4\xf9Gd\xbf^\xf8\xeb\xdfC\xf67\x97\xf9\x09\x10\
\x22\xffKI\x00\x0f\x08\x11\x02v\xc3\x80\x0c\xf4\x9f\xf2\
\x16\x18\xc1\x88\x84\x0f\x82\x15\x94\x08\xe5(\x98A\x89\xd4\
\x0e\x83\x1d\x9c\xc8\xfdBh\x12\xe7\x80\x90\x84\x19\xd1\x1e\
\x0a_R\xc0\x15\xc2\xc4)\x1ct!G@rB\x19\
r$\x86\x86\x09\x08\x00!\xf9\x04\x09\x03\x00\xff\x00,\
\x1e\x00\x1f\x00Y\x00X\x00\x00\x08\xff\x00\xff\x09\x1cH\
\xb0\xa0\xc1\x83\x08\x13\x1a\xa4\xc6n\x8d\xc2\x87\x10#J\
\x9c\xa8P\x9a\xbbn\xee\xccP\xdc\xc8\xb1cD\x86\xdd\
\xd8}k\xe8\xb1\xa4I\x8e\x161r\xbb\x98\xf1\xa4\xcb\
\x97\x07A\x8ad\x17r\xa4C\x988O\xa6t\xb7R\
%K\x8d9\x83n\x949\xb2&\xcd\x997\x85*\xad\
\xc8\xb2'\xcf\xa6?\x97J]x\xb4\xe8L\xa3F\x93\
N]\xba\xd3\xa9W\xa8\x18\x81n\x15J\xb4\xaaY\xac\
H\xc7\x06\xed\x0a\xf6\xa9\xcf\xb7-\xd5\xbe,\x8b\xd6\xaa\
]\xb3Z\xe5\x12L\xe4-\x22[\xb8_\x01G\xd5K\
\x90\xd0:\x7f}\x15\xd2\xbd\xca\xf8n]\x92\x84\xff%\
:|8\xf1\xc1\xbfn3\x07\xd6<X\xaea\x7f\xfc\
\xfcU\x8ey\xb6qi\xc7\xa6\xf3J\x9d,\xba\xf5h\
\x82\x987\xcbn\xebT\xac\xd4\xcf\xa1\x0f\xe7F<p\
1\xea\xdf\xa7\xf1NeM\xd9u\xeb\xbe\xb1i+\x17\
\x0c\xd7vN\xdc\xadw\xef^w\xee\xb1u\xd3\xd7\xef\
\xaavI\xdcx\xf1\xef\xf0f3\xff\xe7<\xbe\xf6s\
\xdd\xd1\xd3\xa3\xd7]\x1d\xbb{\xe0\xd9!s\xff\xee\xbd\
>\xe5\xf0\xcb\xc9\xeb\x17\xcf\xee%\xf4\xf5\xa0\xa9\x17 \
{\xf1\x15\xf8\x1eM\xdd\xbc\xd4\x1d}\x0c\xda\x87_y\
\xf9\xf1\xe7\x1f\x80\xd2\x09X!\x81\x07\x1a\xe8X\x82\xf3\
\xd9\xe7a\x83\xf7\x89\xb7\x1fK\xdd\xd43\x8e[\xfd\xb9\
\xf4\xdf\x80,^\xd8bt\xed\xc1\xe7^8\xf6\xac\xc3\
O9\x08*\x08\xe2\x87<\x86\x18a[\xdd\xe8S\xdc\
8)\x9e\xb4\xa2\x8bHZ\x18\x1d<\x1a\x1eE\xe3z\
\xfc\xe8\xd8\xe3\x94;\xae\xf3\xe0\x88\x18\x05\xc9\xa06F\
R\xa8\xa4\x97`\xb6\xc8d\x86\xec<\xf9\xe2:\x5cz\
\xb4 \x95l2x\xe5fZ~\x98\xe6FG~y\
\xe6\x9dH\x8e\x89\x9a\x99I\xa2\xb9\xd1\x9aU\xb6\xd9\xe3\
\x9b$\x0aI\xe5\x9c\x10\xe1\x11f\x9fx\xda)\x9d9\
h\xf1\xe9\xa8h\x88>\xa4M\xa0\x98\x0aJY=p\
\xc5\x99)e\x95*ti\xa3\x8bNJ!=#Y\
%i\xa9\xeb\x85\x9a\xd0\xa8\x9fj\xff\xea\x1d\xa7\x99u\
sO\xac[N4*\xa3\xbc\xa6'\x0f?\xd2\xb9b\
\x0bc\xab\x92z\xa6\xab\x08\xc1*k\x83\xf1\xb83\x0e\
?\x94\xb5\x22\xd0,$\xde\xba\xacw\xc8\x1e\xb4\xab\xa9\
\x8d\xc6\xd3\xceH\xe4\x00+\xed@\xb4\x94Y\xa3\xb1\xbd\
\xfa)\x91\xb2\xb8\x1a\xd7\xacS\xe3\xc4b\x90-\xd6\xb6\
[e\xb6\x06m\xcb\xea\x8b\xde\xde%\x8cA\xcc\xec\x9b\
\xee\x80\xf8\x16\xc4\xae\xa0\xef\xb6u\x0bA\x01_\x8bi\
\xc1\x04\xe9\x8b\xae?\xfd\x06\x17\x8c@\xc6\x08\xcc\xed\x85\
\x10\x0ftp\xa0\x09\x8f7\xcc3\xf6.\xdb\xb1@\x12\
'Y\xf1u\xc5\x0e\xec2\xa5\xbaf\x1a\xb2~\xb6\x96\
l3\xcc\xeb\x96\xba\xf2\x8c\xe7\xbe\xac1\x98'\xff\xf3\
qk3\xcb\x06\xcf>\x0e'\xbd\x0eE)S\xfcm\
pX\xc1\xe3\xf3\xc4\x8brtp\xd1\x11\x1e\xad\xb4\xa6\
\x1em\xbb\xb3\x8cEI\xbd\xf1\xd8\x14\x9a4*\xd6\x10\
\xaa\xa4\xf5\xcd\x9f\xba\xa4\xcd\xd7Pc'\xf6\xcfT\x83\
\x06\x13\x96xs\xb3\xf6\xd6\x0c\xc2\xdbD&\xd84\xcd\
]7\xaf0\xb5#\xe2\xe1M\xed\xcd\xb6k~\x03\xde\
d7\x82O-]\xe1\x88\xa7\xad\x99\xe2\x0e7\x1e\xb7\
\xe3rK\x1e\x1d\xe5?Zn4\xd26\xc3\xd4\x0d\xe7\
\xa8\x9f\x15\xf9\xc69\x85\x9ew\xd6\xa4\xb7)\xd4\xdf\x9b\
\xd7\x0e\xb9\xcbK\xb9^\xf9~\xf0xC\xe5T\xb4?\
n\x9a4\xff\xf8^\xf5V\xba'\xef\x13\xf1\x02\x19o\
\x9f\x5c\xc1G?\x12\xf3\x039?\xb9^\xca\xbfN=\
A\xceS\x16\xd9?\xd2\xd7\xbe}A\xd6\x7f/P\xf6\
\xb3\x8do\x90\xf1\xe6\x0f\x14\xfec\xea\x1fdY\xfb\xff\
\xa0\x0fU\xfc\xf4C\xf4\xfeL\xf8\xe7\x0f\x91\xfd\xfd\xf3\
\x9f\xfeR\x17@\x01\xfeOt\xee(\xa0\x01\x07(\xbe\
\x05\xba\xe4G\x0at`D\x0e\x14A\x09FD9\x15\
\xb4\xe0\x04\xef\x92A\x0d^py\x1e\x0c\x0a\xffB(\
\x94\x04.0 \x00\x00!\xf9\x04\x09\x04\x00\xff\x00,\
!\x00!\x00T\x00T\x00\x00\x08\xff\x00\xff\x09\x1cH\
\xb0\xa0\xc1\x83\x08\x13\x1a\x0c\xa6F\xa1\xc3\x87\x10#J\
4\xa8\xac\x9b;1\x133j\xdc\x980X7v\xdf\
\xd85\xe4H\xb2$\xc4\x8a\xee\xb8\xb9\xb3\x88\xd1\xa4\xcb\
\x97\x02=\x82d\xf71\xe4H\x9885\xa2Ti\x91\
\xa7\xbb\x9c@%\xca\x0cY\x93\xe6\xcc\xa0H\x13\xee\x5c\
\x99\x92\xa9\xcf\xa4\x13\x0fm\x1cj\x94\xe8\xcc\xa2P!\
&Z\xe7/\xe3\xd2\x9eN\xc3Z\xcc\xaap\xab?~\
]#R-\xca\xf6\xeaQ\xb2\x06\xcdr\xe5z\x12\xac\
\xdd\xa6w\x9f\xc2\x1dh\x16-W\xb4\x0e\xd7\xba\xb5J\
\xb8*\xbb\xbd\xff\xe4\xfa\x9b\xbb8\xed\xc1\xafx#\xfb\
\x9c\xcc\x14n\xdf\xc6~\xcf:&(\xb8p[\xcfo\
\x93*fLz\xf3?\xc8\x94\xf3\x8a\x8d\x9c\xf4\xd0_\
\xcc\xb0_\x0f\xecl\xf8s\xed\xc1\x87\x81\x8en\x5c\x9a\
\xf1i\xd5\xc0%\xaf\xd6\x0b\xd3\xb5\xe6\xd7\xc8\x8fkF\
\x87\xdb\xb6\xf3\xe6\xa1M\xee\xee\xcd\xbb:\xba\xe1\xd8\x83\
\xa7\xfei\xd2x\xe6\xef\xb1\x95\xa3\xffe\x0e\xba\xfcm\
\xf3%\xa7W\xa7^\xfa\xba\xf6\xec\xc2\xefr\xf4\x1e\x1e\
|r\xf0\xe4\xcf\xeb\x7f^X\xa3z\xf6\xeb\x05\xe8^\
|\x04n\xb7]T\xf7\xd5\xa7`\x82\xf9\xf1\xb7\x1ft\
\xdfH\xf4_\x80\x00R7\xa0\x81\xf0\x19(\x11!\x09\
v(\xde\x82\xcbA\xf8`y\x12VH\xe1\x89\x00^\
\x08_7\xe4h\xb7\xa1\x87\xf6}\x08#l\x0dB\x17\
\x8e=\xf5\xb8CbD\x13\x9a\xe8\xa3\x80+\xde\xc3\x15\
=-J\xf6\xa2\x8cH\xc6\xa8\xa4\x825Zu\xe3k\
9\x12V\x22\x8aT\xfe\x98\xe2j\xdd\x08Y\x1d\x91=\
M\xd4L\x92 .9\xe3_\xf4\xb4\xf5\xe4\x87Qj\
\xc4L\x95lZ\xc9[=we\x09 =\x1c})\
&\x98c\x8aGOHN\xda3\xa3/\x1c\xad\xe9\xe6\
\xa0\xeb\xc1\x19\x99\x9cl\xe6R'\x9e\x8c\xf2\xa3\xce8\
\xfa(\xb9\xa7[g\xde\x89\x16\xa0\x1b\x09\xda&\x85\xf1\
X\x14\x0e?\xbd\x19\xea\x13\xa2n*\xba\x114\x8d\xd6\
\xa7NQ\x90~\xe7J-\x94\xfa\xff\x99\xeak\x98j\
\xf4%\xa1\xebt\x1a\xd9\xa7s\xb5\x22\xd0+L\x91\xba\
)c\xa6j\x84\xaa\xa5\x98\xad\x8a[\xab\xac\x104\x0b\
;\x95\x86\xa9`\xad\x19\xdd\xda\xa6\xae\xdb\x85\xe3\x8aA\
\xb6\xe8\x83k\x80\xc5ftl\x98\xca\x9a7\x8cA\xcc\
\xe4\x89,\xb5^V\x89-|\xbb\x10\xf4\xcc\xb7\x00\x86\
;\xd1\xb8\xf7\x95;\x22;\xc2\x08\x94\x8c\xba\xd2\xd2\xba\
ho\xef\xbeg\xd12\xd0\xd0\x9b(G\xf8\x9e\xa5\xaf\
\x83\x1fE\x0b0\xc0\xecJdm\xae\x06\x1f\xea\xed\xb0\
\x1c\x13\xcb\xb0\xc3\x10\xc7:\xf1\xac\x1fV\x1cQ3\x05\
\x17\x18\xec\xc6\x0a\x13joD}\x84\xdc\xe7\xc8\xc8\xfe\
\x99Q\x1c\x19\x8f\xcar\xc7<\x97\xf6rBo\xc8l\
X:$\xd7\xdc\xa8D8\xab\x1c\x1c:=7=\x97\
DA\x8b\xe8 \xd1FW]\x1f\xd29\xc3\xc7t\xcb\
\xc3B-\xf4\xd4E\x07,\x1e\xd6J\x97\xed\xd3\xd6N\
W\xe9\xb5\xd4l\x17F\xb5\xd8U\x93\x8da\xd6w\xa1\
\xcd5i\x19\xb5\xbd\xafmo\xd3\xa0|\xb5F\x19\x06\
\xbet\xdaxs\xa4\xf7\xd73\xf5\x1d\xf6_&\x09n\
\xf6jv\xf7\xfc\xd2\xe1\x94\x87\xa4x\xdc09>7\
\x81\x91[\x09T\xe5{\x83T\x8b\x1cE#\xa5\xb9\xe6\
\xba\x0c\xd4uR\xa0\xf3WKAGgu\xbav\xa9\
\x1b\xa46\x5c\xad\x0f\xf6:BI\x22\xf6\xcf\xec\x92\xd5\
\x9e\x10\x85\xbe\x0b\x94\xfb7\xbb;4v\xf1\x02\x01\xcf\
\x8d\xf0\x0f\xf1\xc6<A\x95'\x1f\xd1Y\xd3\x17\x84z\
\xf6\x93\x9bW\x93\xf5\xdc\x97\x94!\xf4\xe1\x9b\x04!-\
\xe5\xe74\xdc-\xe9\x7fN\x18\xfa\xed\x03\xe5\x14\xfb\xf1\
\x07\x05\x12\xfc\xf5\x07E\x7f\xfc\x01\x01\x00!\xf9\x04\x09\
\x03\x00\xff\x00,$\x00$\x00N\x00N\x00\x00\x08\xff\
\x00\xff\x09\x1cH\xb0\xa0\xc1\x83\x08\x13\x1atgF\xa1\
\xc3\x87\x10#Jd\xf7\x8d\xdd\x1a\x89\x183j<\xe8\
\x8e\x9b\xbbn\x0c7\x8a4\x98h\x1d\xb3\x91\x02)\xb2\
\xeb\xa6\xf2\x22J\x91\x8b\xd6\xf9[\xf7ld\xc7\x8f7\
A6|\x99\xb1\xa4?~3OjT\xc9\xb2bQ\
\x8b<%\xc6\x9c\xc9\x94f\xc6\x9cP=\xeaL\xfa\xd0\
'P\x99W\x85B$\xca\xd5hK\xaa\x09\x97\xca\x1c\
\xdb\xb4\xe6\xc3\xa88\xa5B\xdd\x09\x96\xa0U\xa6W\x7f\
\x06u\xd8ue\xdd\xa3.\xdb\xfe\x13\xdb\xb4\xefX\xb3\
\x1c\xd5\x0aNKxj\xdb\xb7X\xe1*6y\xf0\xae\
c\xaf\x15\xf3\xf2\xe4K\xb6\xb2_\xc0\x02\xd1\x82\x1c\xbc\
\xb9pH\x9e\x88\xe5&\x1e-Z\xebc\xbb\x90Q\xab\
\x96\xbc\x91\xb2\xdf\xd7\x95\x9f\xc5\xd1L\x9b\xf3\xda\x91\xa1\
\xe3\xea^,\x1a_8\xd5G\x83\x9f\xc6\xdb\xda\xb2q\
\xd8~\xf5\x81\xab\xed\xd9\xb6Z\xb6\x11s\xf3\xdeM\xfa\
\xaao\xe0\xc3O\xb3V\xe8\xfa\xb8w\xd8\xca\x99w\xff\
\x1eO\x1bzB\xe9\xd5\xa7\xab_w]xj\xf7\xd8\
#;\xec\x8e\xfc\xbb\xf7\xf0\xce\x9b\xeb7|\x10\xbd\xe8\
\xff\xd4\x01\xb8X{\xd9\xbdW\xd7v{\xd9W\xdf\x82\
\xc6\xe1\xb7\x9fx\xb7\xb9\x95\xde\x84\x02RH\x1d\x81\x06\
f\x18\x1f;\x04\xd1\xa7\xe0\x87\xf59H^~#\xba\
s\xcb@\xfe\x05\xa8\xe2z\x15b\xb8!|G\x9d8\
\x10\x8842\xe8\x97<%\xe6\x88\x96\x8c\x04\xadh!\
\x8b>\xfeDOE^\x85\x83\x0e\x8cu\xf1XP\x8d\
L\xd6W\x0fy\xdd\xe8\xb3\x8e:$\xde\xa4\xa4AA\
f\x09$\x5cCr\x15\x8e=X\xa5\x83dEW\x1e\
\xd4\xe4X\xfc\x94\xc3\x0f\x8dOB\x15eeT\xeaW\
&BZ\x8e\xa6\xcf8\xec\x8c\xa3O\x96]\x16\x09&\
\x80b&\x89\x11\x93\xfc\x84\x83S8k:\x09\xa5\x94\
\xb0\xc5\xd9\xd9\x9c\x0e\xd5y\xa7jz\xaa\xd8\xa7]_\
Z\x18(\x99\x22}X\xa8g\x88\x1a\xd7\xa6Zo2\
\x18'\xa4\x11\xf98)|\x95\xc2\xe5\x8a-^\xfe\xff\
\x99e:\xa8J\xe4\xdd\xa7:\x86:S+\x02\xcd\x82\
S\xa94RE\xdd\xaa\xa7U\xca\x0aA\xb4\xb0\x93i\
\x85\xcc\xf2CUe\xb8B\x18\x8e+\x06\xd9\xc2\xe8\x99\
\xc2\xceD\xac\x86G\x0dc\xd03?Z\xf8l\xb4U\
\xaa\xb5\x0bA\xe0\xdah_Rw\xe09\xe6\x86\xc2\x08\
\xc4L\xb8\xcd\xc2\xc5\xd30\x0fV\xc9\x0b4g\xd6\x87\
\x923/f\xb7l\x9d\xf5b%\x12\xbe:V\x09\xac\
\xba\x0c\xaf\xa3\x11\xc0\xef\x229\xf0\x96\xf4\xea\x86\x11\xc2\
\x10\xda\xb6p\xbf\x1fF\x04q\x81\xd8M\x5c1\xc5\x00\
>\x84q\xb9\x9em\xdc\xf0\xcac)\xf41\xb7\x8e\x89\
\x5c\xf0\xccY\x22tr\xbe)_\xcb\xf2\xce\x95\x19\xf4\
r\xc0\x19\xca3\xf2\xd04\x13ts\xc2\xfa\x81\xa33\
\xc7<\x13\xf4s\xc41\xcbJ2\xc1*\x16\x843\xd2\
\x9d)\xcd4\xb6\x06\x81\x0c\xb5\xccTO\x9d\xd0\xd5\x19\
\xbb\xa35\xcf\x0d\xd3\x05\xf3\xda\x98JMt\xcdga\
]\xf6\xd9[\xc36\x11\xdb_\xbbM3\x90O\xc9}\
\x8d2\xddh\xf7<\x14\xde\x02\xeb\x1d\xb6\xc1\x22\x91\xfd\
\xf7\xd2M\xa3\xe4uv\xff\xcc\xbbwuI)\xfe\xe0\
@\xfc6\x9e\xd4\xe3\x06\x16$9\xd5zYN\xdeA\
\x99\x07\xab\xd7?\x9c\xdb\x95\xd0\xe7|\x9f\x9e\x99\xdf8\
9T\xba\xbf\xae\x0f\xf48D\xacS^;AdK\
4\xbb\xe0\xbb\x13\x049F\xb9\xff\x14<G:n\xf4\
\xfb\xf1\x0896\xd2\xe7\xcc\x8f=:J\xfcF\xaf\x10\
W\xd63\x1f{\xf6\xccs\xc8\xbdB\x01\x01\x00!\xf9\
\x04\x09\x03\x00\xff\x00,$\x00$\x00N\x00N\x00\x00\
\x08\xff\x00\xff\x09\x1cH\xb0\xa0A\x82\x89\xd6\x1d\x5c\xc8\
\xb0\xa1\xc3\x87\x10\x0b\x12Z\xe7\x8f_\xc4\x8b\x183:\
L\xe8\x8f\xa2B\x8d CB\x9cX\xb1cE\x91\x02\
o\xb1C\x89\x92\xa3G\x93\x1fA\xd2r\xd7\xcd\x1dK\
\x90$\xf9\x99\xd4I\xd1\xa2F\x95\xdd\xd8}[y\xf3\
\xa2K\x98HcF\x9cY\x93\x1bM\x9bE\x1f\x1e\xea\
\xb9\xb3j\xcf\x8b@\x85\xb2\x0b:4j\xc3\xa3/\xc3\
\xc2\x84\xc8\xd4\x9d\xd3\xa6O\xbd\x1e\x9cZ\x92\xaa\xdb\xb6\
'\x1bf\x1d\xcau\xabV\xb5\x08\xc5\xeaM\xda\x91a\
\xd9\xb3f\x9f\x02\xc6\xfb\x8f-O\xb8\x87\x13\xef<8\
\xd7.]\xadu\xd5\x82\xe5\xbb7l\xc1\xbf\x823\xa3\
\xad\x19\xd5\xb0U\xc4\x9f\x13\x0fl\x5c\xb74\xe4\xbb,\
'W\xa6\x9c4\x0f\xe6\xcd\x81a\x0f\x16\xe9\xf9\xadb\
\xdb\xa1\xd5\x99~\xcc\xdb\xb1\xef\x90\xaaY\xaf\xd6\x1b\x0f\
\xb0q\xcd\xb1\x93k\xe4x\x1b4\xee\xe7\x15u\x9f\xee\
\xbd\xfb\xb7\xd1\xe1\xc2\xb3\x87-\x8e\xfc\xb8\xec\xb4\x10\x99\
\x87\xff\x1e\x0f\xbd9?\xe9\xd4\xa7\xfb\x8e\xbc\x11\xbb{\
\xed0\xb9\x7f\x9f\x9f\x5c\x0cC\xf1\xe5\xc9;\xdf\x7f\xbe\
\xba\x7f\xf5j\x1c\x14\xdc{\x04R&_r\xde!\xf8\
\x94}\x05\xe5\xe7 \x7f\xfa\xf1\x83\xce\x7f\xe9\xf5\x16 \
A\xcc\x14\xa8\xa1v\xf4\xd0\x97`\x82\x0c\x0e\xe4\xcb\x83\
\xe6E\x18\xda<CU\xb8\x9ezu]8P\x86\xf0\
mXY\x87\x0az\xd8\x1dx\x04\x8d\x08!U\xf1\xe8\
Sby(\xb2(\xa4\x8aA-\x04#v\xe9\xb8\x13\
\x0e?2\xd2\xf8\xe1\x8d\xf45\xa4c\x89\xe9h5\x8e\
\x8f&\xf6DO\x8a+\x12)\xe4CG\xf2\x95$`\
K\x12X\x0fl\xdd\xd0\x13N\x8dl\xce\xf6\xd0\x94U\
U\xd9\xdb\x95?V\xb4\xe5i\xe1\xd8\xb3\x8e>\xe3t\
\xe9g\x91\x17\x85I\xd1\x98\xc8\x95)\xdc\x99\xc9u\xa3\
\x8fG\xfa\xac\xf9$l\x1a\xc1)\xa7\x9ft\x86v\xe7\
cy\xba\xc5\xe7\x9f\xa7\x85\x04#\xa1\xf4\x19\x1a\x16\xa2\
\x80)\xaaW\xa3m\xe2\x08\x92/\x93R\xc8N\xa5=\
\xb9\xffR\x0b\x9ez:\xb7\xe9\x7f,\xc5\x91*l\xa2\
\xb6\x22\xd0+O\x99*\x1c\xaa\x09\xb2\xa4\xc6\x90\x94\xfa\
\xb8\x0aA\xb3\xb0\x93\xe9\x8e\xb7v\x8a\x92\x19\xbb\xb2\x19\
\x8e+\x06\xd9\xb2h\x8c\xc4\xaa\x0a\xd2\xb1^\xaa8\x8c\
A\xcf\x90\xd8Q\xb4,Q\xfbh\xb5\xbb\x10Tn\x8c\
0\xa1j,\xb2\xae\xd6%\x8c@0\xd6y\x9b>u\
L[\xed\xba\x80\xf1\x02\x8d\x8c0E#\x12\xb8\x9c\x86\
k\xd7\xb3\xfa\x92\x07\x0dH\xeaB\xf9o\xb0\xdb\x12\x1c\
\x96\xc1\x18!\x5c/\xbd\xce\xd6\xda\xb0\x83\x0fG\x14\xb1\
\x8d$\xd3T1\xbc\xeea\xec\x90\xc6\x1c{\xc9p\x96\
;\xb6\x152C#OL\x9f\xb0\x16k\xa7\xb2A,\
+\xfc\xdf\xcb\xe6\x06=3A5\x03,1\xce('\
\xed\xd1\xd0\x02\xb5\x9c\xf0\xc2\x1e\xc3\xfc\xb1sL\xff#\
\xb1\xd15!\x9d\xb3\x86U;\xfds\xd4A\xc7\xfcc\
\xd5W_\x8d\xce\xd6J'u\x90\xd7,\xa63\xf5\xdb\
\x112T\xb6\x87\xe9\xa0-\xa3ClS\xe7\xb6\xd4|\
\xdb\x8d\x06\xd1\xdcm\xd6\x9d\xf6\xdd\x11\xe5\xbd\xde\xdea\
\xbf\x9d\x11\xe0\x1f\x0an7e \x19^\x1a\xe2bK\
-\x12\xe3\xdd9>8\xe4(I\xae\x15-\xff\xc0]\
^Q\x98\xa35\xcb@\x8f+\xc5\x92\xe1\xa0\x13$:\
bxa~\xbaA[\x13\xf6\x8f\xd3\xad\x1f\xf4\xbaO\
\xb6\x97=;C\x84\xdb\xde\xb4\x8a\xb97\xa4\xb8\xf0\x04\
\xdd\xf8\xfbC\x04\x22o\x90z\xc5C\xa4\xaf\xf3\x07e\
\xb6\xfcE\xc3Q\xbf\xd0\xe7\x22\x99\xa7\xbd\xdc\xd7k\xa4\
\xd7\xf7\xd4\x8bF>\xf5\x1e\x9d\xff=\xef,\x05\x04\x00\
!\xf9\x04\x09\x04\x00\xff\x00,!\x00!\x00T\x00T\
\x00\x00\x08\xff\x00\xff\x09\x1cH\xb0\xa0\xc1\x83\x03\x135\
C\xc8\xb0\xa1\xc3\x87\x10#\x12\x5c\xb4\xce\x1f2\x89\x18\
3j\x84\x98\xa8\x22?\x7f\x0b7\x8a\x1c\x89\x91\xa2\xbf\
\x8a\x15/\x92\x5c\xc9\xb2`G\x7f\x1f=\x82lI\x93\
\xa4I\x94's\xaa\xac\xc93\xe2\xcb\x980s~\x0c\
\xd9\xb3(\xc2\x9b9q\xe2\xdci\xb4\xe9\xbf\x9fB\xa3\
\xca$\x8aq\x8d\xd3\x87H\x95&\xdd\xca\x14b7w\
f\xae2\x84*\xb3l\xd0\xa9\x12\xbb\xb1\xfb\xc6\xce\xaa\
\xd8\x82Y\xb7j\xd5\xda\x15\xe1Wn\xee\xbe\x86}+\
\x90\xec\xd9\xbf@\x03\xcfl\xa8\x96m\xe1\xb6|\xe3\xce\
\x95\xcb\xb8\xee\xc0\xbby\xdd\xe1\xd5+\xd6\xaf`\xb3\x97\
\x83R}\xbc\x96\xdd\xe1\xc3n\x8d*f\xbcxqW\
\xc8\xa8%G\xde\xdb\xd3\xb2T\xc0\xaf\x05\x13\xfd\xdc\x99\
6\xdb\xd04G\x97&\xcd\x1b\x99\x9e\xd4\x93U\xa7f\
\xcd\xd25\xe6\xd8\xc8e\xda#g\xb8\xb6\xf3\xe6\xb7[\
\xea\xe6\xbd{7\xbdw\xc0#\x07\x0fN|\xa3q\xd8\
\xc7\xc3\xc3\xff^\x0e\xdd\xf3s\xf3\xd1EN\xafN\xbd\
\xfd\xf5\xec\xf0\xc1z\x17\x9f\xb9~\xf2\xf1\xcc\xd1\xeb\xb7\
\x8d\xb8$\xfb\xff\xedY\x87\x9dp\x04n\xb7ZF\xe0\
%h\x1f}\xb1\xd1\xc3Vy\xfc\x81\x86 \x80\x14\x06\
xR=\xf1\x198\x1c\x82\x0b*x_}\x0e\x9e\x17\
\xe1y\xb8A\xd4\x9e=\xfcTX\x1d\x86\x05j\xe7b\
|\xdd=\x94`>\xef\x90\xc3O\x878\x86\x08\xa1\x88\
<\xa6'\x11c\xf6\x0c8N\x8a\x16\x96\xc6\xa2\x86-\
fx F\x7f\xd1x\x98\x8d86\xf8\xe0~=R\
Y^\x892V\x14djC\xaax\xa1\x92`&)\
\x1f\x93N\x9e\x07\xe5\x87B\xe9h\xe5\x9a#B\x17\x8c\
F\x03\x22\xd9e\x91G\xbe(&\x92x*\xa3\x912\
m\xb23\x8e>9N\xd9\xe7\xa0\xcf\xbd\x99\xd12a\
\x8aC\xa4\x91\xa9}\x15&\x9e\xda\xe9\x99\x11\x9fU\x1e\
\xf6'\x88\x82\xb2#\x8e=\xe9T\xea\xe97\x86b\x84\
\xe8\x9dv*:W\x9d\x8e\xeaS\x11:vB\x0a\x9c\
\xa4\x18Q\xff\xba\xe3\xac~\x02*\x94+\xb68'\x0e\
>2uJk\x9b\xa1J4\xaa\xabb\x9azR+\
\x02\xcd\x12Y7\xaan\xc5\xea\xa3\x91\xeeI(\xad\x97\
\xb2B\x10-\x9a\xf2\x0a\x9b\xafl\x16\xaa\xd1\xb0\xad\x86\
\x9b\x9a8\xae\x18dK\xb3\x8b=K\xea]\xb0J$\
k\xb7\xbfv6\x8cA\xcf0\xc8-\xb0\xdfB\x1b\xe6\
.\x04\xd5k\xa1\xbayJ\xfb)\xbc\xfa\x09#\x103\
\x0c\xf6\xdac\xb0\x11\x81\xab\xef\xba\xee,\x03\x8d\x97\x00\
G;\xe9\xb4\x04\xd3\xb6i\xc2\xdbz{\xe8\xc3\xc4\x06\
\xc7\xac\x978\x01\xdcnD\xefbLh8\xf6pl\
\x9f\xaf\x0cC\xe40\xc4!/\x8bn\x91\xbc\xa1s2\
D)\x0f\xbcr\xcb\x1e\xba\xec\x0f\x1b\x1f\xd3,\xae\x98\
#\xe3\x0c\xa0F>7\xcd\xb2\xd0Bktt\xcd\x8d\
\xdeLr{L\xc7\xab\xb5yO\x07\xed\xb5}R\x83\
lg\xd2WW\x98u\xc6<v\x1d%\xd4\xb0\x85m\
t\xd5e+\xbd\xd5\xd9*\xb3\xa36\x9al\x83\x9d\xd1\
\xd4c[\xa9-w\xdc\x15\xd1\xfd\xa98\xf5|\x8d\xb7\
\xe1\x1em\xc47j\xef\xcc\xf3\xf7\xe3s\x8d\xd4\xf47\
\x84#ny}+-.\x5c\xe3\x90C\xde\xd2\xe4\x95\
\xaf}\xb9P5i>\x19\xe7\x80\x07\xd8\xd3\xe4\xff\x18\
3\xba\xcbF\x99>\x90/\x9dW\xe7\xd4\xa7\x05\xb9.\
:\x8ebM}\x10\xed\xa9\xa3\xc4W\x8f\x0c\xe9~8\
\xe6|\xfd\xd3\xaaC\xc0\xd7\x9e\xfc@\xcfA\x84\xcc\xeb\
0=O\x90v\x12\xfd\xe2\xb9\xf5\x04\xad\x95\xd1\xf4\xbb\
s\xdf\x92\xf6\x14\x8aO\x13\xf8\x1f\x9a_\x13\xf9\xd4\xa9\
\xcf\x13\xfa\x98\xb9\xdf\x13\xfbJ\xc9_\x14\xfc\xd5\xdb_\
\x14\xfd\xfa7\x05~\xffN\xf9ES\x02\x02\x00!\xf9\
\x04\x09\x03\x00\xff\x00,\x1f\x00\x1e\x00X\x00Y\x00\x00\
\x08\xff\x00\xff\x09\x1cH\xb0\xa0\xc1\x83\x08\xf1 \x5c\xc8\
\xb0\xa1\xc3\x87\x10\x17\x12Z\xa7-\xa2\xc5\x8b\x181&\
Z\xe7\x8fb\xc6\x8f CN\xf4\xc7\xafc\xc5\x90(\
S2\xdc\xd8\xb1\xa5G\x950a\x8e,\xc9\x91\xe6\xc9\
\x9883\xb2\xe4\xc8\xd3\xe5\xcd\x9c@\x1d\x1e\xaa\xd9\x92\
&I\x93A\x93.\xdc\xe9\xb2)\xcf\x9fJ\x95\x0e=\
J\xb4*U\xa8Qs2\xed\xc9\xd5)\xd6\xac*\xa7\
\x1a\x1d[\xb4\xecK\xb00\xb7:]\xcb\xf5+Z\x8c\
b\xcdR\x9dK\xf6\xec[\x9d]\xf3\xb2\xf5\xfa\x90\x9d\
\x98\xbb\x04\xe3Z\xadK\xd7\xac\xdb\x81\xdd\xbe\xb1S\x03\
\xf8\x9fZ\xbd\x90\xd9\x1ef\xc7\xcd]7w\x7f\xdf\x0a\
.<Xn\xdd\xaf\x89\xd9uc\xa7\x981\xd8\xc7{\
#C\x86J\xd9\xb2\xbb\xca\x973+eI\xb8\xb6\xe7\
\xdbgC\x8fV\xbc\x9b]T\xd4\xaaS\xa7\xae\xd8\xfa\
2\xec\xd7\xae\x93\xd2\xc6\xcd\xb9\xb9\xedu\xfc\xca\x89&\
=\x9d7u\xa0\xc0\x85\x07\x0f>\x0e\xb9q\xd7\xc7q\
.\xff\xefL\xde9s\x9a\xd1\xab\xab\xef\x1d\xd3\x9b\xf6\
\xf7\xdb\xd9\xce\xfbN\xdf\xbb\xbb\xf6\xe7\xf3\x97\xafMO\
\xb1\xf5\xff\xea\xe1\x17\xdf\x80\xda\xd5S\xdfq\x08&\x07\
\x93{\xfb\xe9g^M\xfdQ\xd7\xdb\x84\x12^\xb7\xa0\
K\xf7\x94\xc3\x0f\x81\x03\x1ah_\x82\x07*\xa8\x12\x83\
\xf6\x84\xc3\x0e9\xfc<\xf7 ]\x11\x02H\xa1\x8b\x16\
\x8ex\xcfe\x97\x8d\xb3!|\x05\x86\xa8\xe3\x87\x22\xa6\
\x04\x8ez(\xaa(d\x8b\xebU\x08#\x80*U\x03\
\x9ek6r\xe8\x94\x87 \xf2\xb8cx!eS\xa4\
bA:8\x16\x91/^\xe9%{\x1f)\xb9c\x93\
8\xf2\x04\xe5\x92S\xa2)\xe5}\x18Y\xd9eoY\
6\x08\xa1\x7f_\x1aY'\x92\x16\x89\xb9\xe6qdn\
wf\x9a\x80\xae\x19\x91\x9bvv\x19\xa7s\x5c\x16\xaa\
\xe8\x91^>\xa4g\x94Q\xf6\xc9\xd6\x9f{\xaa\x09\xa9\
\xa5\xeeH\xe3\x10\xa1\x8c\x1a\x9a\xa2g\x89v\xba\xe8\x9d\
\xech\xda\xd0\xa3\x98\x8ey#W\x94^\x1a\xe8\xa5\xa6\
2\xff\xc4)\xa9\x9e\x8e\xe5\x8a-\x15\x8a\x03\xcf\x9b\xa3\
\xf2\xaaX\xac\x0b\xa1\xfa\xaa\x9a}\xb6\x22\xd0,\xaeu\
\xa3\xcf:\xe9\xb8Zi\x88\xc0\x224\xab\xaf\xa4\x06\xc9\
\x0aA\xb4\xb0#\x0e>5\xa1C\xed\xb7\xd4E{\x90\
\xb0\xcf\x96;N,\x06\xd9\xb2\xacK\xcd\xa6Zne\
\xe2\x1a4m\xaf\xf4*&\x8cA\xcd\x0c\xe6m\xbd^\
N\xe3\x10\xb9\xce\x06\xec\xda-\x04A\x03Y\xbb\xc3~\
\x17oA\xf3\x8a\xea\xb0z\xc1\x08\xf4\xcc~\xfb>\xdc\
\x9b\xbf\xa7\xba+p\xa0\xbc\x18\xac\x1d\xc2\xeff\xba)\
\xad\xfc\xf2\xba\xad\x9c$UL*\xc6\x0c\x01\xac\xf1\xcb\
\xf5)\xcb!\xc8\xb0\x8e\x0c\xae\xc5\x8a\x9e\xbc\xe2X*\
w\xc92C0\x87\xbc\xa3\xcce\xb2[3D%'\
m\x9d\xceBz\xd63u??\x14\xf4\xc6\xf6\x11\xed\
$W4\x8b\x8c\x91\xd2$3\xad\xa5\xd3\x17\x834u\
\xd0V\x17}0\xbc(qm2\xb7;k\x89N\xd4\
\x1f\x8d=\xf4\xbaWk\x17\x93\xda\xb9\xb2\xdd4\xcaF\
\xad\xc7\x13\x93\xdcU\xd3mv\x99w\xe3\xbc\xb4\xde_\
\xf3\xed\xd2\xdf\x09[&x\xdd\x1c\x16\xde5\xe2\x8aW\
>\x97\xdf0\x91\xfd\xf8\xe0\x90K\xee\xeb<\x96\xef\xbd\
\x22\xe6*\xbd,\xce\xaa\x9c\xa7N:L\xf4\x8e\x93O\
\xe8\x89\xd3\x15\x94\xe9\x9bC\x0e\x9fR\xbdr\xf3O4\
\xb0\x87\x9eU\xaa\xdd\x0cd\x8d\xed\x03\xa2U\xa8\xee\x04\
\xf1\xde\xb6\xefo\xa1\x19\xbcA\xc3\xab\x9eZc\x12\x22\
\x7f\x90\xf2\xa2\x0b\xd9\x98@\x96=\xbfP\xf4\xc4/\xbe\
\xbd@\xd63\x84}\xecc\x8d\x8f\x11\xf8\xaa\xab\x9f\xd1\
\xf9\xcc\xbb\xbf~\xe7\xf2\x7f\x04\xff\xce\xf5\x87\xc4\xfev\
\xf9\xa3t\x7fm\xfdK\xc9\xfe\xd8\x12@\x95\xfc\xaf(\
\x05\x84\xc9\x00y\x92\xc0\x98\xfc\xaf\x818\xd9\x1f\x04s\
\x82\xbd\x09\x02ex`\x09\x08\x00!\xf9\x04\x09\x03\x00\
\xff\x00,\x1c\x00\x1c\x00^\x00^\x00\x00\x08\xff\x00\xff\
\x09\x1cH\xb0\xa0\xc1\x83\x08\x0b&\xea\x94\xb0\xa1\xc3\x87\
\x10#J<8h\x9d\xbfP\x133j\xdc\xb81\x91\
E\x8b\x0c9\x8a\x1cI\xb2\xa2?~\xfe,b$\xc9\
\xb2\xe5C\x8f)c\x82tI\xb3\xa6@\x93(-\xe6\
\xbch\xb3\xe7\xc8C\x1fe\x0a\x0d\xe9\xb3hD\x9c1\
w\xee\x5ci\xb4)B\xa0B\x83J\xf5G\xd4\xa9\xd5\
\x7fHu&\xdd\xaa\xf2\xaaU\xa8S\xc3\x0e\xf5j4\
\xebI\xaeg\xb5v%k\xd3\xa4\xd8\xb7c\xd9\xba\x14\
\xa46\xad]\xa5h\x99\xca\x15\xe96\xaa_\xb83\xf7\
r\xa4{\x17-\xde\xbaK\x05k\xec\x0b\xf8\xaf\xe3\xaa\
\x8a\x1d\x12>\x5c\x18\xb1\xe1\x98z##d\xec\xb81\
\x5c\xc8\x03#i\x0ed\xb9t\xe5\xd3\x89\x0b:\xfa\xc6\
N1g\xcf\x9dcW\x8d\xc4\xcd]7w{I\xa3\
\xbel\x9ar\xea\xd5\xec\xba\xb1c\xcd\xf6ul\xd8\x8d\
;U\xaa}\x9b9\xee\xab\xba}\xf3\xde\xdd;\xe6\xbc\
p\xc2Ygomu\xd1\xf1\xef\xc8\xa3\xde\xffkn\
\xdb\x9d\xf3\xab\xde\xab\xab\xa7~\xb7\x1ek\xed\xc3\x83\xc7\
G\x0f\xbe\xbe\xe7\xf1\xe6\xcb;?\xdf=\xa5>\xe9\xeb\
\x01x\x92{\xf1mg\xe0|\xdd\xc13\x0e?\xe15\
\x98\x12~\xfb\xe9'\xe1mV\xa1\xc2\x1a9\xfc\x08\xa8\
\xa1a\x04\xc2\xe7\xa1|\x1f6\x85\x8as\x0b:\xe8Y\
=\xe4\xa5\x98\x9f\x8a\xfc\xf5d!\x88\xec`\xb8a\x80\
\xf4\xbc\x07\xe3\x81\x1fn\xe7b\x84\xb7\x95h_g(\
\xae($\x8fC\x96W\xd3\x8b8\xc6\xf8\xdft\x1a\xd6\
X\xe0\x939B\x09\xa3K\xa9\x10\xe9\x9c8\x0c\xfe(\
U\x90VNX\xa4\x8a,!)\xe5v\xe3,\x19`\
RNF\xa9\xe6\x8dR\x8eT\xa5\x97Dbi\x22\x97\
p\xd6\xc9\xa2\x97bl$\xe6\x9ad\x9a\xc9\x1e?i\
\xb2\xc9\xe7\x98R\xaa\x91\xd1\x9bw&\xea\x8e\x9c\xe0\xd1\
\xa9h\x97\x8f\x96\x97gD{\x0aji\x99M\xda\x98\
\xe4\xa6\x84\xaei\xe8C\xaf@\xfa\xa5\x90\x8c\xbe\xe5\xe8\
\xa8\xa2\xa6*\xa9C\x95r\xba&\xa6\x86\x05\xff\xea\xaa\
\xa5\xb3&\xf9\xe9A\xa1\xda\x89\xaa\x97\xa5\xcat\xaa\xaa\
\x91\x06K\x0aB\xadvJk|\xb0\xea\xe4\x8a-\xc6\
\xd6\xda\xec\x98\x9e \x94k\xb0\xbb\xaaXj+\x02\xcd\
\xa2+\xb0\xd5\xae8\xecA\xc5\x0e*.;\x98\xb2B\
\x10-\xec\x84\xf3\x8d\xb3\xe3n\x1a-\xae\xdc\xc6[^\
8\xae\x18d\x8b>\xf1t+o\x8a\xdf\x1a\x14\xee\xb1\
\xed\xc67\x8cA\xcdX$\xcf\xba\xcf\x06\xac\xdd\xbb\x06\
M\xab\xef\xb6\xba\xeeB\x104A\xe5\xbbo\xb5\xfd\x16\
\xf4/\xbb\x00\xc3(\x8c@\xcf\xd4u0\xc7\xb52\x5c\
\x90\xc3\x17_\xbc\x0c\xc5~Y\x0c\xb1\xb0\xc4*\xdc\xb1\
\xb3\xe2\xe0c\xda\xc8\x09\xd3j\xb2A/?Lm7\
\xfa4\xe62\xb5<f\x8cP\xce$\x13Z\xf3z8\
\xcb\xdc\xcd\xce\x09\xf5\x9cry@\x877\xb4\xcfF;\
\x84\xf4\xd6\xf0-\xfdgLM\xcf\x0c\xf5CR\x97}\
[\xd5Z\xfas5\xa4YG\xc4\xf5\xcc\xecx=\xa3\
]a\xbb;\x92\xd9\xdd\xa2mbLkO\xff\xd8v\
Fos*7\x93\xd3\xd5]\xe0\xd8\x1b\xe1M\xa4\xde\
iO\xd5w7\x7fs\x14\xf8\x93\x83\x9fy3\xc2\x0b\
\xf7\xa48\xd5A7\x1e\xdb\xd0\x91\x934y\xe5_3\
\x0d\xce\xd3M\xe1\xcd\xf8\xdeB\x87\xee\xd2\xd6\xa4\xcf=\
\xf7$W\xf5\xbc\xba\xe7\xb0=r\xd5\xb3\xb1\x13n\xb9\
]\x90\xd4\xae\xe8\xed\xac\xff\xa8\xbbU\x84\x86cs\xe9\
\xcc\x0b\x18\xbcUu\xca\x83\xfb\xf4\xeb\x905&\x22\x99\
\xf8\xde<\x93rM\x88\x88@\xd9\x17o\xa2`\x05\x16\
BP\xf8\xdb\xff\xceOd\xb6}_\x10\xfa\xe2\x1f\xa7\
\xd9?\xe6\x1f\x84\xbe\xec\xda\xaf?\x7fC\xf0S\x1f\xd5\
\xfe\x0f\xb9_\xfe\xb8\x07\xc0\x00\xfaO*\x05\x8c\x88\x00\
\xd5\x97\x94\x04J\xa4\x7f\xacs\xe0D:1@\xc4H\
0#\x10\xb4\xcf\x055BA\xf5mp#\x19\x04\xcc\
\x079\xd2\xc1?\x8dP$!\xfc\xdf\x09ERB\xdf\
\xac\x90$)\xac\xde\x0bI\xd2\xc2\x06\xce\x90%\x10\xbc\
\xa1KZ\xa8C\x9a\x84\xaf\x875\x01\x8dU\x02\x02\x02\
\x00!\xf9\x04\x09\x04\x00\xff\x00,\x1a\x00\x1a\x00b\x00\
b\x00\x00\x08\xff\x00\xff\x09\x1cH\xb0\xa0\xc1\x83\x08\x13\
\x02\xc2\x94\xb0\xa1\xc3\x87\x10#Jt\xb8g\x9d\xbfL\
\x133j\xdc\xc8q  \x8b\x16\x19v\x1cI\xb2d\
E\x7f\xfc\xfcY\xc4X\xb2\xa5K\x88\x1fU\xca\x0c\xf9\
\xb2\xa6\xcd\x81'SZ\xd4y\xf1\xa6\xcf\x921A\xce\
\x94)\xf2\xa7\xd1\x899e\xf2\xe4\xc9\xf2\xa8\xd3\x86A\
\x87\x0a\x15Z\xf4\xa9U\x9c;\x95j\xcd\xba\xf2\xaa\xd7\
\xa8S\xa5\x0e\xad\xea\xf5gR\xae(\xb7\xa6\xedZ\xf6\
\xa7\xa0\xb0p\xc5Rm{3\xe6R\xb5w\xd16\xa5\
[\xf2\xad\xdc\xbfqi\xf2%i\x17\xafa\xb4L\x07\
w\xf4\x1b\x18\xb0c\xb2\x8aa\x22>\xbc\xb6r\xde\x9e\
\x91#2v\xdc\xb8\xb3?\xc8\x99\x0d\x16\x9eL\xda2\
\xe5\xbd\xa1\x0bn\xf6\xcc\xfaqj\xd1\xa5/\xcb\xa6\x9c\
\xf8\xb5\xc0\xd5\x9cs\xb7\xae\xaaI\x8c\xe2\xd1\xa6c\xd3\
>-\xd0\xd27vj\x06?\xd2\xcd\xbc5\xc8X\xff\
4qs\xd7\xcd\x9do\xbe\x90\x86\x0b\xdfn\x19\xd6?\
\xe3\xec\xba\xb1\xff;\x9e\x9c\xefr\xe7\xcd\x01C\x97N\
\xdd\xdd\xf4\xea\xd7\xe9f\xe7>\x9b\xbew\xf0\xe2\x8f\xe7\
gG\x97T\xad\x7f\xe7\xa5\x87\xdes\xd1\xbd\xe7^{\
\x06\x96\xe5\xc9q\xbb\xfc3_p\x10\xd6\xd7\xddw\xfa\
\x8d\x17\x9e\x85\xfb]E\x8a\x81\xff\x058\xa0n\xeb\x19\
(\x22\x82\xed=\xb5\xe0\x85\x0c:\xa8]\x84x\xddW\
\xe1\x8b(\xc6x\xd4\x86$V\xd7\xa1\x80\x9c\x85X\xe3\
\x81\xd5\x8dX\xddO'\xee\xb7_\x83\x0fJh\xa4\x8b\
1\x0a\x89\xe1\x92\xc7\xddDc\x8f;\xde\xf8!\x5c:\
Bi%\x8fX&\xf8R\x90L\xc6H\xe4\x8a\xb2!\
\xa9$\x8cc\xca\xd8\xd2\x93YF\x09 \x8e\x04\xb2w\
\xa5\x8fi^Y\x12\x97dv\xf9%}J\x89\xd9e\
\x99|Z8\x12\x9ap\xc2)esU\xc6ih\xa0\
%nDg\x92{Zx'\x8b;\xe9Y\xe7\xa4\x8c\
\xc2\xa8\x11\xa0;\x22Z\xdd-k\xb2V\xa8\xa6\x87f\
\x9ahD\xa3P\xda'\x8c\x8f\x86Ia\xa5\xac\x9e\xca\
jD\x98\xbe\xff)\xea\x95\x9cz(\xd5\xa7\xb3\x86*\
\xab\x9c\x0e\x95\xdaj\xa3\x94\xa6\x9a\xe7\xaa\xae\x16\x0b\xac\
\x99\x08\xc5\xaa\xeb\xb2\xb5\xdeZ`\xae\xa0F\xbb#B\
\xbe\x1ak\xaa\x9d*FJ\xec\xb1\xd6\xfejiA\xca\
J\xbb+\x96\xcd\xae\x03\xdd?\xb3@\xab\xee\xb8\x9aZ\
BP\xb5\xdc\xc6\x1b\xac\x83\xde\x0dD\x8b\xbc\xde\xe6+\
$%\x04\x85\xbb\xee\xb2\x06rjP\xba\xec\xfe+\xae\
\xbb\x03\xc1{\xed\xc2\xf96h\xd0\xbd\x0cw\xcb'\xbf\
\x03\xf9[\xf0\xc5\x86\x0a,\x104\x18\x11\x0c\xb0\xc15\
\x22,\x90\xc2\xfa\xe2\xeb\xaa\xc3\xcft\x05q\xc9\x11c\
H1A c,n$\xff@#T\xc71\x7f\xdc\
\x8d\xc8\x05\x99\xec\xb3\xa9\x8e\xfc\x93re\x18\xad,1\
\xb7\x954\x94\xb3\xb8q\xd2l\xb3X8\xcb\xbc.\xcf\
\x08\xfd\xccr\x92A\x0f}Y\xd1V\xf3\x994DK\
\xc7\xec\xb4gQ\xeb\x1c'\xd5\x0eumr\xd0\xcdp\
\xc7u\xcbd~=Q\xd8\x17\x8f\xcd\x5c\xd9L\xbf\x87\
vDj\x03\xff\xfdO\xdb\x90\x12\xfd\x8f\xd1&\xcb\xbd\
\x11\xddM\xd7<eO\x1e\x1f\x5cR\xdfX\xff\x8d'\
Z\x9d\x0c^\xb8K\x88\xbfg\xf7\xe2]5>\xeb\xde\
\x1dA\xde\x0d\xdb\x93CX9\xe1q\xdfD\xf7\xe6l\
\x0e\x85w\xc8?uMz\xe0F\xcat\xfa\x9e\x86\xab\
.u7\xacs\x0e5\xba\xb0;\xb5\xb6\xe4\xb4\x83i\
\xbb\xe5\xfa\xe5n\xd4\xba\xbd\xb7\xdeX\xd4\xa0\xc7\xee7\
\xe0\xb5\x97\xce\xd3\xe9\xca?5k\xf3\xbe\x93\xad\xd8\x9e\
\xb3W_|i\x95\x0fV#\xf7\xce\xdf\xfd\xbd~\xe1\
\x1bo\xbdZ\xe5\xf3E\x1d\xcd\x9d\xa6\xcfyfA\x0f\
T\xa4\xfb\xe3[f\xdb@\xb6\xea\x9en\xfeG\x90\xfd\
\xbd\x8f>\x04,H\x00\xed'\x97\x04\x1a\xc4\x80\xfd3\
\x92\x03\x0f\xb2@\x01\x82d\x82\x08\x81\xa0\xf8d\x83\xc1\
\x84T\xd0y\x1dl\x88\x06\xf9\xc7\x8f\x10:\xe4\x83\x03\
2\xe1CF\x88@\x15>\x04\x85\x9cqaDX\x18\
!\x19J\x04\x86p\xb1\xe1Dh\xb8\x14\x1df\x04\x87\
*\xf1\xa1F\x1ex(\xc4\x8d\xa0\xb0\x88\x1c\xd1 \x12\
;\x12\xc0%\x8e\xa4HN$\xc9y\xa2X\x12HD\
& \x00\x00!\xf9\x04\x09\x03\x00\xff\x00,\x19\x00\x19\
\x00d\x00d\x00\x00\x08\xff\x00\xff\x09\x1cH\xb0\xa0\xc1\
\x83\x08\x13\x0a\xcc\xb3\xae\x95\xc2\x87\x10#J\x9cH\xb1\
 C\x7f\x0d+j\xdc\xc8\x91\xe3E~\x18\x1dv\x1c\
I\xb2\xe4\xbf\x8b\xeb0\x864\xc9\xb2%\xc4\x8f*A\
ftI\xb3&J\x95)s\x8a\xac\xc9\x93$\xcc\x94\
2\xfd\xc9d\xd5\xb3\xe8\xc6\x9b9q\xe2\xdci\xb4\xa9\
\xc2\x9fBcJ]G\xd4\xa9U\x83H\x95&\xdd\xca\
\xf4\xaaS\xa8A\xc3N\xad\xea\xb5i\xd6\xadZ\xb5v\
-K\x13\xec\xd4\xa8@\xc7\xb2\xe5y6-\xda\xbbk\
\xe7\x8et\x1b\xb7/\xdc\xbfC\xf5\x9a\xac{\xd7\xae\xdd\
\xbc\x82'\xf2\x05\xfcVl_\xb2\x89)\x126\x5c\xb8\
2\xe4\xc8/\xfd:f\xac\xb91\xc6U\x98#N\xae\
L\x99\xf2\xe5\xd0\x16;\xab\xe6\xcc\xda1h\xd4XI\
\xcb.-\xfbt\xe8\xc5\x9bs{V\xfd\x1a\xf6\xbf\xd9\
\xc0iS\x06\xe4\xfb_\x22\xdd\xab\x91\xb7\x8e\x19\xab\xb8\
\xc0D\xc1\xa3\x0b_'\x8b\xa0\x1fwbP\x1f\xdf\xbd\
<y\xe3\xe6\x03\xfd\xb0\xff\xfb\xc6N\x8d\xe0B\x04\xa1\
O__\xb9zxw\xdc\xdcu\xc3>\xf7\x15\xbb[\
\xe9\x95\xeb\xe7\xce\x0f\xbc@\xf1\xe4u3^ye\xa5\
\x22\x9f;\xb5\xa4'\xdd\x82\x18\xb9\xf7\x1f|\x07\xc67\
_vV\xd9' y\xf8\x0d\xb4\x9dw\x1c\x02\xe6\xdf\
?\x00\xb2s\xa1\x88\x03Ze\xe0|\x12\x22\xa8 {\
\xd39\x08\x22\x84(Fx`S\x16\x0e8b\x86\xcf\
\xed\xd7a\x7f\xd6\xd9\xe8c\x80%\xf6t\x22\x8cD&\
\xa8!\x83\xedYGd\x8aL\xceXS\x8d@Fy\
_~\xfc\xf1\xf7a\x88#f\xf9#;4\x0d\xd9d\
\x8c\xf3\x19\xf9\x1c\x928\xb9x\xdd\x97K\xca8_K\
P\x92(\xe5\x8dT\xee\xc8\x5c\x8fon\xa9%y&\
y\xa9f\x9aa\xae\xb8\xa0\x99|\x06\x8a&Im\xde\
\xe9\xe6\xa18\x1a\xa7\xa3PW\xda\xe9h\x9dxr\xa4\
'\x98\x82\x1e(\xa6q\xd1\x01\x8a\xe6\xa6{\xa6\xb8Q\
\xa1\x8f\x1e\x0a\xa7\x86\xfa5\x0a\xa9\xa8\xa1\x8eX\xd1\xa4\
\x95R\x9a\xe2\xa5\xea%\xff\xf9\x1e\xa7\xaev\xba\xe7D\
\xa0\x9ej\xe8\xa8\x02\x1d\x92\x9b\xa9\xa8\xea\x9aj\x90\x0f\
\xb1Jk\xab*\x1e\xa9\x95\xa6\xb6\xd6\xeal\xa0\x0f\xe5\
\x1a\xec\xb4\x86&\xea\xeb\x9c\xe1\x0d+\xec\xb6\x5c\x22d\
l\xb3\xc8\xbe\xea'\xb3\xcf\x1ek\xae\x93\x05I\xbb\xab\
\xb6\x88\x12\xe4+\xb0\xebr\x1b\xef\xa1\x05}[.\xb8\
h^Z\xd0\x99\xf8\xf6{/\xa5\x03\xa9\xcb\xee\xbc\xbc\
\x164\xf0\xc1\xdc\xfeco\xb8\xfe\x16y\xd0,\x0d\x9f\
\xfb/\x84\xa3\x08,/\xc2S\x1aD\x0b\xc6\x04\x87:\
\xca?\x11\x87<1B\x10O,q\xa5\x1f\x0b\xc4\xf1\
\xca@\xea\x91\xd0\xc6\x17\xc7|h\xca\x03\x89\xcc\xf0\xb3\
u\x10\x04\xcd:\x8d\x10T\xf2\xcd@\xc7G3A,\
S\xeb\xa8\xcb\x03=\x03\xd4\x22\x04\xc1l\xb4\xcc#\x92\
\x92\x90\xcd'\xa7\x98\xf3@;\xe3\xd4\xf3@?W\xdd\
\xef\xd0\x07\x15\xdd1\xd2\x02)\x0d\x18\xd3\x039\xdd1\
\xb7RCDu\xc3W\x0b\x94\xf5][\x0b\xd4\xf5\xdb\
1\x82\xad\x90\xd8G\x13\xff\xd4Lrh\x0b\xa4v\xd1\
mO\x84w\xa0q\xff37eu\xffs\xb7\xc92\
\xea\x1d\x11\xdf-\xfb\xbdc\xe0\xff\x0c.s)\x1d\x1d\
n\xb5\xce\x0b6\xfe8\xc3\x92S\xc47\xd9\xff\xfc\xdd\
\xdd\xd9Mc\xccyI\x87'\xbex\xe8>\x87\x5c\xfa\
F+\xa3\xae\xfa\xa2aa\xae\xf9\xb4\xaf\xb7d\xb3\xec\
dn\xf5H\xed\xf7\xde>\xd2\xc1\xba\xcb\x09x\xeb\xa7\
\x06_\x13\xdc\xa0\xb3(\xdb\xf1\x5c\xdb*=O\xc36\
\xbf:\xef\xbeo\xb9}O\xe0\x12o\xfdt\xd8\xdb-\
\xe3\xf8E\xf5=\xd0\xeeU:/T\xe3N\xb3o\xd4\
\x9e\xe6\x17\x8f~\xed\xf67\xe5\xa3\xf7\xbc\x8b\x1f`\x1a\
\xc7\x87\xc4\x1c(\x7f\xe7CR\xfa0\xc3\x0e\x00\x0a0\
\x80\x9ai\x1clf\x97\xc0\x04.04\xea\x81\xe0\xf7\
\xf8\xe3\x9cU\xe8\xef\x83\xce\x11\xc8)\xe4\xa7\xc1\xb0\x84\
p \x1e\xac \x92NH\x90\x11n\x90\x841aa\
AR\xf8A\xda\xc8\xd0 .,!\x07oh\x10\x1a\
\xaa\xd0.<DH\x0eV\x1f\xb8\xc3 \x1e\xc4\x875\
\x5c\x87\x11\x152D\x18\x02e\x89\x0fAb\x02\xa1\x08\
\x91&\xbeP(T\x8c\x88\x14\xa3\x93E\x89XQ?\
]\x9c\xc8\x16)\x13F\x8a|\xb11e\xac\xc8\x18\xb7\
\x92F\x8d\x9c\xf1\x89m\xd4\xc8\x1a\xe3\xc8\x91/\xd2\xb1\
#H\xbc\xe3Hr\xa8G\x92x04\x01\x01\x00!\
\xf9\x04\x09\x03\x00\xff\x00,\x18\x00\x18\x00f\x00f\x00\
\x00\x08\xff\x00\xff\x09\x1cH\xb0\xa0\xc1\x83\x08\x13\x12\xc4\
\xb3\xae\x95\xc2\x87\x10#J\x9cH\xf1\xa0\x9du\xfe\xf8\
\xa9\xaa\xc8\xb1\xa3\xc7\x8f\xff\x18\xfa\xc3\xd8\x10\xa4\xc9\x93\
(/f\x1c\x99q#\xca\x970#\x8a$\xc9\xb2d\
\xcc\x9b8\x05\xaa\xe4\xc7\x92'F\x8d9\x83\xa2\x9cY\
\xb3\xa8M\xa1H+\xee\xec\xc9\xf4\xe7\xaa\xa4Pe\xd2\
\x9cjt\xa4\xc3\xa8X\x0d.\xfd\xd9t\xa5\xd3\xac`\
CR\x1d[\xf5hX\xa4[\xbd\xaa\xf5\xb9\xf6\xe9Y\
\xa1D\xc9\xca\xady\xf5\xed\xcd\xb4l\xf3v\xcd\xeb\xd6\
\xee\xcb\xb8e\x03\x8f\xad\xeb\x17$\xde\xbd\x88\xb9~-\
\xfc\x11\xf0\xdc\xc7F\x093\x9exX\xf1\xda\xc4kY\
M\xa6\xe8X\xb0g\xb9\xb06G\xac|\xd9\xb2^\xd3\
=5\x8bN\xd8\x19\xb2\xeb\xb2\xa1WkEM\xbb\xb4\
\xed\xd3\x19U\xcb\x16\xd8\xfa\xb3\xef\xc7\xb1w\xd7\xc6M\
\x1c3q@\xbb\xff%z\xcd\xfc\xf7\xc8\x5c\xc9\x05\x0e\
\x1an\xbc\xbaiY\xd1\x07.w\xde\x5c.t\xd9~\
\x0cN\xff\xbfm\x9d\xfcO\xec\x05\x11\xb1\xf3[\xca\x1d\
-\x83\xdb\xbbs\x7fn\xd0\x8f\xbbn\xee\xde\xa2b\xf7\
\x8d]-\x83\x84P'\xe0m\xe8\x11\xa4^7\xfc\xad\
\x07V{\xdc\xdc\xe7\x1e|\xf21\xf7\x1dA\xf6\xe1\xd7\
 ~Y\xed\xd7\x1f\x82\xfd\xfdWP\x80\xe6\x85\x98W\
\x81\x03\x1d\x98 \x87\x0a&\xc5\xa0\x83\x17>XP|\
\xf3yW\x1f\x8b4b\x88\x94\x86\xec\xa0\x88\xa2\x87\x04\
\x81X\xdc\x80\xfc\x90(P!9\x9ehd\x7fB\xa1\
\xe2N\x8bL:\xf8\xde\x8b\x11\x1a5\xe1@\x15.Y\
\xa3\x956\xde\x94\xca\x91En\x98 \x8f\x03\x1d\x02\xe4\
^B\xfeC\xa4\x8e\x5c\xa2x\x93\x92MZx\xe5\x93\
\x04\xc1\xd8\xdd\x94\x02U\xd9&\x96x\xc2\xb4\xa5\x97|\
v\xe9'\x98\x02\x89)bOe\x9e\x99\xe6\xa1H\x9e\
\xc4\xe6\x95w\xb6\x08\xa7vs\xce\xe8\xe6\xa4x\xdei\
\xd2\x9e~\xa2\xd9\xe7\x8e\x06\x09\xfacF\x85f\x8a\xa8\
\xa8\x89v\xb4(\xa5\x8d\xbe\x09\xe1gt\xfec'\xa3\
\xb0R\xff\xda\x11\xa6\x9a\x92j+\xa0\xffxJ\xa6A\
\x86n:j\xad\x15\x9dZi\xac\xc3\xe2\xf7\xa8@\x8b\
\xc8X\xd0\xab\xa8\x12k\xa9D\xb4\xfe*m\x87\xab\x8e\
\xc8\xab\xad\xb5f\xcbeD\xc2\xa6\xda\xec\xb7.\x12\x94\
lM\xad2[\xec\xb9\xde\xe6\xa7P\xb4\xbe\xb6\x8b\xed\
\x97\xd5\x86\xaa\xad\xbb\xf3\xfa\x99P*\xe8:\xab\xaf\xb1\
\x06%[\xee\xbe\xf9\x82\xdb\xe2A\xec\xbeK\xef\xa8\xb8\
\x1e\xd4\xab\xc1\x0c\xd7[\x10\xbe\xe9F\x0c\xf0\xb1\x92\x06\
l\xb1\xc4Y\x16\x5c\xef\xc6\x08'\xb40\xc7\x07\x87\xbc\
\x1e\xc4\x00cl1\xc5\x02\x95\xac\xb2\xc0\x0eN\xdb\xb0\
\xcbj\x1eD\x0b\xcc4\x1fL\xca?+_\xaco\x1d\
\x09\xcd\x92\xb3\xc9wn2P\xcd/\xbb\xcb\xb3B3\
\x8b\x0c\xf2\xbb7\x13\xf4\xf3\xd3G\x13d\x87A>\xb3\
l\xb5\xc5B\x1bD\xf4\xd2(F=P3\xeb<b\
P\xd2E\x97\x8d`\xd3\x07=}u\x83^\x0b\x04\x0d\
Ib\x17T\xb5\xcek;\x98uB[\xbb\xac\x87A\
`{\xff\x157Ads--\xda\x0a\xa9\x9do\xdb\
\xff\xbcm\xd4\xdf\x03\xcd\x0d4\xb1wC\x94\xb7\xbb{\
\x17\xd4\xf7i\x8c\x0b\x14\xf8\xe4E\x12\x1e\x91\xe1M\x22\
\xae\xb8\x5c\x99\xff\xe3\xb8\xe1\x91O\xc49\x8a\x95\x13t\
yb\xa5o\xae\xb4\x91\x9eS\x04\xba;\xa23W\xfa\
\xe9u\xe3\x97:G\x9c\xb7\xfe\xf5\x98a\x8f\x9d\xf7(\
(Am\xd0\xe8\xdc\xed\x9e\xf3\xef\x1f\x11-\xbc@\xaf\
\x13\x1f;\xcd\xc8\xc7\xa4r\xee1\xd6\xe4\xfc\xd5\xd0\x9f\
\xa47\xdf\xc4\x97v\xfd\xc1\xd9\xe7\xb4\xf3\xf2Q\x8e\xf5\
\xfd\xb9\xe1\xc34\xea\xf4\xffT?(m\xe7\x8b\x9a>\
R\xb0\xd2\xcf|\xfb\x8b\xa3\xda\x95\xe2\x87\x13.\xd1\xcf\
~\x9fJ\xe0H\xf2\x87\xa0\xfdE\x85F\xfe\x03\xa0k\
\xdeG@\xa1$\x88~\xcf(\x9f\x02\x15s=\x07\x82\
\xc5\x1d\x11\xec^\x84J\x878\xc6d\xf0~(\xc4\x5c\
v\xdc&A\x11\x96N4'\xdc`\x0aa\x97\x1cA\
\xb5\xb0}\xd11\x85\x0cwh\x9c\x15\x9a\xe2\x861Z\
\xa1@\x7ftX\x1e\x1e\x9aF\x88\x03\xf9\xa1\x08\x83\x88\
\xc4$\x1a1\x85M,\x88\x12\x818\x96(\x1a\x84\x88\
\x1a\xec\xa1\x15\x0dr\x0a*\xd6d\x8b\x08\xc1\xe2\x0c\x8f\
\x08F\x84tq\x89S)\xa3B\xc4\xf8D~\xa8\xf1\
!g\xc4\xe1\x1b\x1f\xc2\xc6\x22\xce1\x22q\xe4\xce\x1d\
%R\xc7\xe1\xecq\x22y|\xcc\x1f)\xd2\xc7\xb5\x0c\
\xb2\x22\xaa\x10\xe4!+r\x0a\xe2,\xb2#\x894\xca\
#=\xd2\xc8\x9eL\xf2#\x91\x5c\xc7%A\xd2H\xd1\
\x04\x04\x00!\xf9\x04\x09\x03\x00\xff\x00,\x17\x00\x18\x00\
g\x00f\x00\x00\x08\xff\x00\xff\x09\x1cH\xb0\xa0\xc1\x83\
\x08\x13\x1a\x5c\xe7O\xa1\xc3\x87\x10#J\x9c\x98\x90!\
\xbf\x86\x143j\xdc\xc8Q \xc3\x8f\x18;\x8a\x1cI\
\xd2\xa2?\x93$S\xaa\x9c\x08\xb2e\xc8\x950cz\
\xf4w\xd1$J\x998S\xba\xdc\xf92\xa7O\x8a6\
i\x9e\x14z\xf3\xa7Q\x88<\x93\xf6<\xca\x94`\xd0\
\x9aD\xa3^lJu\xa0\xd2\xabK\xab\xe6|:\x14\
\xaa\xd7\xaeY\xb5\xc2\xc4J6\xac\xd8\x92R\xc1r\xe5\
z6f\xd9\xb7f\xdbf\x5c\x9b\x96\xeeW\xb9#\xe1\
\xea\x8d\x8b\xd7\xa1]\xb5u\x03O\xed\x0bt\xe8^\xb8\
\x84%\xfe],\x18l\xe2\x87\x87\x0dK.\xfb\xb8b\
c\xc6_\xffV^8\xb9sd\xac\x9b\x07\xfa\xbaL\
:s\xe9^\xa1\x05\xe6\xf2\xcc\xfa\xf3dc\xa9E\x97\
\x06l\xbavW\xd4\xb1\x07\xaev\xad\x17v\xe57\xb4\
\x0e\x8e\xb6\x8d\x99\xf6\xed\x83\xbb\xda\xc6\xe9\xe6n\xd6\xc1\
\xdd\xad\xa3\x93\xf5]0\x18s\xb1o\xba\xb1\xfb\xc6.\
\xb8\xc1\xe1\xc6\x8b?\xff\xf5\x85\x5c;\xf7\xaa\xcb\xddq\
s\xc7\xdc\xb9A\xe8\xbc_\x1f\xb4\xae\x9e\xbd\xbb\xa6\xd9\
\xb7\xb33\xdf]\xf8l\xcc\xe4\x19\xb4\x0b\x7f\xfc\x1d\x95\
\xdez\xcc!\xd8\xdcs\xd25\xf8\x11u\x04\xd1\xa7\xa0\
\x82?\xe5\xc7\x1d\x81\xfayW\x10x\xe2I\x15`A\
\x03\xea\x87\xe1y8\x1dh\xdf\x84\xf6\xb9W\x10|\x0e\
\xcag\x90\x84'\xc6x]L\x16\xee'\xe2\x8d\xdci\
H\x10\x87\xff\xd1\xf4Ky8\xdax\xa1~0\x99\x98\
\xa0\x8c\xf5\xb5\xc7\xe0a\xc9\xccw\xe4\x93IF\xa9R\
\x8d#\x0ai\xa5\x8e\xb2\x11'\xd5\x8f\x02V\xe9%\x91\
#\x19\x19%\x8aP\xaaH\x10\x8bW5\xf9\x22\x94d\
\x8ei\x9fHT\x06\xf9e\x8e\xfei\xc9\x0f\x97 \xce\
ie\x95\x1c\x89\xd9\xe6\x9f).\xd9\x9a\x9a\xd5\xb1\x89\
$\xa03R\x14\xe7\x90\x8c\xee\x19$\x96\x02\xf1\xe8\x15\
\x9e\x04\x85\xd8\xa8\x9e|N\xe4\xe7\xa1\x9c\x96)hK\
\x84Fh\xe8\xa8nB)\xd1\xa2\x8e^*g\x86u\
vE\xe9@\x96\xa6\xff*\xab\x9e\x10mJ*\xa2Q\
\x9a\xa9\x9ba\xa1\x0e\x04\xe3\xad\x9d\x96z\x9fB\xa8b\
\xbaj\xa3\x90\xfe3\xdc\xab\x02\xc5j\xac\xaa\xd0\xb2\x93\
\x90\xad\xc2\xe2\xda\xa6\xae\xaa\xf5*\xd0\xaf\xd5\x06\x8b\xeb\
A\xc5\x1e;\xab\xb8\xc9\x02\x19\xed\xb3\xe3\x928\x10\xb5\
\xd6z\x8b$\xb6kv\x0b\xec\xbcR\x0a\x14\xee\xb9\xe2\
\xeaYn\xb3\xe8\xf6+\xee?\xec\xbaK\xef\xb5\x08q\
\xdb\xee\xc0\xc1\xaa\x91\xef\xc2\xf8B{\x0bB\xb50\x9c\
\xee\xc4#\xfe#\x86\xc0\xf2f<\xa1.\x0a\xd1\x82\xf1\
\xc1\x1a\x0f\xa4p\xc3\x143\xfc\xb0C\x11\x93\xec/\xb4\
\x05]\x8c\xf0\xcbcr\x0c\x91\xc70\x83<\xe1A#\
\x97\xac2\x8e'\x17\xf4\x0c2\x07\xa5\xac\xf3\xd0\xe6%\
\xe4\xb2\xc6\x1f\x9f(sA\xd00\xc4\xec?4#]\
\xf3C\x12\xaf\x5c\xcbA\xcf\x98\x04\xb4A\xb4T\xed\xf5\
7\x11%=\xf0\xd2\x045-\xd9\xd3\xb3\x88\x1d\xb2D\
_\xa7{\xb5AY\xa7\xb5uA]\xef\xdcpFj\
\xffI\xf6@f\xf3\xff\x84v\xde\x87n\xd4\xf6\x88o\
\xfb\xfc\xd7\xdc\x04\xd5M4\x8e\x1d\x01\x9e\xe0\xde\x02\xf5\
\x1d\xdd\xdf5\x9f8\xd2\xe0\xdb\x15NP\xdcv\xfa\x83\
\xf8@\x8a\xaf\x9cR\xde\x90\xff#yY\x94K\xad\xde\
J_k>\x10\xe7\xe1\xc9}P\xe8\x0c\xc7\xf4q\xe9\
\xa7\xb7\xe8\xf4Ai\x0f\x8c\x13\xc3\xae\x0b\x04{\x87\x17\
A\x08z\xed9y\x8b{|\x0c}HP\xef\xd5\x1a\
ul\xb2\xc3\xf7\xf8\x95\xf1\x02\xd1\xce(S\x87\xf6\x5c\
6\xf3\x929?\x10\xf477\x85#\xf5\xc4\xc7^\xfc\
\xec\x8cWu\xa2\xf7|\x83\xcf\x93\xf8\x02\x91\x7f\xd6v\
\xe8[\xaf>X\xd8C\xbd\x9d\x5c\xf0\x8b\x9c\xfc\xa2C\
\xbf\x7f\xc0\x0b/\xd5\xeb\x5c\xfa\xfa\xb7\x99\xdc\x0dp~\
\xb9\xf9G\x02\xf7\x97>\x930\xb0/\x0e\xd4\x9d\x06]\
\x92\x8b\xd8\xe8\xaf\x82R\x89\xe0\x06G\xb8\x93\x08\x0a\xe4\
\x83(\xe4\x87\x09\x07BB\x12\xae\x90 )\xa4 M\
^X\x90\x16\xbe\x85\x86\x06\x89\xa1]px\x10\x1b\xb6\
\x86\x87\x08\xd1a\x08@\x81\x18D\xf9\x11Q!BT\
\xe1\x11\x91\xc8\x9b%>$\x85N\x84\x88\x0b\xa3(E\
\x05\xce\x90\x8a\x11\xd1\x1d\x16'R\x9a-RD:^\
\xcc\x88`\xc2\xa8\x11\xcf\x90q#C<c\x19?\xa2\
\xc6\x8e\x5c\xb1/\x01\x01\x00;\
\x00\x00\x04\xaa\
<\
?xml version=\x221.\
0\x22 standalone=\x22n\
o\x22?><!DOCTYPE sv\
g PUBLIC \x22-//W3C\
//DTD SVG 1.1//E\
N\x22 \x22http://www.w\
3.org/Graphics/S\
VG/1.1/DTD/svg11\
.dtd\x22><svg t=\x2217\
78589779627\x22 cla\
ss=\x22icon\x22 viewBo\
x=\x220 0 1024 1024\
\x22 version=\x221.1\x22 \
xmlns=\x22http://ww\
w.w3.org/2000/sv\
g\x22 p-id=\x222572\x22 w\
idth=\x2220\x22 height\
=\x2220\x22 xmlns:xlin\
k=\x22http://www.w3\
.org/1999/xlink\x22\
><path d=\x22M497.1\
52 128.512c-212.\
096 0-384 171.90\
4-384 384s171.90\
4 384 384 384 38\
4-171.904 384-38\
4-171.904-384-38\
4-384z m107.52 5\
72.16c-31.488 21\
.76-73.6 32.64-1\
26.336 32.64-41.\
472 0-79.744-6.5\
28-114.944-19.71\
2v-92.16c38.144 \
23.296 75.52 34.\
816 112.128 34.8\
16 45.952 0 68.9\
92-12.288 68.992\
-36.864 0-17.536\
-18.944-32.128-5\
6.96-43.776-47.3\
6-14.72-80-31.10\
4-97.664-49.152-\
17.536-18.048-26\
.368-42.496-26.3\
68-73.344 0-37.5\
04 15.232-66.944\
 45.568-88.192 3\
0.336-21.248 70.\
144-31.872 119.4\
24-31.872 34.944\
 0 68.608 5.12 1\
01.12 15.488v87.\
68c-29.696-17.53\
6-62.336-26.24-9\
8.048-26.24-17.6\
64 0-32 3.2-42.7\
52 9.472-10.88 6\
.272-16.256 14.7\
2-16.256 24.96 0\
 17.536 16.128 3\
1.616 48.256 42.\
496 34.56 11.52 \
60.416 22.016 77\
.824 31.36 17.40\
8 9.472 30.592 2\
1.888 39.68 37.2\
48 9.088 15.36 1\
3.568 33.28 13.5\
68 53.504 0 39.4\
24-15.744 70.016\
-47.232 91.648z\x22\
 fill=\x22#FF5C2A\x22 \
p-id=\x222573\x22></pa\
th></svg>\
\x00\x00\x06\xb3\
<\
?xml version=\x221.\
0\x22 standalone=\x22n\
o\x22?><!DOCTYPE sv\
g PUBLIC \x22-//W3C\
//DTD SVG 1.1//E\
N\x22 \x22http://www.w\
3.org/Graphics/S\
VG/1.1/DTD/svg11\
.dtd\x22><svg t=\x2217\
78512423874\x22 cla\
ss=\x22icon\x22 viewBo\
x=\x220 0 1406 1024\
\x22 version=\x221.1\x22 \
xmlns=\x22http://ww\
w.w3.org/2000/sv\
g\x22 p-id=\x222627\x22 w\
idth=\x2243.9375\x22 h\
eight=\x2232\x22 xmlns\
:xlink=\x22http://w\
ww.w3.org/1999/x\
link\x22><path d=\x22M\
1041.358666 635.\
849029V366.07590\
9h-0.235292a22.1\
49086 22.149086 \
0 0 0-6.498263-1\
5.627029l0.16391\
-0.163911-224.78\
2293-224.784937-\
0.166554 0.16391\
1a22.043337 22.0\
43337 0 0 0-14.2\
73445-6.432171c0\
.031725-0.161267\
 0.0423-0.327821\
 0.079312-0.4864\
44h-44.689443v0.\
45472h-316.84984\
2c-34.468821 0-6\
2.510759 28.0392\
94-62.51076 62.5\
02828v653.765519\
c0 34.468821 28.\
041938 62.510759\
 62.51076 62.510\
76h544.738506c34\
.468821 0 62.510\
759-28.039294 62\
.51076-62.51076v\
-155.181076h0.04\
7587v-44.43829h-\
0.044943z m-63.6\
50203-279.798106\
h-137.362404c-25\
.279251 0-45.762\
793-20.48883-45.\
762793-45.768081\
V172.909863l183.\
125197 183.14106\
z m20.256182 45.\
442903v443.23816\
4a8.948992 8.948\
992 0 0 1-8.9384\
17 8.930486h-564\
.169849a8.943705\
 8.943705 0 0 1-\
8.930486-8.93048\
6V172.455143a8.9\
35774 8.935774 0\
 0 1 8.930486-8.\
927842h319.21597\
2v-0.039656h6.88\
4247v176.214513c\
0 33.456277 27.1\
16636 60.572913 \
60.572913 60.572\
913h186.450997v1\
.216111h-0.01586\
3v0.002644z\x22 fil\
l=\x22#040000\x22 p-id\
=\x222628\x22></path><\
path d=\x22M602.757\
586 699.618199l-\
135.649274-62.60\
0646v-21.998394l\
135.649274-66.13\
5299v33.408689l-\
97.222803 43.047\
693v0.822197l97.\
222803 40.049714\
v33.406046zM775.\
350203 499.58905\
6l-102.251159 24\
5.249974H633.858\
308l101.838738-2\
45.249974h39.653\
157zM945.899224 \
635.389022l-135.\
654561 62.595358\
v-33.260641l97.4\
95106-39.920172v\
-0.68208l-97.495\
106-43.182522v-3\
3.413977l135.654\
561 65.86564v21.\
998394z\x22 p-id=\x222\
629\x22></path></sv\
g>\
\x00\x00\x01\xae\
<\
svg xmlns=\x22http:\
//www.w3.org/200\
0/svg\x22 width=\x2232\
\x22 height=\x2232\x22 fi\
ll=\x22#000000\x22 vie\
wBox=\x220 0 256 25\
6\x22><path d=\x22M219\
.31,72,184,36.69\
A15.86,15.86,0,0\
,0,172.69,32H48A\
16,16,0,0,0,32,4\
8V208a16,16,0,0,\
0,16,16H208a16,1\
6,0,0,0,16-16V83\
.31A15.86,15.86,\
0,0,0,219.31,72Z\
M168,208H88V152h\
80Zm40,0H184V152\
a16,16,0,0,0-16-\
16H88a16,16,0,0,\
0-16,16v56H48V48\
H172.69L208,83.3\
1ZM160,72a8,8,0,\
0,1-8,8H96a8,8,0\
,0,1,0-16h56A8,8\
,0,0,1,160,72Z\x22>\
</path></svg>\
\x00\x00\x13\xd4\
<\
?xml version=\x221.\
0\x22 standalone=\x22n\
o\x22?><!DOCTYPE sv\
g PUBLIC \x22-//W3C\
//DTD SVG 1.1//E\
N\x22 \x22http://www.w\
3.org/Graphics/S\
VG/1.1/DTD/svg11\
.dtd\x22><svg t=\x2217\
78513161073\x22 cla\
ss=\x22icon\x22 viewBo\
x=\x220 0 1024 1024\
\x22 version=\x221.1\x22 \
xmlns=\x22http://ww\
w.w3.org/2000/sv\
g\x22 p-id=\x2214316\x22 \
xmlns:xlink=\x22htt\
p://www.w3.org/1\
999/xlink\x22 width\
=\x2232\x22 height=\x2232\
\x22><path d=\x22M643.\
34557866 393.247\
68965c6.18616732\
-18.77943563 9.2\
7925033-28.11391\
873 14.36074543-\
29.82616178a10.7\
1532436 10.71532\
436 0 0 1 6.8489\
6961 0c5.0814938\
 1.71224305 8.17\
457811 11.046726\
15 14.36074543 2\
9.82616178 25.73\
887337 78.431759\
18 38.66354348 1\
17.64763813 62.9\
6634152 148.6889\
3896 11.21242705\
 14.30551136 24.\
13709716 27.2301\
8145 38.44260851\
 38.44260852 31.\
04130213 24.3027\
9805 70.25718107\
 37.22746815 148\
.68893897 62.966\
34153 18.7794356\
3 6.18616732 28.\
11391873 9.27925\
033 29.82616178 \
14.36074543a10.7\
7055842 10.77055\
842 0 0 1 0 6.84\
896961c-1.712243\
05 5.0814938-11.\
04672615 8.17457\
811-29.82616178 \
14.36074543-78.4\
3175918 25.73887\
337-117.64763813\
 38.66354348-148\
.68893897 62.966\
34152-14.3607441\
3 11.21242705-27\
.23018145 24.137\
09716-38.4426085\
1 38.44260851-24\
.30279805 31.096\
5349-37.22746815\
 70.31241514-62.\
96634152 148.688\
93897-6.18616732\
 18.77943563-9.2\
7925033 28.11391\
873-14.36074543 \
29.82616178a10.7\
7055842 10.77055\
842 0 0 1-6.8489\
6961 0c-5.081493\
8-1.71224305-8.1\
7457811-11.04672\
615-14.36074543-\
29.82616178-25.7\
3887337-78.43175\
918-38.66354348-\
117.64763813-62.\
96634153-148.688\
93897a225.077054\
59 225.07705459 \
0 0 0-38.4426085\
2-38.38737573c-3\
1.0965349-24.358\
03212-70.3124151\
4-37.28270222-14\
8.74417303-63.07\
680836-18.724201\
57-6.13093325-28\
.05868595-9.2240\
1627-29.82616177\
-14.36074415a10.\
77055842 10.7705\
5842 0 0 1 0-6.7\
9373683c1.767475\
83-5.0814938 11.\
10196021-8.17457\
811 29.82616177-\
14.36074543 78.4\
3175918-25.73887\
337 117.64763813\
-38.66354348 148\
.74417303-62.966\
34153 14.3055113\
6-11.21242705 27\
.17494739-24.137\
09716 38.3873757\
4-38.44260852 24\
.30279805-31.096\
5349 37.28270222\
-70.25718107 63.\
02157431-148.688\
93896zM251.62865\
397 233.95389187\
c4.08728842-12.4\
8280147 6.130933\
25-18.72420157 9\
.55541936-19.884\
10785a7.1803727 \
7.1803727 0 0 1 \
4.52915704 0c3.4\
2448481 1.159906\
29 5.46812965 7.\
40130638 9.55541\
935 19.88410785 \
17.1776594 52.30\
624994 25.794106\
14 78.43175918 4\
1.97756017 99.14\
437153 7.5117745\
2 9.55541807 16.\
12822124 18.1718\
648 25.6836393 2\
5.62840524 20.71\
261235 16.238688\
09 46.83812029 2\
4.85513482 99.08\
913747 41.977561\
45 12.48280147 4\
.14252247 18.779\
43563 6.18616732\
 19.88410785 9.6\
1065213a7.180372\
7 7.1803727 0 0 \
1 0 4.52915704c-\
1.10467223 3.424\
48481-7.34607361\
 5.46812965-19.8\
8410785 9.555419\
35-52.25101718 1\
7.23289347-78.43\
175918 25.794106\
14-99.08913747 4\
1.97756016a150.2\
3548112 150.2354\
8112 0 0 0-25.62\
840524 25.683639\
31c-16.23868809 \
20.71261235-24.8\
5513482 46.83812\
029-41.97756145 \
99.14437152-4.14\
252247 12.482801\
47-6.18616732 18\
.72420157-9.6106\
5213 19.88410786\
a7.1803727 7.180\
3727 0 0 1-4.529\
15704 0c-3.42448\
481-1.15990629-5\
.46812965-7.4013\
0638-9.55541936-\
19.88410786-17.2\
3289347-52.30624\
994-25.79410614-\
78.43175918-42.0\
3279422-99.14437\
152a150.23548112\
 150.23548112 0 \
0 0-25.62840523-\
25.62840525c-20.\
71261235-16.2386\
8809-46.83812029\
-24.85513482-99.\
14437153-41.9775\
6145-12.48280147\
-4.14252247-18.7\
2420157-6.186167\
32-19.88410786-9\
.61065212a7.1803\
727 7.1803727 0 \
0 1 0-4.52915704\
c1.15990629-3.42\
448481 7.4013063\
8-5.46812965 19.\
88410786-9.55541\
935 52.30624994-\
17.23289347 78.4\
3175918-25.79410\
614 99.14437153-\
42.03279423 9.55\
541807-7.4565404\
5 18.1718648-16.\
07298718 25.6284\
0523-25.62840524\
 16.23868809-20.\
71261235 24.8551\
3482-46.83812029\
 41.97756146-99.\
14437153zM529.45\
382844 77.256075\
71c2.59598032-7.\
78794224 3.86635\
473-11.70952975 \
5.96523235-12.42\
756741a4.4186902\
 4.4186902 0 0 1\
 2.87214805 0c2.\
09887762 0.71803\
766 3.42448481 4\
.63962516 5.9652\
3235 12.42756741\
 10.77055842 32.\
69831113 16.1282\
2124 48.99223197\
 26.29121013 61.\
97213614 4.63962\
516 5.96523235 9\
.99728799 11.322\
89518 16.0177531\
3 16.01775311 12\
.9246701 10.1077\
5483 29.27382501\
 15.46541765 61.\
91690207 26.2359\
7606 7.78794224 \
2.59598032 11.70\
952975 3.8663547\
3 12.42756741 5.\
96523237a4.47392\
427 4.47392427 0\
 0 1 0 2.8721480\
4c-0.71803766 2.\
09887762-4.63962\
516 3.36925203-1\
2.42756741 5.965\
23235-32.6430770\
7 10.77055842-48\
.99223197 16.128\
22124-61.9721361\
4 26.23597609a94\
.06287644 94.062\
87644 0 0 0-16.0\
1775312 16.01775\
311c-10.10775483\
 12.97990417-15.\
46541765 29.2738\
2501-26.23597607\
 61.97213613-2.5\
4074755 7.787942\
24-3.86635473 11\
.70952975-5.9652\
3235 12.42756741\
a4.4186902 4.418\
6902 0 0 1-2.872\
14805 0c-2.09887\
762-0.71803766-3\
.36925203-4.6396\
2516-5.96523235-\
12.42756741-10.7\
1532436-32.69831\
113-16.12822124-\
48.99223197-26.2\
3597608-61.97213\
613a93.89717553 \
93.89717553 0 0 \
0-16.01775311-16\
.01775311c-12.92\
46701-10.1077548\
3-29.27382501-15\
.46541765-61.972\
13615-26.2359760\
9-7.78794224-2.5\
9598032-11.70952\
975-3.86635473-1\
2.42756739-5.965\
23235a4.47392427\
 4.47392427 0 0 \
1 0-2.87214804c0\
.71803766-2.0988\
7762 4.63962516-\
3.36925203 12.42\
756739-5.9652323\
7 32.69831113-10\
.71532436 49.047\
46604-16.1282212\
4 61.97213615-26\
.23597606a93.897\
17553 93.8971755\
3 0 0 0 16.01775\
311-16.01775311c\
10.10775483-12.9\
7990417 15.46541\
765-29.27382501 \
26.23597608-61.9\
7213614z\x22 fill=\x22\
#333333\x22 p-id=\x221\
4317\x22></path></s\
vg>\
\x00\x00\x02\xa5\
<\
svg xmlns=\x22http:\
//www.w3.org/200\
0/svg\x22 width=\x2232\
\x22 height=\x2232\x22 fi\
ll=\x22#000000\x22 vie\
wBox=\x220 0 256 25\
6\x22><path d=\x22M226\
.76,69a8,8,0,0,0\
-12.84-2.88l-40.\
3,37.19-17.23-3.\
7-3.7-17.23,37.1\
9-40.3A8,8,0,0,0\
,187,29.24,72,72\
,0,0,0,88,96,72.\
34,72.34,0,0,0,9\
4,124.94L33.79,1\
77c-.15.12-.29.2\
6-.43.39a32,32,0\
,0,0,45.26,45.26\
c.13-.13.27-.28.\
39-.42L131.06,16\
2A72,72,0,0,0,23\
2,96,71.56,71.56\
,0,0,0,226.76,69\
ZM160,152a56.14,\
56.14,0,0,1-27.0\
7-7,8,8,0,0,0-9.\
92,1.77L67.11,21\
1.51a16,16,0,0,1\
-22.62-22.62L109\
.18,133a8,8,0,0,\
0,1.77-9.93,56,5\
6,0,0,1,58.36-82\
.31l-31.2,33.81a\
8,8,0,0,0-1.94,7\
.1L141.83,108a8,\
8,0,0,0,6.14,6.1\
4l26.35,5.66a8,8\
,0,0,0,7.1-1.94l\
33.81-31.2A56.06\
,56.06,0,0,1,160\
,152Z\x22></path></\
svg>\
\x00\x00\x01\x12\
<\
svg xmlns=\x22http:\
//www.w3.org/200\
0/svg\x22 width=\x2248\
\x22 height=\x2248\x22 fi\
ll=\x22#3575b5\x22 vie\
wBox=\x220 0 256 25\
6\x22><path d=\x22M213\
.85,125.46l-112,\
120a8,8,0,0,1-13\
.69-7l14.66-73.3\
3L45.19,143.49a8\
,8,0,0,1-3-13l11\
2-120a8,8,0,0,1,\
13.69,7L153.18,9\
0.9l57.63,21.61a\
8,8,0,0,1,3,12.9\
5Z\x22></path></svg\
>\
\x00\x00\x01/\
<\
svg xmlns=\x22http:\
//www.w3.org/200\
0/svg\x22 width=\x2232\
\x22 height=\x2232\x22 fi\
ll=\x22#000000\x22 vie\
wBox=\x220 0 256 25\
6\x22><path d=\x22M170\
.34,130.34,204.6\
9,96H88a48,48,0,\
0,0,0,96h88a8,8,\
0,0,1,0,16H88A64\
,64,0,0,1,88,80H\
204.69L170.34,45\
.66a8,8,0,0,1,11\
.32-11.32l48,48a\
8,8,0,0,1,0,11.3\
2l-48,48a8,8,0,0\
,1-11.32-11.32Z\x22\
></path></svg>\
\x00\x00\x03:\
<\
?xml version=\x221.\
0\x22 standalone=\x22n\
o\x22?><!DOCTYPE sv\
g PUBLIC \x22-//W3C\
//DTD SVG 1.1//E\
N\x22 \x22http://www.w\
3.org/Graphics/S\
VG/1.1/DTD/svg11\
.dtd\x22><svg t=\x2217\
78590634586\x22 cla\
ss=\x22icon\x22 viewBo\
x=\x220 0 1024 1024\
\x22 version=\x221.1\x22 \
xmlns=\x22http://ww\
w.w3.org/2000/sv\
g\x22 p-id=\x223699\x22 x\
mlns:xlink=\x22http\
://www.w3.org/19\
99/xlink\x22 width=\
\x2220\x22 height=\x2220\x22\
><path d=\x22M825.7\
68 376.016 825.7\
68 376.016 475.8\
89 731.658l0 0c-\
8.265 8.395-19.6\
8 13.595-32.287 \
13.595-12.607 0-\
24.022-5.2-32.29\
-13.595l0 0L213.\
584 530.629l0 0c\
-8.26-8.355-13.3\
72-19.96-13.372-\
32.775 0-25.63 2\
0.442-46.372 45.\
617-46.372 12.60\
7 0 24.027 5.195\
 32.292 13.592l0\
 0 165.48 168.17\
 317.637-322.864\
 0 0c8.265-8.355\
 19.68-13.552 32\
.285-13.552 25.1\
7 0 45.625 20.78\
 45.625 46.367C8\
39.148 356.012 8\
34.033 367.619 8\
25.768 376.016L8\
25.768 376.016 8\
25.768 376.016z\x22\
 fill=\x22#272636\x22 \
p-id=\x223700\x22></pa\
th></svg>\
\x00\x00\x03\x19\
<\
?xml version=\x221.\
0\x22 standalone=\x22n\
o\x22?><!DOCTYPE sv\
g PUBLIC \x22-//W3C\
//DTD SVG 1.1//E\
N\x22 \x22http://www.w\
3.org/Graphics/S\
VG/1.1/DTD/svg11\
.dtd\x22><svg t=\x2217\
78809213183\x22 cla\
ss=\x22icon\x22 viewBo\
x=\x220 0 1024 1024\
\x22 version=\x221.1\x22 \
xmlns=\x22http://ww\
w.w3.org/2000/sv\
g\x22 p-id=\x222601\x22 w\
idth=\x2232\x22 height\
=\x2232\x22 xmlns:xlin\
k=\x22http://www.w3\
.org/1999/xlink\x22\
><path d=\x22M568.1\
92 128a29.568 29\
.568 0 1 1 0 59.\
072H258.816a71.6\
8 71.68 0 0 0-71\
.68 71.744v506.3\
68c0 39.68 32 71\
.68 71.68 71.68h\
506.368a71.68 71\
.68 0 0 0 71.68-\
71.68V512A29.568\
 29.568 0 1 1 89\
6 512v253.184A13\
0.816 130.816 0 \
0 1 765.184 896H\
258.816A130.816 \
130.816 0 0 1 12\
8 765.184V258.81\
6C128 186.56 186\
.56 128 258.816 \
128h309.376z m27\
3.024 9.536a32 3\
2 0 0 1 45.568 4\
4.928L407.04 667\
.84a32 32 0 0 1-\
45.504-44.928l47\
9.616-485.376z\x22 \
fill=\x22#999999\x22 p\
-id=\x222602\x22></pat\
h></svg>\
\x00\x02\x1ee\
\x89\
PNG\x0d\x0a\x1a\x0a\x00\x00\x00\x0dIHDR\x00\
\x00\x0a]\x00\x00\x0b4\x08\x06\x00\x00\x00\x08\x228/\
\x00\x00\x00\x09pHYs\x00\x00.#\x00\x00.#\
\x01x\xa5?v\x00\x00 \x00IDATx\x9c\xec\
\xddOn\x14y\xba\xee\xf1\x87\xd6\x19\xc6\xc0g\x05\xc7\
=\x8d\xc9u\xaf\xa0]\x8a\x05\x5cz\x05\x97Z\xc1\xa1\
W\x00\xb5\x02\x8a\x15\xd8\xac\x00\xb3\x80\x10\xc9\x0apM\
b\xea<+p\x1e)\xe6}\x07\x994T\x15\xff\xc9\
\xcc72\xe2\xf3\x91\xac\x82\xae\xc2\xfe\xaaU\x82\x92x\
x\x7f\x0f\x02\x00\x00\x00\x00\x070\xf6\xedy\x92\xf3$\
\x9b\xa6\x1bnkk\x00\x00\x00\x00\x00\xe0\xc7\xfdGu\
\x00\x00\x00\x00\x00\xb3u\x99\xe4*I\xc6\xbe\xfd\xd8\xdf\
_\xfd\xe1\xfb\xb7I\xfew\xf7\xed\xcd\xee\xfbI\x92\xa6\
\x1b\xfe\xf8\xcf\x02\x00\x00\x00\x00\xc0\xd1=\xa8\x0e\x00\x00\
\x00\x00`\x9ev\x97.\xef\xf6\xfci?\x1cc\xae\x93\
\xfc\xcf\xee\xdb\xab\xdd_o\x9bn\xd8\xec\xf9k\x02\x00\
\x00\x00\x00@\x12\xa3K\x00\x00\x00\x00\x0eh\xec\xdb\xb7\
I.\x0a\xbe\xf4\xfa\x83\x8f\xff\xf9\xf0\xfbM7\xac\x0b\
z\x00\x00\x00\x00\x00\x98\x01\xcf\x8b\x03\x00\x00\x00pH\
\xab\xd4\x8c.\xcfw\x1f\x7f\xb2{\xea|\xbd\xfbx\xf7\
\xa4\xf9*\xc9\xa6\xe9\x86\xdb\x8f\xfd\x18\x00\x00\x00\x00\x00\
H\x5c\xba\x04\x00\x00\x00\xe0\x80\xc6\xbe\xbdL\xf2\xba\xba\
\xe3\x1b\xddf;\xc8\xfc-\xef\xafc\xae\x0a{\x00\x00\
\x00\x00\x00\x98\x08\xa3K\x00\x00\x00\x00\x0ej\xec\xdb\xfb\
$g\xd5\x1d{\xb0\xde}\xbc\xc9n\x98\xe92&\x00\
\x00\x00\x00\xc0\xb2\x18]\x02\x00\x00\x00pPc\xdf\xbe\
L\xf2\xb0\xba\xe3\x80Vy\x7f\x19\xf3\xd6UL\x00\x00\
\x00\x00\x80\xf92\xba\x04\x00\x00\x00\xe0\xa0\xc6\xbe}\x94\
\xe4\xaa\xba\xe3\xc8nw\x1f\x86\x98\x00\x00\x00\x00\x003\
bt\x09\x00\x00\x00\xc0A\x8d}{\x9e\xe4\xae\xbac\
\x02Vy?\xc4\x5c5\xdd\xb0.\xad\x01\x00\x00\x00\x00\
\xe0\x9b\x19]\x02\x00\x00\x00ppc\xdf\xbeMrQ\
\xdd11\x9bl\x87\x98o\xe2\x1a&\x00\x00\x00\x00\xc0\
I0\xba\x04\x00\x00\x00\xe0\xe0\xc6\xbe}\x96\xe4qu\
\xc7\x09Xe;\xc2\x5c\x19a\x02\x00\x00\x00\x00L\x8f\
\xd1%\x00\x00\x00\x00\x077\xf6\xede\x92\xd7\xd5\x1d'\
\xe86\xdb!\xe6+#L\x00\x00\x00\x00\x80zF\x97\
\x00\x00\x00\x00\x1c\xc5\xd8\xb7\xf7I\xce\xaa;N\xdc*\
.a\x02\x00\x00\x00\x00\x941\xba\x04\x00\x00\x00\xe0(\
\xc6\xbe}\x99\xe4au\xc7\x8cl\xf2~\x84y\xd3t\
\xc3\xba\xb4\x06\x00\x00\x00\x00`\x01\x8c.\x01\x00\x00\x00\
8\x8a\xb1o\x1f%\xb9\xaa\xee\x98\xb1u\x92\x9b$o\
\x9an\xb8)n\x01\x00\x00\x00\x00\x98%\xa3K\x00\x00\
\x00\x00\x8eb\xec\xdb\xf3$w\xd5\x1d\x0br\x13W0\
\x01\x00\x00\x00\x00\xf6\xca\xe8\x12\x00\x00\x00\x80\xa3\x19\xfb\
\xf6m\x92\x8b\xea\x8e\x05\xba\xcd\xf6)\xf2\x17M7\xdc\
\x16\xb7\x00\x00\x00\x00\x00\x9c,\xa3K\x00\x00\x00\x00\x8e\
f\xec\xdbgI\x1eWw,\xdc&\xdb+\x98\xaf<\
C\x0e\x00\x00\x00\x00\xf0m\x8c.\x01\x00\x00\x008\x9a\
\xb1o/\x93\xbc\xae\xee\xe0\xdf\xfe=\xc0L\xb2j\xba\
aS\xdc\x03\x00\x00\x00\x000iF\x97\x00\x00\x00\x00\
\x1c\xd5\xd8\xb7\xf7I\xce\xaa;\xf8\xa8w\x03\xcc\x1b\x03\
L\x00\x00\x00\x00\x80?3\xba\x04\x00\x00\x00\xe0\xa8\xc6\
\xbe}\x99\xe4au\x07_t\x93\xe4\x85'\xc8\x01\x00\
\x00\x00\x00\xde3\xba\x04\x00\x00\x00\xe0\xa8\xc6\xbe}\x94\
\xe4\xaa\xba\x83\xaf\xf6\xef'\xc8\x0d0\x01\x00\x00\x00\x80\
\xa53\xba\x04\x00\x00\x00\xe0\xa8\xc6\xbe=Kr_\xdd\
\xc1w\xd9$\xb9\xce\xf6\x02\xe6mq\x0b\x00\x00\x00\x00\
\xc0\xd1\x19]\x02\x00\x00\x00ptc\xdf\xbeMrQ\
\xdd\xc1\x0fY'y\x9e\xe4\xa6\xe9\x86um\x0a\x00\x00\
\x00\x00\xc0q\x18]\x02\x00\x00\x00ptc\xdf>M\
\xf2\xa4\xba\x83\xbdY%y\x91\xed\x00sS\xdc\x02\x00\
\x00\x00\x00p0F\x97\x00\x00\x00\x00\x1c\xdd\xd8\xb7\x17\
I\xdeVw\xb0w\x9b$7I\x9e{~\x1c\x00\x00\
\x00\x00\x98#\xa3K\x00\x00\x00\x00J\x8c}{\x9f\xe4\
\xac\xba\x83\x83\xb9\xcd\xf6\xfa\xe5\xb5\xeb\x97\x00\x00\x00\x00\
\xc0\x5c\xfc\xa5:\x00\x00\x00\x00\x80\xc5\xba\xa9\x0e\xe0\xa0\
.\x92<Kr?\xf6\xed\xd5\xd8\xb7\x97\xc5=\x00\x00\
\x00\x00\x00?\xcc\xa5K\x00\x00\x00\x00J\x8c}\xfb(\
\xc9Uu\x07G\xb5N\xf2K\x92\x1b\xd7/\x01\x00\x00\
\x00\x80Sdt\x09\x00\x00\x00@\x89\xb1o\xcf\x92\xdc\
WwPb\x93\xed\xa5\xd3_\x9anX\x17\xb7\x00\x00\
\x00\x00\x00|5\xa3K\x00\x00\x00\x00\xca\x8c}\xfb6\
\xdbg\xa8Y\xaeU\x92\xe7M7xn\x1e\x00\x00\x00\
\x00\x98\xbc\xbfT\x07\x00\x00\x00\x00\xb0h\xaf\xaa\x03(\
w\x99\xe4\xe5\xd8\xb7wc\xdf>\xde]@\x05\x00\x00\
\x00\x00\x98$\x97.\x01\x00\x00\x00(3\xf6\xedE\x92\
\xb7\xd5\x1dL\x8a\xa7\xc7\x01\x00\x00\x00\x80\xc92\xba\x04\
\x00\x00\x00\xa0\xd4\xd8\xb7\xf7I\x5c7\xe4cn\xb2}\
z|U\x1d\x02\x00\x00\x00\x00\x90x^\x1c\x00\x00\x00\
\x80z7\xd5\x01L\xd6\xc3$\xaf\xc7\xbe}=\xf6\xed\
\xa3\xea\x18\x00\x00\x00\x00\x00\xa3K\x00\x00\x00\x00\xaa\xbd\
\xa9\x0e`\xf2.\x93\x5c\x8d}{g|\x09\x00\x00\x00\
\x00T\xf2\xbc8\x00\x00\x00\x00\xa5\xc6\xbe=Kr_\
\xdd\xc1IY'y\x91\xe4\xd7\xa6\x1b6\xc5-\x00\x00\
\x00\x00\xc0\x82\x18]\x02\x00\x00\x00Pn\xec\xdb\xb7I\
.\xaa;89\x9b$\xcfc|\x09\x00\x00\x00\x00\x1c\
\x89\xe7\xc5\x01\x00\x00\x00\x98\x82W\xd5\x01\x9c\xa4\xb3$\
O\x92\xdc\x8d}\xfbtw5\x15\x00\x00\x00\x00\xe0`\
\x5c\xba\x04\x00\x00\x00\xa0\xdc\xd8\xb7\x17I\xdeVwp\
\xf2\x5c\xbe\x04\x00\x00\x00\x00\x0e\xca\xe8\x12\x00\x00\x00\x80\
I\x18\xfb\xf6>\xdb\xcb\x85\xf0\xa3\x8c/\x01\x00\x00\x00\
\x80\x83\xf0\xbc8\x00\x00\x00\x00SqS\x1d\xc0lx\
v\x1c\x00\x00\x00\x008\x08\xa3K\x00\x00\x00\x00\xa6\xe2\
Mu\x00\xb3c|\x09\x00\x00\x00\x00\xec\x95\xd1%\x00\
\x00\x00\x00S\xe1\xd2%\x87\xf2\xbb\xf1eq\x0b\x00\x00\
\x00\x00p\xc2\x1eT\x07\x00\x00\x00\x00\xc0;c\xdf\xbe\
NrY\xdd\xc1\xec\xad\x93\xfc\xd2t\xc3uq\x07\x00\
\x00\x00\x00pb\x5c\xba\x04\x00\x00\x00`J^U\x07\
\xb0\x08\xe7I\xae\xc6\xbe\xbd\x1b\xfb\xf6au\x0c\x00\x00\
\x00\x00p:\x8c.\x01\x00\x00\x00\x98\x92Uu\x00\x8b\
r\x9e\xe4\xe5\xd8\xb7\xaf\xc7\xbe\xbd,n\x01\x00\x00\x00\
\x00N\x80\xe7\xc5\x01\x00\x00\x00\x98\x94\xb1o\xef\xb2\x1d\
\xc3\xc1\xb1]g\xfb\xec\xf8\xba\xb8\x03\x00\x00\x00\x00\x98\
(\x97.\x01\x00\x00\x00\x98\x9aUu\x00\x8b\xf5(\xc9\
\xdd\xd8\xb7O\xc7\xbe=\xab\x8e\x01\x00\x00\x00\x00\xa6\xc7\
\xe8\x12\x00\x00\x00\x80\xa9yU\x1d\xc0\xe2=\xc9v|\
\xf9\xa8:\x04\x00\x00\x00\x00\x98\x16\xcf\x8b\x03\x00\x00\x00\
0)\xbb\x0b\x83\xf7\xd5\x1d\xb0s\x9b\xe4\x9fM7\xac\
\xaaC\x00\x00\x00\x00\x80zF\x97\x00\x00\x00\x00L\xce\
\xd8\xb7\xaf\x93\x5cVw\xc0\x07n\xb2\x1d_\xae\xabC\
\x00\x00\x00\x00\x80:\x9e\x17\x07\x00\x00\x00`\x8a<1\
\xce\xd4<L\xf2v\xec\xdb\xa7\xd5!\x00\x00\x00\x00@\
\x1d\x97.\x01\x00\x00\x00\x98\x9c\xb1o/\x92\xbc\xad\xee\
\x80OX'\xf9\xd9\x93\xe3\x00\x00\x00\x00\xb0<F\x97\
\x00\x00\x00\x00L\xd2\xd8\xb7wI\xce\xab;\xe03<\
9\x0e\x00\x00\x00\x00\x0b\xe3yq\x00\x00\x00\x00\xa6j\
U\x1d\x00_\xe0\xc9q\x00\x00\x00\x00X\x18\xa3K\x00\
\x00\x00\x00\xa6\xeaUu\x00|\x85\xb3$O\xc6\xbe}\
;\xf6\xedeu\x0c\x00\x00\x00\x00pX\x9e\x17\x07\x00\
\x00\x00`\x92\xc6\xbe=Kr_\xdd\x01\xdf\xe8\xd7$\
\xbf4\xdd\xb0\xa9\x0e\x01\x00\x00\x00\x00\xf6\xcf\xa5K\x00\
\x00\x00\x00&i7Z[Uw\xc07z\x9c\xe4n\
\xec\xdb\x87\xd5!\x00\x00\x00\x00\xc0\xfe\x19]\x02\x00\x00\
\x000e\x9e\x18\xe7\x14\x9d%y9\xf6\xed\xcb\xb1o\
\xcf\xabc\x00\x00\x00\x00\x80\xfd1\xba\x04\x00\x00\x00`\
\xcaV\xd5\x01\xf0\x03\x1e&y;\xf6\xed\xe3\xea\x10\x00\
\x00\x00\x00`?\x1eT\x07\x00\x00\x00\x00\xc0\xe7\x8c}\
{\x97\xe4\xbc\xba\x03~\xd0*\xc9\xcfM7\xac\x8b;\
\x00\x00\x00\x00\x80\x1f\xe0\xd2%\x00\x00\x00\x00S\xb7\xaa\
\x0e\x80=\xb8\x8c\xab\x97\x00\x00\x00\x00p\xf2\x8c.\x01\
\x00\x00\x00\x98\xbaW\xd5\x01\xb0'gI\x9e\x8d}\xfb\
z\xec\xdb\xf3\xea\x18\x00\x00\x00\x00\xe0\xdby^\x1c\x00\
\x00\x00\x80\xc9\x1b\xfb\xf6_\xd5\x0d\xb0g\x9b$\xbf4\
\xdd\xf0ku\x08\x00\x00\x00\x00\xf0\xf5\x5c\xba\x04\x00\x00\
\x00\xe0\x14\xdcT\x07\xc0\x9e}x\xf5\xf2\xac:\x06\x00\
\x00\x00\x00\xf8:F\x97\x00\x00\x00\x00\x9c\x827\xd5\x01\
p \x97I\xee\xc6\xbe}X\x1d\x02\x00\x00\x00\x00|\
\x99\xe7\xc5\x01\x00\x00\x00\x98\xbc\xb1o\xcf\x93\xdcUw\
\xc0\x81]'\xf9g\xd3\x0d\x9b\xea\x10\x00\x00\x00\x00\xe0\
\xe3\x8c.\x01\x00\x00\x008\x09c\xdf\xde%9\xaf\xee\
\x80\x03['\xf9\xb9\xe9\x86Uq\x07\x00\x00\x00\x00\xf0\
\x11\x9e\x17\x07\x00\x00\x00\xe0T\xdcT\x07\xc0\x11\x9c'\
y=\xf6\xed\xd3\xe2\x0e\x00\x00\x00\x00\xe0#\x8c.\x01\
\x00\x00\x008\x15o\xaa\x03\xe0\x88\x9e\x8c}\xfbv\xec\
\xdb\xf3\xea\x10\x00\x00\x00\x00\xe0=\xcf\x8b\x03\x00\x00\x00\
p2\xc6\xbe\xfdWu\x03\x1c\xd9&\xdb\xe7\xc6]z\
\x05\x00\x00\x00\x80\x09p\xe9\x12\x00\x00\x00\x80Sbx\
\xc6\xd2\x9c%y9\xf6\xed\xd5\xd8\xb7g\xd51\x00\x00\
\x00\x00\xb0tF\x97\x00\x00\x00\x00\x9c\x12O\x8c\xb3T\
\x8f\x92\xbc\x1e\xfb\xf6\xa2:\x04\x00\x00\x00\x00\x96\xcc\xe8\
\x12\x00\x00\x00\x80S\xe2\xd2%Kv\x91\xed\xf0\xf2Q\
u\x08\x00\x00\x00\x00,\xd5\x83\xea\x00\x00\x00\x00\x00\xf8\
\x16c\xdf\xde%9\xaf\xee\x80b\xd7I\xfe\xd9t\xc3\
\xa6:\x04\x00\x00\x00\x00\x96\xc4\xa5K\x00\x00\x00\x00N\
\x8dk\x97\xe0\xb9q\x00\x00\x00\x00(at\x09\x00\x00\
\x00\xc0\xa9yS\x1d\x00\x13\xf1\xee\xb9\xf1\x87\xd5!\x00\
\x00\x00\x00\xb0\x14\x9e\x17\x07\x00\x00\x00\xe0\xe4\x8c}\xfb\
\xaf\xea\x06\x98\x98_\x9bn\xf8gu\x04\x00\x00\x00\x00\
\xcc\x9dK\x97\x00\x00\x00\x00\x9c\x22O\x8c\xc3\xef=\x1e\
\xfb\xf6\xf5\xd8\xb7g\xd5!\x00\x00\x00\x000gF\x97\
\x00\x00\x00\x00\x9c\x22O\x8c\xc3\x9f]&\xb9\x1b\xfb\xf6\
\xa2:\x04\x00\x00\x00\x00\xe6\xca\xe8\x12\x00\x00\x00\x80S\
\xe4\xd2%|\xdcY\x92\xb7c\xdf>\xaa\x0e\x01\x00\x00\
\x00\x809zP\x1d\x00\x00\x00\x00\x00\xdfc\xec\xdb\xbb\
$\xe7\xd5\x1d0a\xd7M7\xfc\x5c\x1d\x01\x00\x00\x00\
\x00s\xe2\xd2%\x00\x00\x00\x00\xa7\xca\xb5K\xf8\xbcG\
c\xdf\xbe\x1e\xfb\xf6\xac:\x04\x00\x00\x00\x00\xe6\xc2\xe8\
\x12\x00\x00\x00\x80S\xf5\xaa:\x00N\xc0e\xb6\xcf\x8d\
_T\x87\x00\x00\x00\x00\xc0\x1cx^\x1c\x00\x00\x00\x80\
\x935\xf6\xed}\x12W\xfc\xe0\xcb6I~n\xba\xc1\
\x85X\x00\x00\x00\x00\xf8\x01.]\x02\x00\x00\x00p\xca\
V\xd5\x01p\x22\xce\x92\xbc\x1c\xfb\xf6qu\x08\x00\x00\
\x00\x00\x9c2\xa3K\x00\x00\x00\x00N\x99'\xc6\xe1\xdb\
<\x1b\xfb\xf6\xaa:\x02\x00\x00\x00\x00N\x95\xe7\xc5\x01\
\x00\x00\x008Yc\xdf\x9e'\xb9\xab\xee\x80\x13t\x9b\
\xe4\xa7\xa6\x1b6\xd5!\x00\x00\x00\x00pJ\x5c\xba\x04\
\x00\x00\x00\xe0d5\xdd\xb0\xcev<\x06|\x9b\x8b$\
\xaf\xc7\xbe\xbd\xa8\x0e\x01\x00\x00\x00\x80Sbt\x09\x00\
\x00\x00\xc0\xa9[U\x07\xc0\x892\xbc\x04\x00\x00\x00\x80\
odt\x09\x00\x00\x00\xc0\xa9{U\x1d\x00'\xec,\
\xc9\xdb\xb1o\x1fU\x87\x00\x00\x00\x00\xc0)xP\x1d\
\x00\x00\x00\x00\x00?j\xec\xdb\xfbl\xc7c\xc0\xf7\xfb\
\xb9\xe9\x86\xeb\xea\x08\x00\x00\x00\x00\x982\x97.\x01\x00\
\x00\x00\x98\x83Uu\x00\xcc\xc0\xd5\xd8\xb7W\xd5\x11\x00\
\x00\x00\x000eF\x97\x00\x00\x00\x00\xcc\x81'\xc6a\
?\x1e\x19^\x02\x00\x00\x00\xc0\xa7y^\x1c\x00\x00\x00\
\x80\x937\xf6\xedy\x92\xbb\xea\x0e\x98\x91\xdb$?5\
\xdd\xb0\xa9\x0e\x01\x00\x00\x00\x80)q\xe9\x12\x00\x00\x00\
\x80\x93\xd7t\xc3:\xdb\x91\x18\xb0\x1f\x17I^\x8f}\
{V\x1d\x02\x00\x00\x00\x00Sbt\x09\x00\x00\x00\xc0\
\x5c\xac\xaa\x03`f\xde\x0d//\xaaC\x00\x00\x00\x00\
`*\x8c.\x01\x00\x00\x00\x98\x8bW\xd5\x010C\x86\
\x97\x00\x00\x00\x00\xf0\x81\x07\xd5\x01\x00\x00\x00\x00\xb0/\
c\xdf\xde'\xf1\x1c2\xec\xdf&\xc9OM7\xdcV\
\x87\x00\x00\x00\x00@%\x97.\x01\x00\x00\x00\x98\x93U\
u\x00\xcc\xd4Y\xb6\x17//\xabC\x00\x00\x00\x00\xa0\
\x92\xd1%\x00\x00\x00\x00s\xe2\x89q8\x9cw\xc3\xcb\
G\xd5!\x00\x00\x00\x00P\xc5\xe8\x12\x00\x00\x00\x809\
\xb9\xa9\x0e\x80\x05\xb82\xbc\x04\x00\x00\x00`\xa9\x8c.\
\x01\x00\x00\x00\x98\x8d\xa6\x1b6In\xab;`\x01\x0c\
/\x01\x00\x00\x00X$\xa3K\x00\x00\x00\x00\xe6\xc6\x13\
\xe3p\x1c\x86\x97\x00\x00\x00\x00,\x8e\xd1%\x00\x00\x00\
\x00s\xe3\x89q8\x1e\xc3K\x00\x00\x00\x00\x16\xe5A\
u\x00\x00\x00\x00\x00\xec\xdb\xd8\xb7\xf7I\xce\xaa;`\
A~n\xba\xe1\xba:\x02\x00\x00\x00\x00\x0e\xcd\xa5K\
\x00\x00\x00\x00\xe6\xc8\xb5K8.\x17/\x01\x00\x00\x00\
X\x04\xa3K\x00\x00\x00\x00\xe6\xe8Mu\x00,\x90\xe1\
%\x00\x00\x00\x00\xb3gt\x09\x00\x00\x00\xc0\x1c\xb9t\
\x095\x0c/\x01\x00\x00\x00\x985\xa3K\x00\x00\x00\x00\
f\xa7\xe9\x86M\x92\xdb\xea\x0eX(\xc3K\x00\x00\x00\
\x00f\xcb\xe8\x12\x00\x00\x00\x80\xb9zU\x1d\x00\x0bf\
x\x09\x00\x00\x00\xc0,\x19]\x02\x00\x00\x000W\x9e\
\x18\x87Z\x86\x97\x00\x00\x00\x00\xcc\xce\x83\xea\x00\x00\x00\
\x00\x008\x94\xb1o\xef\x93\x9cUw\xc0\xc2\xfd\xdct\
\xc3uu\x04\x00\x00\x00\x00\xec\x83K\x97\x00\x00\x00\x00\
\xcc\x99k\x97P\xcf\xc5K\x00\x00\x00\x00f\xc3\xe8\x12\
\x00\x00\x00\x809{S\x1d\x00$1\xbc\x04\x00\x00\x00\
`&\x8c.\x01\x00\x00\x00\x983\x97.a:\x9e\x8d\
}{Q\x1d\x01\x00\x00\x00\x00?\xc2\xe8\x12\x00\x00\x00\
\x80\xd9j\xbaa\x93\xe4\xb6\xba\x03H\x92\x9c%ym\
x\x09\x00\x00\x00\xc0)3\xba\x04\x00\x00\x00`\xee^\
U\x07\x00\xfffx\x09\x00\x00\x00\xc0I3\xba\x04\x00\
\x00\x00`\xee<1\x0e\xd3\xf2nxyV\x1d\x02\x00\
\x00\x00\x00\xdf\xca\xe8\x12\x00\x00\x00\x80Yk\xba\xe16\
\xc9\xba\xba\x03\xf8\x1d\xc3K\x00\x00\x00\x00N\x92\xd1%\
\x00\x00\x00\xf0\xcd\xc6\xbe=\xf74,'fU\x1d\x00\
\xfc\xc9E\x0c/\x01\x00\x00\x0081\xffQ\x1d\x00\x00\
\x00\x00\x9c\xa4\x87I\x9e\x8d}\xfb\xb1\xbf\xb7\xfa\xc3\xf7\
o\x93\xfc\xef\xee\xdb\x9b\xdd\xf7\x93d\xb3\xbb@\x08\xc7\
\xf0*\xc9\xa3\xea\x08\xe0O.\x92\x5c%\xf9Gu\x08\
\x00\x00\x00\x00|\x8d\x07\xd5\x01\x00\x00\x00\xc0\xe9\xd9]\
%\xbb\xdf\xe3\xa7\x5c\xe7\xfd\xf3\xcfov\x7f\xbd\xcdv\
\xa4\xb9n\xbaa\xfd\xe7\x1f\x02_\xef\x00\xff\xce\x02\xfb\
u\xddt\xc3\xcf\xd5\x11\x00\x00\x00\x00\xf0%F\x97\x00\
\x00\x00\xc0w\x19\xfb\xf6*\xc7\xbd\x1c\xb8\xfe\xe0\xe3\x7f\
>\xf8\xf6m\xd3\x0d\x9b#vp\xa2\xc6\xbe}\x9d\xe4\
\xb2\xba\x03\xf8\xa4_\x9anxZ\x1d\x01\x00\x00\x00\x00\
\x9fct\x09\x00\x00\x00|\x97\xb1o\x1f&yY\xdd\
\xf1\x81U\xb6\x971\x7f\xcb\xeeJf\xd3\x0d\xab\xca \
\xa6e\xec\xdb\xc7I\x9eUw\x00\x9f\xf5s\xd3\x0d\xd7\
\xd5\x11\x00\x00\x00\x00\xf0)F\x97\x00\x00\x00\xc0w\x1b\
\xfb\xf6.\xc9yu\xc7\x17\xacw\x1fo\xb2\x1dc\xae\
\x9bn\xb8\xad\x0c\xa2\xc6\xd8\xb7\x17I\xdeVw\x00_\
\xf4\x8f\xa6\x1bn\xaa#\x00\x00\x00\x00\xe0c\x8c.\x01\
\x00\x00\x80\xef6\xf6\xed\xb3$\x8f\xab;\xbe\xd3*\xdb\
1\xe6o\xd9>Q\xbe\xaa\x8c\xe18Nd(\x0cK\
\xb7I\xf2\x93\x81<\x00\x00\x00\x00Sdt\x09\x00\x00\
\x00|\xb7\xb1o\xcf\x93\xdcUw\xec\xd1\xed\xee\xc3\x10\
s\xa6\xc6\xbe\xbdJ\xf2\xa8\xba\x03\xf8\xa2M\x92\xbf6\
\xdd\xb0\xa9\x0e\x01\x00\x00\x00\x80\x0f\x19]\x02\x00\x00\x00\
?d\xec\xdb\xd7I.\xab;\x0eh\x95\xed\x10\xf3M\
\xb6C\xccui\x0d?d\xec\xdb\x87I^Vw\x00\
_\xe56\xdb\x8b\x97\x86\x97\x00\x00\x00\x00L\x86\xd1%\
\x00\x00\x00\xf0C\xc6\xbe}\x94\xe4\xaa\xba\xe3\x88\xd6y\
?\xc2\x5cy\xfe\xf6\xb4\x8c}{\x96\xe4\xbe\xba\x03\xf8\
j7M7\xfc\xa3:\x02\x00\x00\x00\x00\xde1\xba\x04\
\x00\x00\x00~\xc8n\xc4v\x97\xe4\xac\xba\xa5\xc8&\xdb\
k\x98F\x98'b\x01\xd7Yan~m\xba\xe1\x9f\
\xd5\x11\x00\x00\x00\x00\x90\x18]\x02\x00\x00\x00{0\xf6\
\xedU\x92G\xd5\x1d\x13\xf1\xe1\x08\xf3\xc6s\xe4\xd33\
\xf6\xed\xe3$\xcf\xaa;\x80o\xf2s\xd3\x0d\xd7\xd5\x11\
\x00\x00\x00\x00`t\x09\x00\x00\x00\xfc\xb0\xb1o/\x93\
\xbc\xae\xee\x98\xa8u\xb6#\xccW\xd9^\xc2\xdc\x94\xd6\
\x90\xb1o/\x92\xbc\xad\xee\x00\xbe\xd9\xdf\x5c\x13\x06\x00\
\x00\x00\xa0\x9a\xd1%\x00\x00\x00\xb0\x17c\xdf\xde%9\
\xaf\xee8\x01\xab\xbc\x1f`\x1a\x0f\x15\xf1\xef+\x9c\xa4\
M\xb6\xc3\xcbuu\x08\x00\x00\x00\x00\xcb\xf5\x97\xea\x00\
\x00\x00\x00`6\x9eW\x07\x9c\x88\xcbl\x9f\xb6~;\
\xf6\xed\xdd\xd8\xb7Wc\xdf>,nZ\xa2Uu\x00\
\xf0\xcd\xce\x92\xbc\x1c\xfb\xf6\xac:\x04\x00\x00\x00\x80\xe5\
r\xe9\x12\x00\x00\x00\xd8\x8b\xb1o\xcf\x93\xdcUw\x9c\
\xb8\x9bl\xaf`\xdex\x86\xfc\xb0vC\xd7\x97\xd5\x1d\
\xc0w\xb9i\xba\xe1\x1f\xd5\x11\x00\x00\x00\x00,\x93\xd1\
%\x00\x00\x00\xb07c\xdf\xbeL\xe2j\xe3~\xdc$\
y\x93\xed\xb8h]\xdc2;\xbbKy\xf7\xd5\x1d\xc0\
w\xfb\xa5\xe9\x86\xa7\xd5\x11\x00\x00\x00\x00,\x8f\xd1%\
\x00\x00\x00\xb07\xae\x07\x1e\xccm\x92\x171\xc0\xdc+\
#a8y\xffh\xba\xe1\xa6:\x02\x00\x00\x00\x80e\
1\xba\x04\x00\x00\x00\xf6j\xec\xdb\xfb$g\xd5\x1d3\
v\x9b\xe4y<A\xfe\xc3\xc6\xbe}\x9c\xe4Yu\x07\
\xf0\xdd6I~j\xba\xe1\xb6:\x04\x00\x00\x00\x80\xe5\
\xf8Ku\x00\x00\x00\x000;\xd7\xd5\x013w\x91\xe4\
*\xc9\xfd\xd8\xb7/\xc7\xbe}\xb4{*\x9bo\xe7B\
\x1e\x9c\xb6\xb3$W~\x0e\x04\x00\x00\x00\xe0\x98\x8c.\
\x01\x00\x00\x80}{Q\x1d\xb0 \x0f\xb3\x1d`\xde\x8d\
}{\xb5{\xde\x9d\xaf\xb4{\xaa}]\x9c\x01\xfc\x98\
wCt\x00\x00\x00\x008\x0a\xcf\x8b\x03\x00\x00\x00{\
7\xf6\xed\xdbl\x870\x1c\xdf:\xdb\x0b\x8e\xcfw\xa3\
B>c\xec\xdbgI\x1eWw\x00?\xec\x9fM7\
\xfcZ\x1d\x01\x00\x00\x00\xc0\xfc\xb9t\x09\x00\x00\x00\x1c\
\xc2\xf3\xea\x80\x05;\xcfvDx7\xf6\xed[\xcf\x8f\
\x7f\xd1\x9b\xea\x00`/\x9e\x8d}{Y\x1d\x01\x00\x00\
\x00\xc0\xfc\xb9t\x09\x00\x00\x00\xec\xddn\xe4w_\xdd\
\xc1\xbfm\xf2\xfe\xfa\xe5mu\xcc\xd4\x8c}\xfb\xaf\xea\
\x06`/6I\xfe\xdat\xc3\xa6:\x04\x00\x00\x00\x80\
\xf9r\xe9\x12\x00\x00\x00\xd8\xbb\xdd\xe0\xe5\xba\xba\x83\x7f\
;K\xf2(\xc9[\xd7/?\xea\xa6:\x00\xd8\x8b\xb3\
$/\xab#\x00\x00\x00\x00\x987\xa3K\x00\x00\x00\xe0\
P^U\x07\xf0Q\x17I\xae\xb2}~\xfcj\xec\xdb\
\x8b\xea\xa0\x09\xf0\xc48\xcc\xc7\xe5\xd8\xb7\xcf\xaa#\x00\
\x00\x00\x00\x98/\xcf\x8b\x03\x00\x00\x00\x073\xf6\xed]\
\x92\xf3\xea\x0e\xbeh\x95\xe4E\xd3\x0d\xd7\xc5\x1d%\xc6\
\xbe=OrW\xdd\x01\xec\xd5?\x9anp\xc5\x16\x00\
\x00\x00\x80\xbd3\xba\x04\x00\x00\x00\x0ef\xec\xdb\xa7I\
\x9eTw\xf0\xd5\xd6I^$\xf9u\xf7D\xfcb\x18\
\x08\xc3\xecl\x92\xfc\xad\xe9\x86uu\x08\xd31\xf6\xed\
\xe5\x07\xdf\xfd\xf0\xdb\xff\x95?\xff\x1ap\x91\xed\x93\xf5\
\xdfk\xbd\xfb\xf8\xd0b\xff\x80\x03\x00\x00\x00\xcc\x89\xd1\
%\x00\x00\x00p0.\x08\x9e\xb4\xeb$\xbf,e\xb0\
\xb4{\x8e\xf8qu\x07\xb0W\xb7M7\xfc\xad:\x82\
\xe3\xd8\xfd7\xc7y\xde\x8f%\xff\xcf\xee\xaf\xef\xfe\xf7\
)p\x81\x15\x00\x00\x00f\xc0\xe8\x12\x00\x00\x008\xa8\
\xb1o_\xe7\xf7\xd7\xa48-\xabl\xc7\x97\xab\xe2\x8e\
\x83\x1a\xfb\xf6a\x92\x97\xd5\x1d\xc0\xde\xfd\xd2t\xc3\xd3\
\xea\x08\xf6gw\xad\xf2|\xf7\xf1\xf7l\x87\x95\x17u\
E\xdf\xe4?\x97vI\x1a\x00\x00\x00\xe6\xc8\xe8\x12\x00\
\x00\x008\xa8\xb1o\x1f%\xb9\xaa\xee\xe0\x87\xad\xb3\x1d\
/]\x17w\x1c\xcc\xd8\xb7\xff\xaan\x00\x0e\xe2\xa7\xb9\
\x0f\xc7\xe7hw\xb9\xf2b\xf7\xf1\xf7L\xebb\xe5\xf7\
X7\xdd\xf0\xd7\xea\x08\x00\x00\x00\xe0\xc7\x19]\x02\x00\
\x00\x00\x075\xf6\xedY\xb6O\x8c\x9fU\xb7\xb0\x17\xeb\
$\xcf\x93\x5c\xcf\xedZ\xd7\xd8\xb7/\x93<\xac\xee\x00\
\xf6n\x93\xe4\xafs\xfb9kNv\xff\xadp\x91\xed\
e\xec\xbf\xe7\xfd\x13\xe1sr\xd3t\xc3?\xaa#\x00\
\x00\x00\x80\x1f\xf7\x1f\xd5\x01\x00\x00\x00\xc0\xbc5\xdd\xb0\
\x19\xfb\xf6&\xc9\xa3\xea\x16\xf6\xe2<\xc9\xb3$O\xc6\
\xbe}\x9e\xe4\xd7\x19\x0d\x99\xde\xc4\xe8\x12\xe6\xe8,\xdb\
\x8b\xcb\x06o\x13\xb1\xbbby\x99\xf7\x03\xcbSy\x1e\
\xfcG\xbc\xa9\x0e\x00\x00\x00\x00\xf6\xc3\xa5K\x00\x00\x00\
\xe0\xe0\xc6\xbe\xbdH\xf2\xb6\xba\x83\x83\xd8d{\xf9\xf2\
\xe4\xc7\x97\xbb\x11\xd0]u\x07p0\xffl\xba\xe1\xd7\
\xea\x88%\xda]\xb2|\x98\xed\xc8\xf22\xa7\xfdL\xf8\
\xf7\xf2\xcc=\x00\x00\x00\xcc\x84\xd1%\x00\x00\x00p\x14\
c\xdf\xdee\x99#\x8b\xa5\x98\xc5\xf8\xd2\xbf\xa70{\
\x7fk\xba\xe1\xb6:b\x09\xc6\xbe\xbdL\xf2\x7f\xb3\x1d\
Y.\xe1\x92\xe5g5\xdd\xe0\xf7c\x00\x00\x00`&\
</\x0e\x00\x00\x00\x1c\xcb\xf3l\x9f\xa5f\x9e\xce\x92\
<\xc9\xf6\xd9\xf1_\x93\xfcr\xa2\xe3\xcb\x9b$\x8f\xab\
#\x80\x83\xb9J\xf2\xb7\xea\x889\xfa\xe0\x9a\xe5\xbb\xa1\
\xe5Yi\xd0\xb4\x18\xfa\x02\x00\x00\xc0\x8c\xfc\xa5:\x00\
\x00\x00\x00X\x8c\x9b\xea\x00\x8e\xe6q\x92\xbb\xb1o\x9f\
\xeeF8\xa7\xe4Uu\x00pP\x17c\xdf\xfa\x03\x00\
{2\xf6\xed\xf9\xd8\xb7\x8f\xc7\xbe}\x9b\xe4>\xdbQ\
\xeb\xc3\x18\x5c\xfe\xd1\xaa:\x00\x00\x00\x00\xd8\x1f\xcfY\
\x00\x00\x00\x00G3\xf6\xed\xcbl\xc7\x18,\xc7\xc9=\
;>\xf6\xed}\x0c\x86`\xee~j\xbaaU\x1dq\
\x8a\xc6\xbe=\xcf\xf6\xd7\xf2\xff\x17\xcf\x86\x7f\xad\x9f\x9b\
n\xb8\xae\x8e\x00\x00\x00\x00\xf6\xc3\xa5K\x00\x00\x00\xe0\
\x98^T\x07pt\xef\x9e\x1d?\xa5\xcb\x97\xab\xea\x00\
\xe0\xe0\xaeN\xe4\xe7\xa3I\x18\xfb\xf6\xec\x83\x8b\x96w\
I\x9e\xc5\xe0\xf2[x^\x1c\x00\x00\x00f\xc4\xe8\x12\
\x00\x00\x008\x9a\xa6\x1bn\xb2\xbd|\xc8\xf2|8\xbe\
|T\xdc\xf2%\x9e\x18\x87\xf9;\xcf\xf6)l>c\
\xec\xdbG\xbb+\xd5\xf71\xb4\xfc^\x9b\xa6\x1b\x8c.\
\x01\x00\x00`F\x8c.\x01\x00\x00\x80c\xbb\xae\x0e\xa0\
\xd4Y\xb6\x17\xe6\xa6<\xbe\x5cU\x07\x00G\xf1p\xec\
\xdb\x87\xd5\x11S3\xf6\xed\xc5\xd8\xb7Wc\xdf\xdeg\
;L\xf5\xff\xd1\x8f1\xb8\x04\x00\x00\x80\x99yP\x1d\
\x00\x00\x00\x00,\xcb\xd8\xb7\x17I\xdeVw0\x19\xab\
$\xbf4\xdd\xb0*\xee\xf8\x9d\xdd\x13\xba.\xba\xc1\xfc\
m\x92\xfc\xb5\xe9\x86E_a\xde=\xb5\xfe0\xc9\x7f\
\xc7\xcf}\xfb\xf6K\xd3\x0dO\xab#\x00\x00\x00\x80\xfd\
q\xe9\x12\x00\x00\x008\xaa\xdd\x13\x9b\xae>\xf1\xcee\
\x92\xd7c\xdf\xbe\x1c\xfb\xf6\xbc\xb8\xe5C\xab\xea\x00\xe0\
(\xce\xb2\xe0g\xc6\xc7\xbe=\x1f\xfb\xf6*\xc9]\xb6\
\xff?\x18\x5c\xee\x9f\xff\xe6\x01\x00\x00\x80\x991\xba\x04\
\x00\x00\x00*<\xaf\x0e`r\x1e&\xb9\x1b\xfb\xf6\xe9\
\xee\xe2Z\xb5W\xd5\x01\xc0\xd1,\xee\x99\xf1\xb1o\x1f\
\x8d}\xfb:\xdb\xb1\xe5\xa3l\xc7\xa7\x1c\xc6\xaa:\x00\
\x00\x00\x00\xd8/\xcf\x8b\x03\x00\x00\x00G\xb7\x1b\xd5\xdd\
Ww0Y\x9b$\xffl\xba\xe1\xba2b\xec\xdb\xfb\
\x18\x22\xc1R\xcc\xfe\x99\xf1\xdd\xaf\xbd\x8f\xb2}B\xfc\
\xbc4f9\xd6M7\xfc\xb5:\x02\x00\x00\x00\xd8/\
\x97.\x01\x00\x00\x80\xa3\xdb\x8dZ\xae\xab;\x98\xac\xb3\
$Wc\xdf\xbe\x1d\xfb\xf6\xb2\xb0cU\xf8\xb5\x81\xe3\
\x9a\xed3\xe3\xbb'\xc4\x9ff{\xd5\xf2Y\x0c.\x8f\
iU\x1d\x00\x00\x00\x00\xec\x9f\xd1%\x00\x00\x00P\xc5\
\xf3\xcd|\xc9E\x92\xd7c\xdf\xbe\x1c\xfb\xf6\xbc\xe0\xeb\
\xfbw\x14\x96eV\xcf\x8c\xef\xc6\x96W\xd9\x8e-\x9f\
\xc4\xe5\xde\x0a\xbfU\x07\x00\x00\x00\x00\xfbgt\x09\x00\
\x00\x00\x94h\xba\xe1&\xc9\xba\xba\x83\x93\xf00\xc9\xdb\
\xdd\xa5\xb6cZ\x1d\xf9\xeb\x01\xf5\xaev\xcfp\x9f\xac\
?\x8c-\x1f\x15\xe7,\xddmu\x00\x00\x00\x00\xb0\x7f\
F\x97\x00\x00\x00@\xa5\x17\xd5\x01\x9c\x8c\xb3$O\xc6\
\xbe\xbd;\xd6\x93\xe3M7\xacc0\x03Ks\xb2\xcf\
\x8c\x1b[NO\xd3\x0d\xab\xea\x06\x00\x00\x00`\xff\x8c\
.\x01\x00\x00\x80J\xd7\xd5\x01\x9c\x9c\xf3l\x9f\x1c?\
\xd65\xba\xd5\x11\xbe\x060-\x0f\x8f5\xee\xde\x07c\
\xcb\xc9ZU\x07\x00\x00\x00\x00\x87at\x09\x00\x00\x00\
\x94\xd9]\x12\x5c\x15gp\x9a\x1e%\xb9\x1b\xfb\xf6\xf1\
\x81\xbf\xce\xab\x03\x7f~`\x9a&\xff\xcc\xb8\xb1\xe5\xe4\
\xb9\x94\x0c\x00\x00\x003et\x09\x00\x00\x00T\xf3\xc4\
8\xdf\xeb,\xc9\xb3\xb1o_\x8f}{q\x88/\xb0\
{\x1avs\x88\xcf\x0dL\xday\x92'\xd5\x11\x1f3\
\xf6\xed\xd9\xd8\xb7Ocl9u\xbfU\x07\x00\x00\x00\
\x00\x87at\x09\x00\x00\x00T\xbb\x89Q\x1b?\xe62\
\xc9\xdb\xdd\x08\xe9\x10n\x0e\xf4y\x81i{|\xa8A\
\xf7\xf7\xda]\xf7\xbd\xcbD\x07\xa1\xfc\xce\xaa:\x00\x00\
\x00\x008\x0c\xa3K\x00\x00\x00\xa0T\xd3\x0d\x9b\x18\xb5\
\xb1\x1fO\xc6\xbe};\xf6\xed\xe5\x9e?\xef\x9b=\x7f\
>\xe0t\x5cU\x07$\xc9\xd8\xb7\x0f\xc7\xbe\xbdK\xf2\
,\xdb+\xbfL\xdb\xa6\xe9\x86uu\x04\x00\x00\x00p\
\x18F\x97\x00\x00\x00\xc0\x14<\xaf\x0e`6.\x92\xbc\
\x1e\xfb\xf6\xd9\xd8\xb7\xfb\x1a&\x19\x05\xc3r]\xec\xae\
K\x96\x18\xfb\xf6b\xec\xdb\xd7I^f\xfb\xe49\xa7\
\xe1\xb6:\x00\x00\x00\x008\x1c\xa3K\x00\x00\x00\xa0\x5c\
\xd3\x0d\xb7I\xd6\xd5\x1d\xcc\xca\xe3l\x9f\x1c\xbf\xfc\xd1\
O\xb4\xbb\xc6j@\x03\xcb\xf5d\xec\xdb\xf3c~\xc1\
\xb1o\xcf\xc6\xbe}\x96\xe4m\x92\xcbc~m\xf6\xc2\
\x85d\x00\x00\x00\x981\xa3K\x00\x00\x00`*\x5c\xbb\
d\xdf\xce\xb3\xbf\xab\x97\xaf\xf6\xd0\x03\x9c\xa6\xb3l\x9f\
\xf5>\x8a\xb1o\x1f%\xb9\xcbv<\xceiZU\x07\
\x00\x00\x00\x00\x87ct\x09\x00\x00\x00L\x85'\x9c9\
\x94}\x5c\xbd\xf4\xef',\xdb\xc3}\x5c\xce\xfd\x9c\xb1\
o\xcfwO\x89_e;\xf4\xe4t\xb9\x8e\x0c\x00\x00\
\x003ft\x09\x00\x00\x00LB\xd3\x0d\xeb\x18\xb6q\
8\xe7\xd9^\xbd|\xfa=?\xb8\xe9\x86\xdb$\x9b}\
\x06\x01'\xe7\xeaP\x9fx\xf7s\xd3]<%>\x07\
\xeb\xa6\x1b\xfcz\x01\x00\x00\x003ft\x09\x00\x00\x00\
L\xc9\x8b\xea\x00f\xef\xc9\xd8\xb7o\xc7\xbe\xbd\xf8\x8e\
\x1fk\x14\x0c\xcbv\xfe\xbd\xc3\xedO\x19\xfb\xf6r\xec\
\xdb\xbb$O\xf6\xf9y)\xb5\xaa\x0e\x00\x00\x00\x00\x0e\
\xcb\xe8\x12\x00\x00\x00\x98\x8c\xa6\x1bn\xe2\x9a \x87w\
\x91\xeds\xe3\x8f\xbf\xf1\xc7\xbd9D\x0cpR\xfe{\
\xec\xdb\xf3\x1f\xfd$c\xdf\x9e\x8d}\xfb,\xc9\xebl\
/\xf12\x1f\xbfU\x07\x00\x00\x00\x00\x87et\x09\x00\
\x00\x00L\xcduu\x00\x8b\xf1l\xec\xdb\xd7c\xdf\x9e\
}\xe5?\xef\xd2%p\x96\xe4\xd9\x8f|\x82\xb1o/\
\x93\xbcM\xf2\xad\xc3oN\xc3\xaa:\x00\x00\x00\x008\
,\xa3K\x00\x00\x00`j<1\xce1]&\xb9\x1b\
\xfb\xf6\xe1\x97\xfe\xc1\xa6\x1b6In\x0f^\x04L\xdd\
\xc3\xddp\xf2\x9b\xb8n\xb9\x0cM7\xf8u\x02\x00\x00\
\x00f\xce\xe8\x12\x00\x00\x00\x98\x94\xddX\xc1`\x81c\
:K\xf2r\xec\xdbg_q\xf5\xf2\xd51\x82\x80\xc9\
\xbb\xfa\x96\x7fx\xec\xdb\x8b\xb8n\xb9\x04\xab\xea\x00\x00\
\x00\x00\xe0\xf0\x8c.\x01\x00\x00\x80)z^\x1d\xc0\x22\
=N\xf2z7\x8e\xfa\x14O\x8c\x03Ir>\xf6\xed\
W\x0d(\xc7\xbe}\x9a\xed\xe0\xf2\xfc\x90AL\x82?\
4\x02\x00\x00\x00\x0b`t\x09\x00\x00\x00L\x91a\x1b\
U.\xb2\x1d^>\xfa\xd8\xdf\xdc]b\xdd\x1c\xb5\x08\
\x98\xaa'\x9f\xbb\x8e;\xf6\xed\xf9\xd8\xb7\xaf\x93<9\
b\x13\xb5\xdeT\x07\x00\x00\x00\x00\x87gt\x09\x00\x00\
\x00LN\xd3\x0d\x9b$\xd7\xd5\x1d,\xd6Y\x92\xab\xb1\
o\xaf>1\xa82\x0a\x06\x92\xed\xcf\x15\xcf>\xf67\
\xc6\xbe}\x98\xedu\xcb\xcbc\x06Q\xce\xa5K\x00\x00\
\x00X\x00\xa3K\x00\x00\x00`\xaa^U\x07\xb0x\x8f\
\xf2\xf1\xe7\xc6]2\x03\xdey\xf4\xe1\xcf\x11c\xdf\x9e\
\x8d}\xfb,\xc9\xcblG\x99,\xc7\xa6\xe9\x86uu\
\x04\x00\x00\x00pxF\x97\x00\x00\x00\xc0$5\xddp\
\x93d]\xdd\xc1\xe2}\xec\xb9q\x97.\x81\x0f=K\
\xb6\xcf\x89'y\x9d\xe4qi\x0dUV\xd5\x01\x00\x00\
\x00\xc0q\x18]\x02\x00\x00\x00S\xf6\xa2:\x00\xf2\xfe\
\xb9\xf1gI\xd2t\xc3&\x9e\x90\x05\xde\xbb\x1c\xfb\xf6\
i\xb6\xcf\x89\xff\xf12.\xcb\xf1[u\x00\x00\x00\x00\
p\x1c\x0f\xaa\x03\x00\x00\x00\x00>ew5\xec\xae\xba\
\x03>p\x9b\xe4\xa7l\x9f\x1e\x7fV\x9b\x02\xc0\x84\xfc\
\xd4t\xc3\xaa:\x02\x00\x00\x008<\x97.\x01\x00\x00\
\x80\xc9j\xbaa\x1d\xcfu2-\x171\x04\x06\xe0\xcf\
\x5c@\x06\x00\x00\x80\x850\xba\x04\x00\x00\x00\xa6\xce\x13\
\xe3L\xcdY\x5c\xb9\x04\xe0\xbd\xdb\xa6\x1b6\xd5\x11\x00\
\x00\x00\xc0q\x18]\x02\x00\x00\x00Sw\x93\xc4\x90\x01\
\x00\x98*W.\x01\x00\x00`A\x8c.\x01\x00\x00\x80\
I\xdb]\x8e\xba\xa9\xee\x00\x00\xf8\x84\xdf\xaa\x03\x00\x00\
\x00\x80\xe31\xba\x04\x00\x00\x00N\xc1\xf3\xea\x00\x00\x80\
OXU\x07\x00\x00\x00\x00\xc7\xf3\xa0:\x00\x00\x00\x00\
\xe0k\x8c}{\x97\xe4\xbc\xba\x03\x00\xe0CM7\xf8\
\xbd\x16\x00\x00\x00X\x10\x97.\x01\x00\x00\x80S\xe1\xda\
%\x0005\xab\xea\x00\x00\x00\x00\xe0\xb8\x8c.\x01\x00\
\x00\x80SqS\x1d\x00\x00\xf0\x07o\xaa\x03\x00\x00\x00\
\x80\xe32\xba\x04\x00\x00\x00NB\xd3\x0d\xeb\x18^\x02\
\x00\xd3r[\x1d\x00\x00\x00\x00\x1c\x97\xd1%\x00\x00\x00\
pJ^T\x07\x00\x00|\xc0\xe8\x12\x00\x00\x00\x16\xe6\
Au\x00\x00\x00\x00\xc0\xb7\x18\xfb\xf6>\xc9Yu\x07\
\x00\xb0x\xeb\xa6\x1b\xfeZ\x1d\x01\x00\x00\x00\x1c\x97K\
\x97\x00\x00\x00\xc0\xa9\xb9\xae\x0e\x00\x00\x88+\x97\x00\x00\
\x00\xb0HF\x97\x00\x00\x00\xc0\xa9\xf1\xc48\x000\x05\
\xbfU\x07\x00\x00\x00\x00\xc7gt\x09\x00\x00\x00\x9c\x94\
\xa6\x1bn\xe3\xb2\x14\x00PoU\x1d\x00\x00\x00\x00\x1c\
\x9f\xd1%\x00\x00\x00p\x8a\x9eW\x07\x00\x00\xcb\xd6t\
\xc3\xaa\xba\x01\x00\x00\x008>\xa3K\x00\x00\x00\xe0\x14\
\xddT\x07\x00\x00\x8b\xe6\xea6\x00\x00\x00,\x94\xd1%\
\x00\x00\x00pr\x9an\xd8$\xb9\xae\xee\x00\x00\x16\xcb\
\xe8\x12\x00\x00\x00\x16\xca\xe8\x12\x00\x00\x008U/\xaa\
\x03\x00\x80\xc5zS\x1d\x00\x00\x00\x00\xd40\xba\x04\x00\
\x00\x00NR\xd3\x0d\xab$\xeb\xe2\x0c\x00`\x99\x5c\xba\
\x04\x00\x00\x80\x852\xba\x04\x00\x00\x00N\x99k\x97\x00\
\xc0\xb1m\x9an0\xba\x04\x00\x00\x80\x852\xba\x04\x00\
\x00\x00N\xd9uu\x00\x00\xb08\x06\x97\x00\x00\x00\xb0\
`F\x97\x00\x00\x00\xc0\xc9j\xbaa\x9ddU\x9c\x01\
\x00,\xcb\x9b\xea\x00\x00\x00\x00\xa0\x8e\xd1%\x00\x00\x00\
p\xea<1\x0e\x00\x1c\x93K\x97\x00\x00\x00\xb0`F\
\x97\x00\x00\x00\xc0Ik\xba\xe1:\xc9\xa6\xba\x03\x00X\
\x8cUu\x00\x00\x00\x00P\xc7\xe8\x12\x00\x00\x00\x98\x83\
\x9b\xea\x00\x00`\x11\xd6M7\xf8\xc3\x1e\x00\x00\x00\xb0\
`F\x97\x00\x00\x00\xc0\x1c<\xaf\x0e\x00\x00\x16\xc1\xd3\
\xe2\x00\x00\x00\xb0pF\x97\x00\x00\x00\xc0\xc9k\xba\xe1\
6\xc9\xba\xba\x03\x00\x98\xbd7\xd5\x01\x00\x00\x00@-\
\xa3K\x00\x00\x00`.\x5c\xbb\x04\x00\x0e\xcd\xa5K\x00\
\x00\x00X\xb8\x07\xd5\x01\x00\x00\x00\x00\xfb0\xf6\xedY\
\x92\xfb\xea\x0e\x00`\xbe\x9an\xf0\xfb*\x00\x00\x00\xb0\
p.]\x02\x00\x00\x00\xb3\xd0t\xc3&\xc9Mu\x07\
\x000[\xae\x5c\x02\x00\x00\x00F\x97\x00\x00\x00\xc0\xac\
\xbc\xa8\x0e\x00\x00fkU\x1d\x00\x00\x00\x00\xd43\xba\
\x04\x00\x00\x00f\xa3\xe9\x86\x9b$\x9b\xea\x0e\x00`\x96\
~\xab\x0e\x00\x00\x00\x00\xea\x19]\x02\x00\x00\x00ss\
]\x1d\x00\x00\xcc\xd2\xaa:\x00\x00\x00\x00\xa8gt\x09\
\x00\x00\x00\xcc\xcd\xf3\xea\x00\x00`v6M7\xac\xab\
#\x00\x00\x00\x80zF\x97\x00\x00\x00\xc0\xac\xec\x06\x11\
\xb7\xd5\x1d\x00\xc0\xac\xf8o\x0b\x00\x00\x00 \x89\xd1%\
\x00\x00\x000O\xae]\x02\x00\xfb\xf4\xa6:\x00\x00\x00\
\x00\x98\x06\xa3K\x00\x00\x00`\x8en\xaa\x03\x00\x80Y\
YU\x07\x00\x00\x00\x00\xd3`t\x09\x00\x00\x00\xccN\
\xd3\x0d\x9b$\xd7\xd5\x1d\x00\xc0lx^\x1c\x00\x00\x00\
Hbt\x09\x00\x00\x00\xcc\xd7\x8b\xea\x00\x00`\x16\xd6\
\xbb?\xd0\x01\x00\x00\x00`t\x09\x00\x00\x00\x8d\xb1\xe3\
\xdd\x00\x00 \x00IDAT\xccS\xd3\x0d\xab$\xeb\
\xe2\x0c\x00\xe0\xf4\xad\xaa\x03\x00\x00\x00\x80\xe90\xba\x04\
\x00\x00\x00\xe6\xcc\xb5K\x00\xe0G\xfdV\x1d\x00\x00\x00\
\x00L\x87\xd1%\x00\x00\x000g\xd7\xd5\x01\x00\xc0\xc9\
\xbb\xad\x0e\x00\x00\x00\x00\xa6\xe3Au\x00\x00\x00\x00\xc0\
!\x8d}\xfb:\xc9eu\x07\x00p\x9a\x9an\xf0{\
)\x00\x00\x00\xc0\xbf\xb9t\x09\x00\x00\x00\xcc\x9d'\xc6\
\x01\x80\xef\xb5\xaa\x0e\x00\x00\x00\x00\xa6\xc5\xe8\x12\x00\x00\
\x00\x98\xb5\xa6\x1b\xae\x93l\xaa;\x00\x80\x93\xe4iq\
\x00\x00\x00\xe0w\x8c.\x01\x00\x00\x80%\xb8\xa9\x0e\x00\
\x00N\xd2\x9b\xea\x00\x00\x00\x00`Z\x8c.\x01\x00\x00\
\x80%x^\x1d\x00\x00\x9c$\x97.\x01\x00\x00\x80\xdf\
yP\x1d\x00\x00\x00\x00p\x0cc\xdf\xde%9\xaf\xee\
\x00\x00N\xc6\xa6\xe9\x86\xff\xac\x8e\x00\x00\x00\x00\xa6\xc5\
\xa5K\x00\x00\x00`)\x5c\xbb\x04\x00\xbe\xc5\xaa:\x00\
\x00\x00\x00\x98\x1e\xa3K\x00\x00\x00`)\xae\xab\x03\x00\
\x80\x93\xf2[u\x00\x00\x00\x000=F\x97\x00\x00\x00\
\xc0\x224\xdd\xb0IrS\xdd\x01\x00\x9c\x8cUu\x00\
\x00\x00\x000=F\x97\x00\x00\x00\xc0\x92\xbc\xa8\x0e\x00\
\x00N\xc6mu\x00\x00\x00\x000=\x0f\xaa\x03\x00\x00\
\x00\x00\x8ei\xec\xdb\xfb$g\xd5\x1d\x00\xc0\xa4\xdd6\
\xdd\xf0\xb7\xea\x08\x00\x00\x00`z\x5c\xba\x04\x00\x00\x00\
\x96\xe6\xba:\x00\x00\x98<W.\x01\x00\x00\x80\x8f2\
\xba\x04\x00\x00\x00\x96\xe6yu\x00\x000y\xbfU\x07\
\x00\x00\x00\x00\xd3dt\x09\x00\x00\x00,J\xd3\x0d\xeb\
\xb8^\x05\x00|\xde\xaa:\x00\x00\x00\x00\x98&\xa3K\
\x00\x00\x00`\x89\x5c\xbb\x04\x00>\xa9\xe9\x06\x7f@\x03\
\x00\x00\x00\xf8(\xa3K\x00\x00\x00`\x89n\xaa\x03\x00\
\x80\xc9ZU\x07\x00\x00\x00\x00\xd3et\x09\x00\x00\x00\
,N\xd3\x0d\x9b$\xd7\xd5\x1d\x00\xc0$\xb9r\x09\x00\
\x00\x00|\x92\xd1%\x00\x00\x00\xb0T/\xaa\x03\x00\x80\
IzS\x1d\x00\x00\x00\x00L\x97\xd1%\x00\x00\x00\xb0\
HM7\xac\x92\xac\x8b3\x00\x80\xe9q\xe9\x12\x00\x00\
\x00\xf8$\xa3K\x00\x00\x00`\xc9\x5c\xbb\x04\x00>\xb4\
n\xbaa]\x1d\x01\x00\x00\x00L\x97\xd1%\x00\x00\x00\
\xb0d\xd7\xd5\x01\x00\xc0\xa4\xb8r\x09\x00\x00\x00|\x96\
\xd1%\x00\x00\x00\xb0X\xbbKV\xab\xe2\x0c\x00`:\
~\xab\x0e\x00\x00\x00\x00\xa6\xcd\xe8\x12\x00\x00\x00X:\
O\x8c\x03\x00\xef\xac\xaa\x03\x00\x00\x00\x80i{P\x1d\
\x00\x00\x00\x00Pm\xec\xdb\xfb$g\xd5\x1d\x00@\xad\
\xa6\x1b\xfc\xbe\x09\x00\x00\x00\xf0Y.]\x02\x00\x00\x00\
$7\xd5\x01\x00@\xb9\xdb\xea\x00\x00\x00\x00`\xfa\x8c\
.\x01\x00\x00\x00\x92\xe7\xd5\x01\x00@9\xa3K\x00\x00\
\x00\xe0\x8b\x8c.\x01\x00\x00\x80\xc5k\xba\xe16\xc9\xba\
\xba\x03\x00(\xf5\xa6:\x00\x00\x00\x00\x98>\xa3K\x00\
\x00\x00\x80-\xd7.\x01`\xd9\x5c\xba\x04\x00\x00\x00\xbe\
\xc8\xe8\x12\x00\x00\x00`\xeb\xa6:\x00\x00\xa8\xb3\xbb|\
\x0d\x00\x00\x00\xf0YF\x97\x00\x00\x00\x00I\x9anX\
\xc7\xf0\x12\x00\x96jU\x1d\x00\x00\x00\x00\x9c\x06\xa3K\
\x00\x00\x00\x80\xf7^T\x07\x00\x00%\xdeT\x07\x00\x00\
\x00\x00\xa7\xc1\xe8\x12\x00\x00\x00`\xa7\xe9\x86\x9b$\x9b\
\xea\x0e\x00\xe0\xe8<-\x0e\x00\x00\x00|\x15\xa3K\x00\
\x00\x00\x80\xdf\xbb\xae\x0e\x00\x00\x8e\xce\xe8\x12\x00\x00\x00\
\xf8*F\x97\x00\x00\x00\x00\xbf\xe7\x89q\x00X\x96u\
\xd3\x0d\xeb\xea\x08\x00\x00\x00\xe04\x18]\x02\x00\x00\x00\
|\xa0\xe9\x86\xdb\xb8v\x05\x00K\xe2\xd7}\x00\x00\x00\
\xe0\xab\x19]\x02\x00\x00\x00\xfc\xd9\xf3\xea\x00\x00\xe0h\
\xdeT\x07\x00\x00\x00\x00\xa7\xc3\xe8\x12\x00\x00\x00\xe0\xcf\
n\xaa\x03\x00\x80\xa3q\xe9\x12\x00\x00\x00\xf8jF\x97\
\x00\x00\x00\x00\x7f\xd0t\xc3&\xc9uu\x07\x00px\
M7\xac\xaa\x1b\x00\x00\x00\x80\xd3at\x09\x00\x00\x00\
\xf0q\xaf\xaa\x03\x00\x80\x83s\xe5\x12\x00\x00\x00\xf8&\
F\x97\x00\x00\x00\x00\x1f\xd1t\xc3M\x92uu\x07\x00\
pP\xab\xea\x00\x00\x00\x00\xe0\xb4\x18]\x02\x00\x00\x00\
|\xda\x8b\xea\x00\x00\xe0\xa0~\xab\x0e\x00\x00\x00\x00N\
\x8b\xd1%\x00\x00\x00\xc0\xa7]W\x07\x00\x00\x07\xe5y\
q\x00\x00\x00\xe0\x9b\x18]\x02\x00\x00\x00|B\xd3\x0d\
\xebxv\x14\x00\xe6j\xd3t\x83\xd1%\x00\x00\x00\xf0\
M\x8c.\x01\x00\x00\x00>\xcf\x13\xe3\x000O\x06\x97\
\x00\x00\x00\xc073\xba\x04\x00\x00\x00\xf8\xbc\x9b$\x9b\
\xea\x08\x00`\xef\xdeT\x07\x00\x00\x00\x00\xa7\xc7\xe8\x12\
\x00\x00\x00\xe03\x9an\xd8d;\xbc\x04\x00\xe6\xc5\xa5\
K\x00\x00\x00\xe0\x9b\x19]\x02\x00\x00\x00|\xd9\xf3\xea\
\x00\x00`\xefV\xd5\x01\x00\x00\x00\xc0\xe91\xba\x04\x00\
\x00\x00\xf8\x82\xa6\x1bn\x93\xac\xab;\x00\x80\xbdY\xef\
\xaeY\x03\x00\x00\x00|\x13\xa3K\x00\x00\x00\x80\xaf\xe3\
\xda%\x00\xcc\x87\xa7\xc5\x01\x00\x00\x80\xefbt\x09\x00\
\x00\x00\xf0un\xaa\x03\x00\x80\xbdYW\x07\x00\x00\x00\
\x00\xa7\xe9Au\x00\x00\x00\x00\xc0\xa9\x18\xfb\xf6e\x92\
\x87\xd5\x1d\x00\xc0^l\x92\xac\x92\xbcI\xb2j\xba\xc1\
\xf5K\x00\x00\x00\xe0\x8b\x8c.\x01\x00\x00\x00\xbe\xd2\xd8\
\xb7\x0f\x93\xbc\xac\xee\x00\x00\x0eb\x93\xede\xebw#\
\xccum\x0e\x00\x00\x000EF\x97\x00\x00\x00\x00\xdf\
`\xec\xdb\xfb$g\xd5\x1d\x00\xc0\xc1\xad\xf3\xfb\x11\xe6\
\xa66\x07\x00\x00\x00\x98\x02\xa3K\x00\x00\x00\x80o0\
\xf6\xed\xb3$\x8f\xab;\x00\x80\xa3[e;\xc0\xbc\xf1\
\x149\x00\x00\x00,\x97\xd1%\x00\x00\x00\xc07\x18\xfb\
\xf6\x22\xc9\xdb\xea\x0e\x00\xa0\xd4&\xdb\x11\xe6\xabx\x8a\
\x1c\x00\x00\x00\x16\xc5\xe8\x12\x00\x00\x00\xe0\x13\xc6\xbe=\
Kr\x91\xe4|\xf7\xf1\xf7\x0f\xbe\x0d\x00\xf0\xce:\xbb\
\xa7\xc8\x9bn\xb8)n\x01\x00\x00\x00\x0e\xc8\xe8\x12\x00\
\x00\x00X\xbc\x0f\xc6\x95\x17I\xfe\xeb\x83o\x9fUv\
\x01\x00'\xeb&\xef\x9f\x22_\x17\xb7\x00\x00\x00\x00{\
dt\x09\x00\x00\x00,\x86q%\x00P`\x1dW0\
\x01\x00\x00`6\x8c.\x01\x00\x00\x80Y\x1a\xfb\xf6\xdd\
\xa0\xf2<\xdbg\xc1\x8d+\x01\x80j\x9b$\xab$\xaf\
\xfe?{\xf7o\xde\xc6\x99\xaeq\xf8Y\xc5\x08P\x02\
O:\xc9\xc1V\xb0\xf4\x85\x02\x96\xae\xc0`\x05\xa6+\
\xb0T\x81\xe4\x0a\x08W \x9e\x02\xe6\x22;\x10\x22\xa4\
\xcb\x12\x10L\x01'\x18x%\xef\xca\x12\xff\x00xg\
0\xf7\x9d }\xe2\xb9~x\xbf$\x0f\xae`\x02\x00\
\x00\xc0\xf8\x88.\x01\x00\x00\x80Q\xfb\xe2z\xe5e\xfe\
|\xbd\x12\x00`\xe86\xe9\x03\xcc\xbb\xd9r\xbb\xa9\x1e\
\x03\x00\x00\x00|\x9f\xe8\x12\x00\x00\x00\x18\x8d\xaem.\
\xf29\xaat\xbd\x12\x008'\x8f\xd9_\xc1\xf4\x0c9\
\x00\x00\x00\x0c\x97\xe8\x12\x00\x00\x00\x18\xa4/\x9e\x07\xff\
\xdf|\xbed\x09\x000\x15w\xf1\x0c9\x00\x00\x00\x0c\
\x8e\xe8\x12\x00\x00\x00('\xb0\x04\x00\xf8\xa6M\x92\xdf\
\xd3?C\xfeX\xbc\x05\x00\x00\x00&Mt\x09\x00\x00\
\x00\x9c\x94'\xc2\x01\x00^\xe51\xfd\x15\xcc\xdfg\xcb\
\xed\xa6x\x0b\x00\x00\x00L\x8e\xe8\x12\x00\x00\x008\x9a\
\xaem\xe6\xf9|\xb9\xf2\x7f\xf7\xbf\x02K\x00\x80\xc3x\
L\xf2\x90\xe4\xfff\xcb\xed]\xed\x14\x00\x00\x00\x98\x06\
\xd1%\x00\x00\x00p0_<\x13\xfe\xc7\x05\xcbE\xed\
\x22\x00\x80\xc9\xd8\xa5\xbf\x80)\xc0\x04\x00\x00\x80#\x12\
]\x02\x00\x00\x00/\xf2\x1fW,\xff\xb1\xff\x05\x00\xa0\
\xde.\xfb\x0b\x98I\xeef\xcb\xed\xaev\x0e\x00\x00\x00\
\x9c\x0f\xd1%\x00\x00\x00\xf0$]\xdb\x5c\xe4s`\xe9\
\x8a%\x00\xc0x\xdcE\x80\x09\x00\x00\x00\x07!\xba\x04\
\x00\x00\x00\xbej\xffT\xf8e>_\xb1\x9cW\xee\x01\
\x00\xe0 \x04\x98\x00\x00\x00\xf0\x0a\xa2K\x00\x00\x00 \
I\xd2\xb5\xcde<\x15\x0e\x000%\x02L\x00\x00\x00\
x&\xd1%\x00\x00\x00L\x94\xc8\x12\x00\x80/\x080\
\x01\x00\x00\xe0\x09D\x97\x00\x00\x000\x11]\xdb\x5c\xe5\
s`\xb9\xa8]\x03\x00\xc0\x80\xad\x93\xfc\xdfl\xb9\xbd\
\xab\x1e\x02\x00\x00\x00C#\xba\x04\x00\x00\x803\xe5\x92\
%\x00\x00\xaf\xb4\xcb\xfe\x02\xa6\x00\x13\x00\x00\x00z\xa2\
K\x00\x00\x008\x13\x22K\x00\x00\x8e\xe8\x8f\x00\xf3\xb7\
\xd9r\xbb\xa9\x1e\x03\x00\x00\x00UD\x97\x00\x00\x000\
R]\xdb,\xf29\xb2\xbc\xaa]\x03\x00\xc0\x84<\xa6\
\x0f0\x7f\x17`\x02\x00\x0005\xa2K\x00\x00\x00\x18\
\x89\xaem.\xf2\xe7\xc8r^\xb9\x07\x00\x00\x92l\x92\
\xfc\x9e\xe4n\xb6\xdc>\x16o\x01\x00\x00\x80\xa3\x13]\
\x02\x00\x00\xc0\x80ums\x95\xcf\x91\xe5E\xed\x1a\x00\
\x00\xf8\xa6\x87|\x0e0w\xc5[\x00\x00\x00\xe0(D\
\x97\x00\x00\x000 _<\x19\xfe\xcf\xfd/\x00\x00\x8c\
\xd1:\xc9\xff\xcd\x96\xdb\xbb\xea!\x00\x00\x00pH\xa2\
K\x00\x00\x00(\xd4\xb5\xcd<\xfd\x15\xcb\x7f\xa4\x8f,\
/*\xf7\x00\x00\xc0\x81\xed\xd2\x07\x98\xbf\xcf\x96\xdbM\
\xf1\x16\x00\x00\x00x5\xd1%\x00\x00\x00\x9c\xd8\xfe\x9a\
\xe5U\xfak\x96\x8b\xe29\x00\x00p*\x9b\xf4\xcf\x8f\
\xaf=?\x0e\x00\x00\xc0X\x89.\x01\x00\x00\xe0\xc8\xf6\
\xd7,/\xd3G\x96WI\xe6\xa5\x83\x00\x00\xa0\xde]\
\xfa\xe7\xc7\xd7\xd5C\x00\x00\x00\xe09D\x97\x00\x00\x00\
p\x04\xfbk\x96\x97\xe9C\xcb\xcb\xd21\x00\x000\x5c\
\x9e\x1f\x07\x00\x00`TD\x97\x00\x00\x00p ]\xdb\
\x5c%\xf9G\xfak\x96\x17\xb5k\x00\x00`t<?\
\x0e\x00\x00\xc0\xe0\x89.\x01\x00\x00\xe0\x85\xf6\xcf\x86_\
\xe5\xf35K\xcf\x86\x03\x00\xc0a\xac\xd3??~W\
=\x04\x00\x00\x00\xbe$\xba\x04\x00\x00\x80g\xe8\xda\xe6\
\x22\x7f\x0e-\x01\x00\x80\xe3y\xcc\xe7\xeb\x97\x8f\xb5S\
\x00\x00\x00@t\x09\x00\x00\x00\xdf\xd5\xb5\xcd\x22\xc9O\
\xe9#\xcbE\xed\x1a\x00\x00\x98\xac\x87$\xbf\xcf\x96\xdb\
u\xf1\x0e\x00\x00\x00&Lt\x09\x00\x00\x00_\xd1\xb5\
\xcdU\x92\x7f\xa4\xbfjyQ\xbb\x06\x00\x00\xf8\xc2.\
\xfd\xf3\xe3\xbf\xb9~\x09\x00\x00\xc0\xa9\x89.\x01\x00\x00\
`o\x1fZ\xfe3}h9/\x9e\x03\x00\x00|\xdf\
C\x5c\xbf\x04\x00\x00\xe0\x84D\x97\x00\x00\x00LV\xd7\
6\xf3\xf4\x81\xe5?\xd3?\x1d.\xb4\x04\x00\x80qr\
\xfd\x12\x00\x00\x80\x93\x10]\x02\x00\x000)\xff\x11Z\
^\x15\xcf\x01\x00\x00\x0e\xef!\xae_\x02\x00\x00p$\
\xa2K\x00\x00\x00\xce\x9e\xd0\x12\x00\x00&\xc9\xf5K\x00\
\x00\x00\x0eNt\x09\x00\x00\xc0Y\x12Z\x02\x00\x00_\
\xb8K\x7f\xfd\xf2\xaez\x08\x00\x00\x00\xe3&\xba\x04\x00\
\x00\xe0l\x08-\x01\x00\x80\xefxL\xf2{\x92\x0f\xb3\
\xe5vW\xbc\x05\x00\x00\x80\x11\x12]\x02\x00\x000j\
BK\x00\x00\xe0\x85\xd6\xe9\xaf_>\x14\xef\x00\x00\x00\
`DD\x97\x00\x00\x00\x8cR\xd76_\x86\x96\xf3\xe2\
9\x00\x00\xc0xm\x92\xfc6[n\xd7\xd5C\x00\x00\
\x00\x18>\xd1%\x00\x00\x00\xa3!\xb4\x04\x00\x00\x8eh\
\x97\xfe\xfa\xe5o\xb3\xe5\xf6\xb1v\x0a\x00\x00\x00C%\
\xba\x04\x00\x00`\xd0\xba\xb6Y$\xf9)}hyQ\
\xbb\x06\x00\x00\x98\x88\xbb\xf4\xf1\xe5C\xf5\x10\x00\x00\x00\
\x86Et\x09\x00\x00\xc0\xe0tms\x91>\xb2\xfc9\
BK\x00\x00\xa0\xcec\x92wI\xeef\xcb\xed\xaex\
\x0b\x00\x00\x00\x03 \xba\x04\x00\x00`\x10\xba\xb6\x99\xe7\
sh\xb9(\x9e\x03\x00\x00\xf0%O\x8f\x03\x00\x00\x90\
Dt\x09\x00\x00@\xb1\xaem\xae\xf2\xf9\xf9p\x00\x00\
\x80\xa1['\xf9\xdd\xd3\xe3\x00\x00\x00\xd3$\xba\x04\x00\
\x00\xe0\xe4\xba\xb6Y\xa4\xbfhy\x95d^<\x07\x00\
\x00\xe0%6\xe9/_\xae\xab\x87\x00\x00\x00p:\xa2\
K\x00\x00\x00N\xa2k\x9b\x8b|~>\xfc\xa2t\x0c\
\x00\x00\xc0\xe1<&\xf9=\xc9\x87\xd9r\xbb+\xde\x02\
\x00\x00\xc0\x91\x89.\x01\x00\x008\xaa\xaemVI\xfe\
\x19\xcf\x87\x03\x00\x00\xe7m\x97\xe4.\xc9\xbb\xd9r\xfb\
X\xbc\x05\x00\x00\x80#\x11]\x02\x00\x00pp\x9e\x0f\
\x07\x00\x00&\xee.\xfd\xd3\xe3\x0f\xd5C\x00\x00\x008\
,\xd1%\x00\x00\x00\x07\xd1\xb5\xcd<\xc9*\x9e\x0f\x07\
\x00\x00\xf8\xc3C\x92\xdfg\xcb\xed\xbax\x07\x00\x00\x00\
\x07\x22\xba\x04\x00\x00\xe0U\xba\xb6\xb9J\xf2S<\x1f\
\x0e\x00\x00\xf0W\x1e\x93\xbcKr7[nw\xc5[\
\x00\x00\x00x\x05\xd1%\x00\x00\x00\xcf\xd6\xb5\xcdE\xfa\
\xab\x96?\xc5UK\x00\x00\x80\xa7\xda%\xf9-\xc9\x07\
\xf1%\x00\x00\xc08\x89.\x01\x00\x00x\xb2\xaemV\
\xe9C\xcb\xcb\xda%\x00\x00\x00\xa3\xb7N\xf2n\xb6\xdc\
>\x16\xef\x00\x00\x00\xe0\x19D\x97\x00\x00\x00|\xd3\xfe\
\xaa\xe5\xcf\xe9/[\xceK\xc7\x00\x00\x00\x9c\x9fu\x92\
\xdff\xcb\xed\xa6z\x08\x00\x00\x00\xdf'\xba\x04\x00\x00\
\xe0\xab\x5c\xb5\x04\x00\x008\xa9\x87\xf4\x97/\x1f\x8aw\
\x00\x00\x00\xf0\x0d\xa2K\x00\x00\x00\xfe\xcdUK\x00\x00\
\x80r\x0fI~\x9f-\xb7\xeb\xe2\x1d\x00\x00\x00|\x85\
\xe8\x12\x00\x00\x00W-\x01\x00\x00\x86\xe71\xfd\xe5\xcb\
u\xf1\x0e\x00\x00\x00\xbe \xba\x04\x00\x00\x98\xa8\xfdU\
\xcbU\xfa\xd8\xf2\xa2r\x0b\x00\x00\x00\x7f\xe91\xc9\xbb\
$w\xb3\xe5vW\xbc\x05\x00\x00`\xf2D\x97\x00\x00\
\x00\x13\xd3\xb5\xcde\xfa'\xc4\xaf\x8a\xa7\x00\x00\x00\xf0\
t\xbb$\xbf%\xf9 \xbe\x04\x00\x00\xa8#\xba\x04\x00\
\x00\x98\x80\xaem\xe6\xe9\xafZ\xfe\x1cW-\x01\x00\x00\
\xc6L|\x09\x00\x00PHt\x09\x00\x00p\xc6\xba\xb6\
Y\xe4\xf3U\xcby\xf1\x1c\x00\x00\x00\x0eG|\x09\x00\
\x00P@t\x09\x00\x00p\x86\xba\xb6Y%\xf9)\xc9\
e\xed\x12\x00\x00\x00\x8el\x97\xe4.\xc9\xbb\xd9r\xfb\
X\xbc\x05\x00\x00\xe0\xec\x89.\x01\x00\x00\xce\xc4\xfe\x09\
\xf1\x9b\xf4\xb1\xe5E\xed\x1a\x00\x00\x00\x0a\xac#\xbe\x04\
\x00\x008*\xd1%\x00\x00\xc0\xc8}\xf1\x84\xf8\xaax\
\x0a\x00\x00\x00\xc3\xb0\x8e\xf8\x12\x00\x00\xe0(D\x97\x00\
\x00\x00#\xe5\x09q\x00\x00\x00\xbec\x1d\xf1%\x00\x00\
\xc0A\x89.\x01\x00\x00Fd\xff\x84\xf8*\xfde\xcb\
\x8b\xd21\x00\x00\x00\x8c\xc5:\xe2K\x00\x00\x80\x83\x10\
]\x02\x00\x00\x8c@\xd76\x17I~Mr\x95d^\
\xbb\x06\x00\x00\x80\x91ZG|\x09\x00\x00\xf0*\xa2K\
\x00\x00\x80\x01\xeb\xda\xe62\xfdU\xcb\xab\xe2)\x00\x00\
\x00\x9c\x8fu\xc4\x97\x00\x00\x00/\x22\xba\x04\x00\x00\x18\
\xa0\xaemV\xe9c\xcbE\xf1\x14\x00\x00\x00\xce\xd7:\
\xe2K\x00\x00\x80g\x11]\x02\x00\x00\x0cD\xd76\xf3\
$7I~JrQ\xbb\x06\x00\x00\x80\x89\xd8%\xf9\
-\xc9\x87\xd9r\xbb\xab\x1e\x03\x00\x000t\xa2K\x00\
\x00\x80b]\xdb\x5c\xa4\xbfj\xb9J2/\x1d\x03\x00\
\x00\xc0T\x89/\x01\x00\x00\x9e@t\x09\x00\x00P\xa4\
k\x9bE>\xc7\x96\x00\x00\x000\x04\xe2K\x00\x00\x80\
o\x10]\x02\x00\x00\x9cX\xd76\x97I~MrY\
\xbb\x04\x00\x00\x00\xfe\x92\xf8\x12\x00\x00\xe0+D\x97\x00\
\x00\x00'\xd2\xb5\xcd*\xfde\xcbE\xf1\x14\x00\x00\x00\
x\xaa\xc7$\xeff\xcb\xed\xbax\x07\x00\x00\xc0 \x88\
.\x01\x00\x00\x8el\x1f[\xfe\x9a\xe4\xa2v\x09\x00\x00\
\x00\xbc\xd8c\xc4\x97\x00\x00\x00\xa2K\x00\x00\x80c\xe8\
\xdaf\x9e\xe4&\xfde\xcby\xf1\x1c\x00\x00\x008\x94\
\xc7$\xd7\xb3\xe5\xf6\xa1x\x07\x00\x00@\x09\xd1%\x00\
\x00\xc0\x01\x89-\x01\x00\x00\x98\x88\x87\xf4\x97/\x1f\x8a\
w\x00\x00\x00\x9c\x94\xe8\x12\x00\x00\xe0\x00\xba\xb6\xb9H\
\xff\x84\xf8\xaav\x09\x00\x00\x00\x9c\xd4C\xfa\xcb\x97\x8f\
\xc5;\x00\x00\x00NBt\x09\x00\x00\xf0\x0abK\x00\
\x00\x00H\x92\xac\xd3_\xbe|,\xde\x01\x00\x00pT\
\xa2K\x00\x00\x80\x17\xe8\xdaf\x91\xfe\x09\xf1U\xf1\x14\
\x00\x00\x00\x18\x92wI>\xcc\x96\xdb]\xf5\x10\x00\x00\
\x80c\x10]\x02\x00\x00<C\xd76\x97\xe9/[^\
\xd6.\x01\x00\x00\x80\xc1\xda%\xf9m\xb6\xdc\xbe\xad\x1e\
\x02\x00\x00ph\xa2K\x00\x00\x80'\x10[\x02\x00\x00\
\xc0\xb3=\xa6\x7fr|]\xbc\x03\x00\x00\xe0`D\x97\
\x00\x00\x00\xdf \xb6\x04\x00\x00\x80W\xdb$\xf9e\xb6\
\xdc>T\x0f\x01\x00\x00x-\xd1%\x00\x00\xc0W\x88\
-\x01\x00\x00\xe0\xe0\x1e\x92\x5c\xcf\x96\xdb\xc7\xe2\x1d\x00\
\x00\x00/&\xba\x04\x00\x00\xf8\x82\xd8\x12\x00\x00\x00\x8e\
n\x9d\xfe\xf2\xe5\xaez\x08\x00\x00\xc0s\x89.\x01\x00\
\x00\x22\xb6\x04\x00\x00\x80\x13\xdb%\xf9-\xc9\x07\xf1%\
\x00\x000&\xa2K\x00\x00`\xd2\xc4\x96\x00\x00\x00P\
\xea1\xc9\xbb\xd9r\xbb.\xde\x01\x00\x00\xf0$\xa2K\
\x00\x00`\x92\xc4\x96\x00\x00\x000(\x9b\xf4O\x8e?\
T\x0f\x01\x00\x00\xf8\x16\xd1%\x00\x000)bK\x00\
\x00\x00\x18\xb4\xbb\xf4\xf1\xe5c\xf5\x10\x00\x00\x80\xaf\x11\
]\x02\x00\x00\x93 \xb6\x04\x00\x00\x80Qy\x97\xe4\xc3\
l\xb9\xddU\x0f\x01\x00\x00\xf8\x92\xe8\x12\x00\x008k\
]\xdb\x5c$y\x9f\xe4\xaax\x0a\x00\x00\x00\xf0<\xbb\
\xf4W/\xd7\xd5C\x00\x00\x00\xfe \xba\x04\x00\x00\xce\
\xd2>\xb6\xfc5\xc9\xaav\x09\x00\x00\x00\xf0J\x9b\xf4\
\xf1\xe5C\xf5\x10\x00\x00\x00\xd1%\x00\x00pV\xc4\x96\
\x00\x00\x00p\xb6\xee\xd2\xc7\x97\x8f\xd5C\x00\x00\x80\xe9\
\x12]\x02\x00\x00g\xa1k\x9by\xfa\xd8\xf2\xa6z\x0b\
\x00\x00\x00p4\xbb$\xbf%\xf90[nw\xd5c\
\x00\x00\x80\xe9\x11]\x02\x00\x00\xa3\xb6\x8f-o\x92\xfc\
\x9cd^<\x07\x00\x00\x008\x8d\xc7\xf4W/\xef\xaa\
\x87\x00\x00\x00\xd3\x22\xba\x04\x00\x00F\xabk\x9b\xb7\x11\
[\x02\x00\x00\xc0\x94=\xa4\x8f/7\xd5C\x00\x00\x80\
i\x10]\x02\x00\x00\xa3\xd3\xb5\xcd*\xfdS\xe2\x17\xb5\
K\x00\x00\x00\x80\x81\xf8\x90\xe4\x9d'\xc7\x01\x00\x80c\
\x13]\x02\x00\x00\xa3\xd1\xb5\xcde\x92\xdb\x88-\x01\x00\
\x00\x80\xff\xb6K\x7f\xf5r]=\x04\x00\x008_\xa2\
K\x00\x00`\xf0\xf6\xb1\xe5\xafI.k\x97\x00\x00\x00\
\x00#\xf0\x90\xfe\xea\xe5C\xf1\x0e\x00\x00\xe0\x0c\x89.\
\x01\x00\x80\xc1\xea\xda\xe6\x22\xc9\xfb$W\xc5S\x00\x00\
\x00\x80\xf1Y\xa7\xbf|\xe9\xc9q\x00\x00\xe0`D\x97\
\x00\x00\xc0\xe0tm3O\x1f[\xae\x8a\xa7\x00\x00\x00\
\x00\xe3\xb6K\x7f\xf5\xf2C\xf5\x10\x00\x00\xe0<\x88.\
\x01\x00\x80\xc1\xd8\xc7\x967I~N2/\x9e\x03\x00\
\x00\x00\x9c\x8f\x87\xf4W/7\xd5C\x00\x00\x80q\x13\
]\x02\x00\x00\x83\xd0\xb5\xcd*\xc9\xafI.j\x97\x00\
\x00\x00\x00g\xecC\xfa\xcb\x97\x9e\x1c\x07\x00\x00^D\
t\x09\x00\x00\x94\xea\xda\xe62\xfdS\xe2\x8b\xe2)\x00\
\x00\x00\xc04\xec\xd2_\xbd\x5cW\x0f\x01\x00\x00\xc6G\
t\x09\x00\x00\x94\xe8\xda\xe6\x22\xc9m\x92\xcb\xda%\x00\
\x00\x00\xc0D=\xc4\x93\xe3\x00\x00\xc03\x89.\x01\x00\
\x80\x93\xea\xdaf\x9e\xfe\xb2\xe5\xaax\x0a\x00\x00\x00@\
\x92\xbcK\xf2\xc1\x93\xe3\x00\x00\xc0S\x88.\x01\x00\x80\
\x93\xe9\xda\xe6m\x92\x9f\x93\xcc\x8b\xa7\x00\x00\x00\x00|\
\xe91\xc9\xf5l\xb9}(\xde\x01\x00\x00\x0c\x9c\xe8\x12\
\x00\x008\xba\xaem\xae\xd2_\xb7\xbc(\x9e\x02\x00\x00\
\x00\xf0-w\xe9\x9f\x1c\x7f\xac\x1e\x02\x00\x00\x0c\x93\xe8\
\x12\x00\x008\x9a\xaem\x16\xe9c\xcb\xcb\xe2)\x00\x00\
\x00\x00O\xb5K\xf2n\xb6\xdc~\xa8\x1e\x02\x00\x00\x0c\
\x8f\xe8\x12\x00\x008\xb8\xaem\xe6\xe9c\xcbU\xf1\x14\
\x00\x00\x00\x80\x97\xda\xa4\x7fr|S=\x04\x00\x00\x18\
\x0e\xd1%\x00\x00pP]\xdb\xbcM\xf2s\x92y\xf1\
\x14\x00\x00\x00\x80C\xf8\x90\xfe\xf2\xe5\xaez\x08\x00\x00\
POt\x09\x00\x00\x1cD\xd76\x97In\x93\x5c\xd4\
.\x01\x00\x00\x008\xb8\xc7\xf4W/\x1f\x8aw\x00\x00\
\x00\xc5D\x97\x00\x00\xc0\xabtms\x91>\xb6\xbc\xac\
]\x02\x00\x00\x00ptw\xe9\xe3KW/\x01\x00`\
\xa2D\x97\x00\x00\xc0\x8btm3Or\x93\xe4\xd7\xea\
-\x00\x00\x00\x00'\xb4K\xf2\xcbl\xb9]W\x0f\x01\
\x00\x00NOt\x09\x00\x00<[\xd76\xab$\xef\x93\
\xcc\x8b\xa7\x00\x00\x00\x00TyH\x7f\xf5\xf2\xb1x\x07\
\x00\x00pB\xa2K\x00\x00\xe0\xc9\xba\xb6Y\xa4\x8f-\
/\x8b\xa7\x00\x00\x00\x00\x0c\xc1.\xc9\xbb\xd9r\xfb\xa1\
z\x08\x00\x00p\x1a\xa2K\x00\x00\xe0\xbb\xf6O\x89\xff\
\x9a\xfe9q\x00\x00\x00\x00\xfel\x93\xfe\xea\xe5\xa6z\
\x08\x00\x00p\x5co\xaa\x07\x00\x00\x00\xc3\xb6\x7fJ\xfc\
_\x11\x5c\x02\x00\x00\x00\xfc\x95E\x92O]\xdb\xbc\xad\
\x1e\x02\x00\x00\x1c\x97K\x97\x00\x00\xc0WyJ\x1c\x00\
\x00\x00\xe0E6I~\x99-\xb7\x0f\xd5C\x00\x00\x80\
\xc3\x13]\x02\x00\x00\x7f\xe2)q\x00\x00\x00\x80\x83\xf8\
\x90\xe4\xddl\xb9\xddU\x0f\x01\x00\x00\x0eGt\x09\x00\
\x00\xfc\xdb\xfe)\xf1\xf7I\xe6\xc5S\x00\x00\x00\x00\xce\
\xc1c\x92kW/\x01\x00\xe0|\x88.\x01\x00\x00O\
\x89\x03\x00\x00\x00\x1c\x97\xab\x97\x00\x00p&D\x97\x00\
\x000a\xfb\xa7\xc4o\xd2?'\x0e\x00\x00\x00\xc0\xf1\
<\xc6\xd5K\x00\x00\x18=\xd1%\x00\x00LT\xd76\
W\xe9\xaf[^\x14O\x01\x00\x00\x00\x98\x12W/\x01\
\x00`\xc4D\x97\x00\x0001]\xdb\x5c\xa4\x8f-\xaf\
\x8a\xa7\x00\x00\x00\x00L\xd5c\x5c\xbd\x04\x00\x80Q\x12\
]\x02\x00\xc0\x84tm\xf3\xc7S\xe2\xf3\xea-\x00\x00\
\x00\x00\xb8z\x09\x00\x00c#\xba\x04\x00\x80\x09\xe8\xda\
f\x91\xe46\xc9\xa2z\x0b\x00\x00\x00\x00\x7f\xf2\x18W\
/\x01\x00`4D\x97\x00\x00p\xc6\xba\xb6\x99\xa7\xbf\
lyS\xbd\x05\x00\x00\x00\x80or\xf5\x12\x00\x00F\
@t\x09\x00\x00g\xaak\x9b\xab$\xef\x93\x5c\x14O\
\x01\x00\x00\x00\xe0i\x1e\x93\xfc8[n7\xd5C\x00\
\x00\x80\xaf\x13]\x02\x00\xc0\x99\xd9_\xb7\xbcMrU\
\xbd\x05\x00\x00\x00\x80\x17y7[n\xdfV\x8f\x00\x00\
\x00\xfe\x9b\xe8\x12\x00\x00\xceH\xd767\xe9\x9f\x13\x9f\
Wo\x01\x00\x00\x00\xe0U6I\xae]\xbd\x04\x00\x80\
a\x11]\x02\x00\xc0\x19\xe8\xda\xe6\x22\xfdu\xcb\xcb\xda\
%\x00\x00\x00\x00\x1c\x98\xab\x97\x00\x000 \xa2K\x00\
\x00\x18\xb9\xaem\xde\xa6\xbfn\x09\x00\x00\x00\xc0yz\
H\x7f\xf5\xf2\xb1x\x07\x00\x00L\x9e\xe8\x12\x00\x00F\
\xaak\x9bE\xfa\xeb\x96\x8b\xea-\x00\x00\x00\x00\x1c\xdd\
.\xfd\xd5\xcb\x0f\xd5C\x00\x00`\xcaD\x97\x00\x000\
2]\xdb\xcc\xd3_\xb6\xbc\xa9\xde\x02\x00\x00\x00\xc0\xc9\
\xdd\xa5\xbfz\xb9\xab\x1e\x02\x00\x00S$\xba\x04\x00\x80\
\x11\xe9\xda\xe62\xfdu\xcb\x8b\xda%\x00\x00\x00\x00\x14\
\xda\xa5\x0f/\xef\xaa\x87\x00\x00\xc0\xd4\x88.\x01\x00`\
\x04\x5c\xb7\x04\x00\x00\x00\xe0+>\xa4\x7fr\xdc\xd5K\
\x00\x008\x11\xd1%\x00\x00\x0c\x9c\xeb\x96\x00\x00\x00\x00\
|\xc3c\x92\x1fg\xcb\xed\xa6z\x08\x00\x00L\x81\xe8\
\x12\x00\x00\x06\xcauK\x00\x00\x00\x00\x9e\xe1\xddl\xb9\
}[=\x02\x00\x00\xce\x9d\xe8\x12\x00\x00\x06\xa8k\x9b\
\xab\xf4\xd7-\xe7\xd5[\x00\x00\x00\x00\x18\x8d\x87$\xd7\
\xb3\xe5\xf6\xb1x\x07\x00\x00\x9c-\xd1%\x00\x00\x0c\xc8\
\xfe\xba\xe5m\x92\xab\xea-\x00\x00\x00\x00\x8c\xd2.}\
xyW=\x04\x00\x00\xce\x91\xe8\x12\x00\x00\x06\xc2u\
K\x00\x00\x00\x00\x0eh\x9d\xe4\x97\xd9r\xbb\xab\x1e\x02\
\x00\x00\xe7Dt\x09\x00\x00\xc5\xf6\xd7-\x7fMrS\
\xbd\x05\x00\x00\x00\x80\xb3\xf2\x98\xe4\xc7\xd9r\xbb\xa9\x1e\
\x02\x00\x00\xe7\xe2M\xf5\x00\x00\x00\x98\xb2\xaem.\x93\
|\x8a\xe0\x12\x00\x00\x00\x80\xc3\xbbH\xf2\xa9k\x9b\xb7\
\xc5;\x00\x00\xe0l\xb8t\x09\x00\x00\x05\x5c\xb7\x04\x00\
\x00\x00\xe0\xc4\x1e\xd2_\xbd\xf4\xdc8\x00\x00\xbc\x82\xe8\
\x12\x00\x00Nl\x7f\xdd\xf26\xfd\xa5\x01\x00\x00\x00\x00\
8\x95]\x92\xeb\xd9r{W=\x04\x00\x00\xc6\xca\xf3\
\xe2\x00\x00pB]\xdb\xbcOr\x1f\xc1%\x00\x00\x00\
\x00\xa77O\xf2q\xff\x8d\x0a\x00\x00x\x01\x97.\x01\
\x00\xe0\x04\xba\xb6Y\xa4\xbfn\xb9\xa8\xde\x02\x00\x00\x00\
\x00I6\xe9\xaf^n\xaa\x87\x00\x00\xc0\x98\xb8t\x09\
\x00\x00G\xd6\xb5\xcd\xdb$\x9f\x22\xb8\x04\x00\x00\x00`\
8\x16I\xee\xbb\xb6YU\x0f\x01\x00\x801q\xe9\x12\
\x00\x00\x8e\xa4k\x9b\x8b$\x1f#\xb6\x04\x00\x00\x00`\
\xd8\xd6I~\x99-\xb7\xbb\xea!\x00\x000t.]\
\x02\x00\xc0\x11tms\x13\xd7-\x01\x00\x00\x00\x18\x87\
U\xfa\xab\x97\xbee\x01\x00\xc0w\xb8t\x09\x00\x00\x07\
\xd4\xb5\xcd<\xfdu\xcb\xcb\xe2)\x00\x00\x00\x00\xf0\x5c\
\xbb$\xeff\xcb\xed\x87\xea!\x00\x000T\xa2K\x00\
\x008\x90\xaem\xae\x92\xdc&\x99Wo\x01\x00\x00\x00\
\x80W\xb8Kr\xed\xb9q\x00\x00\xf8o\xa2K\x00\x00\
x\xa5\xfdu\xcb_\x93\xdcTo\x01\x00\x00\x00\x80\x03\
yL\xf2\xe3l\xb9\xddT\x0f\x01\x00\x80!\x11]\x02\
\x00\xc0+tm\xb3H\xff\x9c\xf8E\xf1\x14\x00\x00\x00\
\x008\x86_<7\x0e\x00\x00\x9f\x89.\x01\x00\xe0\x85\
\xba\xb6y\x9b\xfe\xc2%\x00\x00\x00\x00\x9c\xb3u\xfa\xf8\
\xd2s\xe3\x00\x00L\x9e\xe8\x12\x00\x00\x9e\xa9k\x9b\x8b\
$\xb7I.k\x97\x00\x00\x00\x00\xc0\xc9l\x92\x5c{\
n\x1c\x00\x80\xa9{S=\x00\x00\x00\xc6\xa4k\x9b\xab\
$\x9f\x22\xb8\x04\x00\x00\x00`Z\x16I\xee\xbb\xb6Y\
U\x0f\x01\x00\x80J.]\x02\x00\xc0\x13tm3O\
\xf2>\xc9\xaax\x0a\x00\x00\x00\x00T[\xc7s\xe3\x00\
\x00L\x94\xe8\x12\x00\x00\xbe\xa3k\x9bE\x92\x8fI.\
\x8a\xa7\x00\x00\x00\x00\xc0Pl\x92\xfc8[n\x1f\xab\
\x87\x00\x00\xc0)y^\x1c\x00\x00\xbe\xa1k\x9b\x9b\xf4\
\xcf\x89_\x14O\x01\x00\x00\x00\x80!Y$\xf9\xd4\xb5\
\xcdU\xf5\x10\x00\x008%\x97.\x01\x00\xe0+\xf6\xcf\
\x89\x7fLrY<\x05\x00\x00\x00\x00\x86\xee\xc3l\xb9\
\xfd\xa5z\x04\x00\x00\x9c\x82\xe8\x12\x00\x00\xfeC\xd76\
\x97\xe9\x83\xcby\xf1\x14\x00\x00\x00\x00\x18\x8b\x87\xf4\xcf\
\x8d\xef\xaa\x87\x00\x00\xc01y^\x1c\x00\x00\xbe\xd0\xb5\
\xcd\xfb$\xf7\x11\x5c\x02\x00\x00\x00\xc0s\x5c&\xf9W\
\xd76\x8b\xea!\x00\x00pL.]\x02\x00@\x92\xae\
m.\xd2_\xb7\xf4Q\x18\x00\x00\x00\x00^\xe7\x97\xd9\
r\xfb\xa1z\x04\x00\x00\x1c\x83\xe8\x12\x00\x80\xc9\xeb\xda\
\xe6*\xc9m\x5c\xb7\x04\x00\x00\x00\x80CY\xa7\x8f/\
=7\x0e\x00\xc0Y\x11]\x02\x000i\xfb\xe7\xc4o\
\xaaw\x00\x00\x00\x00\xc0\x19\xda$\xb9\x9e-\xb7\x9b\xea\
!\x00\x00p(\xa2K\x00\x00&\xa9k\x9bE\xfa\xeb\
\x96\x9e\x13\x07\x00\x00\x00\x80\xe3\xd9\xa5\x0f/\xef\xaa\x87\
\x00\x00\xc0!\xbc\xa9\x1e\x00\x00\x00\xa7\xd6\xb5\xcd*\xc9\
}\x04\x97\x00\x00\x00\x00pl\xf3$\x1f\xbb\xb6y[\
=\x04\x00\x00\x0e\xc1\xa5K\x00\x00&\xa3k\x9by\x92\
\xf7IV\xc5S\x00\x00\x00\x00`\x8a\xee\xd2_\xbd\xdc\
U\x0f\x01\x00\x80\x97\x12]\x02\x000\x09\x9e\x13\x07\x00\
\x00\x00\x80A\xd8\xa4\x0f/7\xd5C\x00\x00\xe0%D\
\x97\x00\x00\x9c\xbd\xaem\xae\xd2\x07\x97\xf3\xea-\x00\x00\
\x00\x00@v\xe9\xc3\xcb\xbb\xea!\x00\x00\xf0\x5co\xaa\
\x07\x00\x00\xc01um\xf3>\xc9\xc7\x08.\x01\x00\x00\
\x00`(\xe6I>vm\xf3\xb6z\x08\x00\x00<\x97\
K\x97\x00\x00\x9c\xa5\xaem.\xd2\xc7\x96\x9e\x13\x07\x00\
\x00\x00\x80\xe1\xbaK\x7f\xf5rW=\x04\x00\x00\x9e\xc2\
\xa5K\x00\x00\xce\xce\xfe9\xf1O\x11\x5c\x02\x00\x00\x00\
\xc0\xd0]%\xb9\xef\xda\xc6\xb7<\x00\x00FAt\x09\
\x00\xc0Y\xd9?I\xe49q\x00\x00\x00\x00\x18\x8fE\
\xfa\xf0\xf2\xaaz\x08\x00\x00|\x8f\xe7\xc5\x01\x008\x0b\
]\xdb\xcc\xd3\xc7\x96\x97\xc5S\x00\x00\x00\x00\x80\x97\xfb\
e\xb6\xdc~\xa8\x1e\x01\x00\x00\x7fEt\x09\x00\xc0\xe8\
\xed\x9f\x1e\xba\x8f\xeb\x96\x00\x00\x00\x00p\x0e\xd6\xe9\xe3\
\xcb]\xf5\x10\x00\x00\xf8O\xa2K\x00\x00F\xadk\x9b\
\x9b$\xef\xabw\x00\x00\x00\x00\x00\x07\xb5I\xf2\x83\xf0\
\x12\x00\x80\xa1\x11]\x02\x000J\xfb\xe7\xc4\xdf'Y\
\x15O\x01\x00\x00\x00\x00\x8ec\x97>\xbc\xdcT\x0f\x01\
\x00\x80?\x88.\x01\x00\x18\x9d\xaem.\x92|L\xb2\
(\x9e\x02\x00\x00\x00\x00\x1c\xdf\xf5l\xb9]W\x8f\x00\
\x00\x80$yS=\x00\x00\x00\x9e\xa3k\x9b\xab$\x9f\
\x22\xb8\x04\x00\x00\x00\x80\xa9\xb8\xed\xda\xe6}\xf5\x08\x00\
\x00H\x5c\xba\x04\x00`D\xba\xb6y\x9b\xe4\xd7\xea\x1d\
\x00\x00\x00\x00@\x89\xbb\xf4W/w\xd5C\x00\x00\x98\
.\xd1%\x00\x00\x83\xd7\xb5\xcd<\xc9m\x92\xab\xea-\
\x00\x00\x00\x00@\xa9M\x92\x1fg\xcb\xedc\xf5\x10\x00\
\x00\xa6It\x09\x00\xc0\xa0um\xb3H\x1f\x5czN\
\x1c\x00\x00\x00\x00H\x92]\x92\x1ff\xcb\xed\xa6z\x08\
\x00\x00\xd3\xf3\xa6z\x00\x00\x00\xfc\x95\xaemVI\xee\
#\xb8\x04\x00\x00\x00\x00>\x9b'\xf9\xb4\xff~\x08\x00\
\x00'%\xba\x04\x00`\x90\xba\xb6y\x9f\xfe\xc2\xe5\xbc\
z\x0b\x00\x00\x00\x000H\xb7\xfb\xef\x88\x00\x00p2\
\x9e\x17\x07\x00`P\xba\xb6\x99\xa7\x8f-\xaf\xaa\xb7\x00\
\x00\x00\x00\x00\xa3\xb0N\xf2\xcbl\xb9\xddU\x0f\x01\x00\
\xe0\xfc\x89.\x01\x00\x18\x8c\xaem\x16\xe9\x83K\xcf\x89\
\x03\x00\x00\x00\x00\xcf\xb1I\xf2\x83\xf0\x12\x00\x80c\x13\
]\x02\x000\x08]\xdb\x5c\xc5s\xe2\x00\x00\x00\x00\xc0\
\xcb\xed\xd2\x87\x97\x9b\xea!\x00\x00\x9c\xaf7\xd5\x03\x00\
\x00\xa0k\x9b\xb7I>Fp\x09\x00\x00\x00\x00\xbc\xdc\
<\xc9\xfd\xfe\x0f\xde\x00\x00p\x14.]\x02\x00P\xa6\
k\x9by\x92\xf7IV\xc5S\x00\x00\x00\x00\x80\xf3r\
=[n\xd7\xd5#\x00\x008?\xa2K\x00\x00Jt\
ms\x91\xfe\xba\xe5\xa2x\x0a\x00\x00\x00\x00p\x9e\xd6\
\xb3\xe5\xf6\xbaz\x04\x00\x00\xe7Et\x09\x00\xc0\xc9u\
m\xb3Hr\x1f\xcf\x89\x03\x00\x00\x00\x00\xc7u\x97\xfe\
\xea\xe5\xaez\x08\x00\x00\xe7At\x09\x00\xc0Ium\
\xb3Jr[\xbd\x03\x00\x00\x00\x00\x98\x8cM\x92\x1f\x84\
\x97\x00\x00\x1c\xc2\x9b\xea\x01\x00\x00LG\xd76\xef#\
\xb8\x04\x00\x00\x00\x00Nk\x91\xe4\xd3\xfe\x05\x1e\x00\x00\
x\x15\x97.\x01\x008\xba\xaem\xe6I>&\xb9,\
\x9e\x02\x00\x00\x00\x00L\xd7.\xc9\x8f\xb3\xe5\xf6\xa1z\
\x08\x00\x00\xe3\xe5\xd2%\x00\x00G\xb5\xff\xf7\xf8}\x04\
\x97\x00\x00\x00\x00@\xady\x92\xfb\xaemV\xd5C\x00\
\x00\x18/\xd1%\x00\x00G\xd3\xb5\xcde\xfa\xe0\xd2\xb3\
=\x00\x00\x00\x00\xc0P\xdcvm\xf3\xb6z\x04\x00\x00\
\xe3\xe4yq\x00\x00\x8eb\xffo\xf1\xdb\xea\x1d\x00\x00\
\x00\x00\x00\x7fa=[n\xaf\xabG\x00\x000.\xa2\
K\x00\x00\x0e\xaek\x9b\xf7In\xaaw\x00\x00\x00\x00\
\x00|\xc7]\x92\xeb\xd9r\xbb\xab\x1e\x02\x00\xc08\x88\
.\x01\x008\x98\xaem\xe6\xe9\xaf[^Uo\x01\x00\
\x00\x00\x00x\xa2M\x92\x1f\x84\x97\x00\x00<\x85\xe8\x12\
\x00\x80\x83\xd8\x07\x97\xf7I\x16\xd5[\x00\x00\x00\x00\x00\
\x9ei\x93\xfe\xe2\xe5\xa6z\x08\x00\x00\xc3&\xba\x04\x00\
\xe0\xd5\xba\xb6Y\xa4\x0f.\xe7\xd5[\x00\x00\x00\x00\x00\
^h\x97\xfe\xe2\xa5\xf0\x12\x00\x80\xbf\xf4\xa6z\x00\x00\
\x00\xe3\xd6\xb5\xcdU\x04\x97\x00\x00\x00\x00\xc0\xf8\xcd\x93\
\xdc\xef\xbfy\x02\x00\xc0W\xb9t\x09\x00\xc0\x8bum\
\xb3Jr[\xbd\x03\x00\x00\x00\x00\xe0\xc0\xaeg\xcb\xed\
\xbaz\x04\x00\x00\xc3\xe3\xd2%\x00\x00/\xd2\xb5\xcdm\
\x04\x97\x00\x00\x00\x00\xc0y\xba\xed\xda\xe6\xa6z\x04\x00\
\x00\xc3\xe3\xd2%\x00\x00\xcf\xd2\xb5\xcd<}l\xe9\x89\
\x1d\x00\x00\x00\x00\xe0\xdc\xadg\xcb\xedu\xf5\x08\x00\x00\
\x86Ct\x09\x00\xc0\x93\xed\x83\xcb\xfb$\x8b\xea-\x00\
\x00\x00\x00\x00'\x22\xbc\x04\x00\xe0\xdfD\x97\x00\x00<\
I\xd76\x8b\xf4\xc1\xe5\xbcz\x0b\x00\x00\x00\x00\xc0\x89\
m\x92\xfc0[nw\xd5C\x00\x00\xa8\xf5\xa6z\x00\
\x00\x00\xc3\xd7\xb5\xcde\x04\x97\x00\x00\x00\x00\xc0t-\
\x92\xdc\xef_\x03\x02\x00`\xc2D\x97\x00\x00|S\xd7\
6\xab\x08.\x01\x00\x00\x00\x00\xfe\x08/\x17\xd5C\x00\
\x00\xa8\xe3yq\x00\x00\xfeR\xd76o\x93\xfcZ\xbd\
\x03\x00\x00\x00\x00`@v\xe9\x9f\x1a\xdfT\x0f\x01\x00\
\xe0\xf4D\x97\x00\x00|U\xd76\xb7IV\xd5;\x00\
\x00\x00\x00\x00\x06Hx\x09\x000Q\xa2K\x00\x00\xfe\
\xa4k\x9by\x92\xdb$W\xd5[\x00\x00\x00\x00\x00\x06\
l\x97\xe4z\xb6\xdc\xdeU\x0f\x01\x00\xe0tD\x97\x00\
\x00\xfc\xdb>\xb8\xbcO\xb2\xa8\xde\x02\x00\x00\x00\x000\
\x12\xd7\xb3\xe5v]=\x02\x00\x80\xd3xS=\x00\x00\
\x80a\xe8\xdaf\x11\xc1%\x00\x00\x00\x00\xc0s\xddv\
m\xb3\xaa\x1e\x01\x00\xc0i\xb8t\x09\x00\xc0\x97\xc1\xe5\
\xbcz\x0b\x00\x00\x00\x00\xc0H\xfd2[n?T\x8f\
\x00\x00\xe0\xb8\x5c\xba\x04\x00\x98\xb8\xaem\xae\x22\xb8\x04\
\x00\x00\x00\x00x\xad\xf7]\xdb\xdcV\x8f\x00\x00\xe0\xb8\
\x5c\xba\x04\x00\x98\xb0\xfd\x937>\x02\x02\x00\x00\x00\x00\
\x1c\xcez\xb6\xdc^W\x8f\x00\x00\xe08\x5c\xba\x04\x00\
\x98\xa8\xaemn\x22\xb8\x04\x00\x00\x00\x008\xb4\x95\x8b\
\x97\x00\x00\xe7\xcb\xa5K\x00\x80\x09\xda\x7f\xf0[U\xef\
\x00\x00\x00\x00\x008cwI\xea\xef\x0aG\x00\x00 \
\x00IDAT\xaeg\xcb\xed\xaez\x08\x00\x00\x87#\
\xba\x04\x00\x98\x18\xc1%\x00\x00\x00\x00\xc0\xc9l\x92\xfc\
 \xbc\x04\x008\x1f\xa2K\x00\x80\x89\xe8\xdaf\x9e\xe4\
c\x92\xcb\xe2)\x00\x00\x00\x00\x00S\x22\xbc\x04\x008\
#\xa2K\x00\x80\x09\xd8\x07\x97\xf7I\x16\xd5[\x00\x00\
\x00\x00\x00&Hx\x09\x00p&D\x97\x00\x00gN\
p\x09\x00\x00\x00\x000\x08\xc2K\x00\x803\xf0\xa6z\
\x00\x00\x00\xc7\xd3\xb5\xcd\x22\xc9\xbf\x22\xb8\x04\x00\x00\x00\
\x00\xa8\xb6Hr\xdf\xb5\xcdE\xf5\x10\x00\x00^\xce\xa5\
K\x00\x803\xb5\x0f.\xef\x93\xcc\xab\xb7\x00\x00\x00\x00\
\x00\xf0o\xbb\xf4\x17/7\xd5C\x00\x00x>\xd1%\
\x00\xc0\x19\x12\x5c\x02\x00\x00\x00\x00\x0c\x9a\xf0\x12\x00`\
\xa4</\x0e\x00pf\xba\xb6YEp\x09\x00\x00\x00\
\x000d\xf3\xf4O\x8d/\xaa\x87\x00\x00\xf0<.]\
\x02\x00\x9c\x91}py[\xbd\x03\x00\x00\x00\x00\x80'\
q\xf1\x12\x00`dD\x97\x00\x00gBp\x09\x00\x00\
\x00\x000J\xc2K\x00\x80\x11\xf1\xbc8\x00\xc0\x19\xe8\
\xda\xe6&\x82K\x00\x00\x00\x00\x801\xf2\xd48\x00\xc0\
\x88\xb8t\x09\x000r]\xdb\xdc&YU\xef\x00\x00\
\x00\x00\x00\xe0U\x5c\xbc\x04\x00\x18\x01\xd1%\x00\xc0\x88\
\x09.\x01\x00\x00\x00\x00\xce\x8a\xf0\x12\x00`\xe0D\x97\
\x00\x00#%\xb8\x04\x00\x00\x00\x008K\xc2K\x00\x80\
\x01{S=\x00\x00\x80\xe7\x13\x5c\x02\x00\x00\x00\x00\x9c\
\xady\x92O]\xdb\xac\xaa\x87\x00\x00\xf0\xdf\x5c\xba\x04\
\x00\x18\x91\xaem\xe6In\x93\x5cUo\x01\x00\x00\x00\
\x00\xe0\xe8\xaeg\xcb\xed\xbaz\x04\x00\x00\x9f\x89.\x01\
\x00Fb\x1f\x5c\xde'YTo\x01\x00\x00\x00\x00\xe0\
d\x84\x97\x00\x00\x03\x22\xba\x04\x00\x18\x01\xc1%\x00\x00\
\x00\x00\xc0\xa4\x09/\x01\x00\x06Bt\x09\x000p\x82\
K\x00\x00\x00\x00\x00\x22\xbc\x04\x00\x18\x04\xd1%\x00\xc0\
\x80\x09.\x01\x00\x00\x00\x00\xf8\x82\xf0\x12\x00\xa0\x98\xe8\
\x12\x00`\xa0\x04\x97\x00\x00\x00\x00\x00|\x85\xf0\x12\x00\
\xa0\x90\xe8\x12\x00`\x80\x04\x97\x00\x00\x00\x00\x00|\xc3\
\x8f\xb3\xe5\xf6\xaez\x04\x00\xc0\x14\x89.\x01\x00\x06F\
p\x09\x00\x00\x00\x00\xc0w\xec\x92\xfc0[n7\xd5\
C\x00\x00\xa6\xe6M\xf5\x00\x00\x00>\xeb\xdaf\x91\xe4\
S\x04\x97\x00\x00\x00\x00\x00\xfc\xb5y\x92\xfb\xfd7e\
\x00\x00N\xc8\xa5K\x00\x80\x81\xd8\x7f\x1c\xbbO\xff\xb1\
\x0c\x00\x00\x00\x00\x00\xbe\xc7\xc5K\x00\x80\x13\x13]\x02\
\x00\x0c\x80\xe0\x12\x00\x00\x00\x00\x80\x17\x12^\x02\x00\x9c\
\x90\xe8\x12\x00\xa0\x98\xe0\x12\x00\x00\x00\x00\x80W\x12^\
\x02\x00\x9c\x88\xe8\x12\x00\xa0\x90\xe0\x12\x00\x00\x00\x00\x80\
\x03\x11^\x02\x00\x9c\x80\xe8\x12\x00\xa0\x88\xe0\x12\x00\x00\
\x00\x00\x80\x03\x13^\x02\x00\x1c\x99\xe8\x12\x00\xa0\x80\xe0\
\x12\x00\x00\x00\x00\x80#\x11^\x02\x00\x1c\x91\xe8\x12\x00\
\xe0\xc4\x04\x97\x00\x00\x00\x00\x00\x1c\x99\xf0\x12\x00\xe0H\
D\x97\x00\x00'$\xb8\x04\x00\x00\x00\x00\xe0D\x1e\x93\
\xfc}\xb6\xdc\xee\xaa\x87\x00\x00\x9c\x937\xd5\x03\x00\x00\
\xa6Bp\x09\x00\x00\x00\x00\xc0\x09]$\xb9\xef\xda\xc6\
7i\x00\x80\x03r\xe9\x12\x00\xe0\x04\x04\x97\x00\x00\x00\
\x00\x00\x14\xd9\xa4\x7fj\xdc\xc5K\x00\x80\x03\x10]\x02\
\x00\x1c\x99\xe0\x12\x00\x00\x00\x00\x80b\xc2K\x00\x80\x03\
\x11]\x02\x00\x1c\xd1\xfe\xd9\x96O\xe9\x9fq\x01\x00\x00\
\x00\x00\x80*\xc2K\x00\x80\x03xS=\x00\x00\xe0\x5c\
\xed\x83\xcb\xfb\x08.\x01\x00\x00\x00\x00\xa8\xf7\xc7\xabL\
\x00\x00\xbc\x82\xe8\x12\x00\xe0\x08\xbe\x08.\x17\xd5[\x00\
\x00\x00\x00\x00`o\xd1\xb5\xcdm\xf5\x08\x00\x801\xf3\
\xbc8\x00\xc0\x81\x09.\x01\x00\x00\x00\x00\x18\xb8\xf5l\
\xb9\xbd\xae\x1e\x01\x000F\xa2K\x00\x80\x03\x12\x5c\x02\
\x00\x00\x00\x000\x12\xc2K\x00\x80\x17\xf0\xbc8\x00\xc0\
\x81\x08.\x01\x00\x00\x00\x00\x18\x91U\xd76\xef\xabG\
\x00\x00\x8c\x8dK\x97\x00\x00\x07 \xb8\x04\x00\x00\x00\x00\
`\xa4\xaeg\xcb\xed\xbaz\x04\x00\xc0X\x88.\x01\x00\
^Ip\x09\x00\x00\x00\x00\xc0\xc8\x09/\x01\x00\x9e\xc8\
\xf3\xe2\x00\x00\xafw\x1b\xc1%\x00\x00\x00\x00\x00\xe3u\
\xdb\xb5\xcd\xaaz\x04\x00\xc0\x18\xb8t\x09\x00\xf0\x0a]\
\xdb\xdc&YU\xef\x00\x00\x00\x00\x00\x80\x03\xf8\xfbl\
\xb9\xddT\x8f\x00\x00\x182\x97.\x01\x00^Hp\x09\
\x00\x00\x00\x00\xc0\x99\xb9\xef\xda\xc6\xcbN\x00\x00\xdf\xe0\
\xd2%\x00\xc0\x0b\x08.\x01\x00\x00\x00\x008S\xbb$\
?\xb8x\x09\x00\xf0u\xa2K\x00\x80g\x12\x5c\x02\x00\
\x00\x00\x00p\xe6vI\xfeg\xb6\xdc\xee\xaa\x87\x00\x00\
\x0c\x8d\xe7\xc5\x01\x00\x9e\xa1k\x9b\x9b\x08.\x01\x00\x00\
\x00\x008o\xf3\xf4O\x8d\xcf\xab\x87\x00\x00\x0c\x8dK\
\x97\x00\x00O\xd4\xb5\xcd*\xc9m\xf5\x0e\x00\x00\x00\x00\
\x008\x91M\xfa\xa7\xc6]\xbc\x04\x00\xd8s\xe9\x12\x00\
\xe0\x09\x04\x97\x00\x00\x00\x00\x00L\xd0\x22\xbe\x8d\x03\x00\
\xfc\x89\xe8\x12\x00\xe0;\x04\x97\x00\x00\x00\x00\x00L\xd8\
U\xd76\xbe\x91\x03\x00\xecy^\x1c\x00\xe0\x1b\xba\xb6\
Y$\xf9T\xbd\x03\x00\x00\x00\x00\x00\x8a\xadg\xcb\xed\
u\xf5\x08\x00\x80j.]\x02\x00\xfc\x85}py_\
\xbd\x03\x00\x00\x00\x00\x00\x06`\xb5\x7f\x19\x0a\x00`\xd2\
\x5c\xba\x04\x00\xf8\x8a/\x82\xcby\xf5\x16\x00\x00\x00\x00\
\x00\x18\x90\xeb\xd9r\xbb\xae\x1e\x01\x00PEt\x09\x00\
\xf0\x1f\xba\xb6\x99'\xf9W\x04\x97\x00\x00\x00\x00\x00\xf0\
5\x7f\x9f-\xb7\x9b\xea\x11\x00\x00\x15</\x0e\x00\xf0\
\x85}p\xe9\xc2%\x00\x00\x00\x00\x00\xfc\xb5\xfb\xfd\x8b\
Q\x00\x00\x93\xe3\xd2%\x00\xc0\xde\x17\xc1\xa5\x0fE\x00\
\x00\x00\x00\x00\xf0m\xbb\xf4\x17/\x1f\xab\x87\x00\x00\x9c\
\x92K\x97\x00\x00\x9f}\x8c\xe0\x12\x00\x00\x00\x00\x00\x9e\
b\x9e\xe4\xe3\xfe\xa0\x01\x00\xc0d\x88.\x01\x00\x92t\
ms\x9b\xe4\xb2z\x07\x00\x00\x00\x00\x00\x8c\xc8\x22\xfd\
\x0bR\x00\x00\x93!\xba\x04\x00&o\x1f\x5c\xae\xaaw\
\x00\x00\x00\x00\x00\xc0\x08-\xf6\xdf\xd9\x01\x00&At\
\x09\x00LZ\xd767\x11\x5c\x02\x00\x00\x00\x00\xc0k\
\xac\x84\x97\x00\xc0T\xfc\xadz\x00\x00@\x95\xaemV\
I|\x04\x02\x00\x00\x00\x00\x80\xc3\xb8\x9e-\xb7\xeb\xea\
\x11\x00\x00\xc7$\xba\x04\x00&Ip\x09\x00\x00\x00\x00\
\x00G!\xbc\x04\x00\xce\x9a\xe8\x12\x00\x98\x9c\xaem\x16\
I\xee\x93\xcc\xab\xb7\x00\x00\x00\x00\x00\xc0\x99\xd9%\xf9\
a\xb6\xdcn\xaa\x87\x00\x00\x1c\x83\xe8\x12\x00\x98\x14\xc1\
%\x00\x00\x00\x00\x00\x1c\x9d\xf0\x12\x008[\xa2K\x00\
`2\xba\xb6\x99'\xf9\x94\xe4\xa2x\x0a\x00\x00\x00\x00\
\x00\x9c\xbbM\xfa\xf0rW=\x04\x00\xe0\x90\xdeT\x0f\
\x00\x008\x85}py\x1f\xc1%\x00\x00\x00\x00\x00\x9c\
\xc2\x1f/O\x01\x00\x9c\x15\xd1%\x000\x15\x1f\xd3\x7f\
\xe0\x01\x00\x00\x00\x00\x00Nc\xd1\xb5\xcdm\xf5\x08\x00\
\x80C\x12]\x02\x00go\xffA\xe7\xb2z\x07\x00\x00\
\x00\x00\x00L\xd0\xaak\x9b\xb7\xd5#\x00\x00\x0e\xe5o\
\xd5\x03\x00\x00\x8e\xa9k\x9b\xf7In\xaaw\x00\x00\x00\
\x00\x00\xc0\xc4]\xcf\x96\xdbu\xf5\x08\x00\x80\xd7\x12]\
\x02\x00g\xabk\x9bU\x12\xcf\x96\x00\x00\x00\x00\x00\xc0\
0\xfc}\xb6\xdcn\xaaG\x00\x00\xbc\x86\xe8\x12\x008\
K]\xdb\x5c%\xf9X\xbd\x03\x00\x00\x00\x00\x00\xf8\xb7\
]\x92\x1f\x84\x97\x00\xc0\x98\x89.\x01\x80\xb3\xd3\xb5\xcd\
\x22\xc9}\x92y\xf5\x16\x00\x00\x00\x00\x00\xe0O6\xe9\
\xc3\xcb]\xf5\x10\x00\x80\x97xS=\x00\x00\xe0\x90\xba\
\xb6\xb9\x88\xe0\x12\x00\x00\x00\x00\x00\x86\xea\x8f\xc3\x09\x00\
\x00\xa3$\xba\x04\x00\xceF\xd76\xf3\xf4O\x8a\x0b.\
\x01\x00\x00\x00\x00`\xb8\x16]\xdb\xdcV\x8f\x00\x00x\
\x09\xd1%\x00pN>\xa6\xff\x87,\x00\x00\x00\x00\x00\
0l\xab\xaemn\xaaG\x00\x00<\xd7\xdf\xaa\x07\x00\
\x00\x1c\xc2\xfe\x1f\xb1\xab\xea\x1d\x00\x00\x00\x00\x00\xc0\xb3\
\xfc8[n\xef\xaaG\x00\x00<\x95K\x97\x00\xc0\xe8\
\xed\xff\x09\xbb\xaa\xde\x01\x00\x00\x00\x00\x00<\xdbm\xd7\
6^\xb1\x02\x00F\xc3\xa5K\x00`\xd4\xba\xb6Y%\
\xb9\xad\xde\x01\x00\x00\x00\x00\x00\xbc\xd8.\xc9\xff\xcc\x96\
\xdb]\xf5\x10\x00\x80\xef\x11]\x02\x00\xa3\xb5\xff\xe7\xeb\
\xa7\xea\x1d\x00\x00\x00\x00\x00\xc0\xabm\x92\xfc \xbc\x04\
\x00\x86\xce\xf3\xe2\x00\xc0(ums\x91\xe4\xbez\x07\
\x00\x00\x00\x00\x00p\x10\x8b$\xef\xabG\x00\x00|\x8f\
\xe8\x12\x00\x18\x9d\xaem\xe6I>&\x99Wo\x01\x00\
\x00\x00\x00\x00\x0ef\xd5\xb5\xcdM\xf5\x08\x00\x80o\x11\
]\x02\x00c\xf41\xfd?^\x01\x00\x00\x00\x00\x80\xf3\
\xf2\xbek\x9b\xab\xea\x11\x00\x00\x7fEt\x09\x00\x8cJ\
\xd76\xb7I.\xabw\x00\x00\x00\x00\x00\x00Gs\xdb\
\xb5\x8d\xe3\x0b\x00\xc0 \xfd\xadz\x00\x00\xc0Sum\
\xb3Jr[\xbd\x03\x00\x00\x00\x00\x008\xba\xc7$\x7f\
\x9f-\xb7\xbb\xea!\x00\x00_r\xe9\x12\x00\x18\x85\xfd\
S\x22\x82K\x00\x00\x00\x00\x00\x98\x86\x8b$\x1f\xabG\
\x00\x00\xfc'\xd1%\x000x\xfb'D\x04\x97\x00\x00\
\x00\x00\x000-\x97]\xdb\xfc?{\xf7\x9b\x1bW\x9d\
\xaf\x09\xfc{\xea\xe0\xc2\x95\x94C\x85\xa2-Y\xca\xc8\
NZ Q\xe2\x85\xb3\x83D\xb5\x81\xb0\x82\xce]A\
\xa7W\x90\xdc\x15\xa4w\x90\xbb\x03\xd8@\x09v\x10^\
\x5c\xd5H\x8c\xee%h\x90\x90r\xc7t\x01'qp\
(\xd7\xbc86I\x80\x80c\xbb\xeaw\xfe|>\x12\
\x9a\xa6{\xba\xfb\x99\xb9W\xdd\x87:\xcfy\xbe\xde\x0f\
\x00\x00\x95\xe2\xbc8\x00Pi\xc5d4\x88\x88\x87Q\
~\xd1\x0a\x00\x00\x00\x00\x00\xb4\xcf\xbf\xf5\xc7\xd3\xffH\
\x1d\x02\x00 \xc2\xd2%\x00P}\x9f\x85\xc2%\x00\x00\
\x00\x00\x00\xb4\xd9\x83\xa3\xabX\x00\x00\xc9)]\x02\x00\
\x95ut2\xc4\x8f(\x00\x00\x00\x00\x00\xc0g\xc5d\
\xb4\x93:\x04\x00\x80\xd2%\x00PI\xc5dt'\x22\
n\xa7\xce\x01\x00\x00\x00\x00\x00T\xc2 \x22>)&\
\xa3A\xea \x00@\xbb)]\x02\x00\x95SLF\xb7\
\x22\xe2~\xea\x1c\x00\x00\x00\x00\x00@\xa5\xec\x86\xf7\x07\
\x00@bJ\x97\x00@\xa5\x14\x93\xd1nD<H\x9d\
\x03\x00\x00\x00\x00\x00\xa8\xa4\xdbG\xd7\xb2\x00\x00\x92\xc8\
R\x07\x00\x008vt\x12\xe4\xb3(\xbfT\x05\x00\x00\
\x00\x00\x00x\x9d\x9b\xfd\xf1\xf4\xf3\xd4!\x00\x80\xf6\xb1\
t\x09\x00T\xc9'\xa1p\x09\x00\x00\x00\x00\x00\xfc\xb9\
O\x8a\xc9h'u\x08\x00\xa0}\x94.\x01\x80J(\
&\xa3\xfb\x11q#u\x0e\x00\x00\x00\x00\x00\xa0\x16\x06\
Q\x16/\x07\xa9\x83\x00\x00\xed\xa2t\x09\x00$WL\
F\xb7#\xe2N\xea\x1c\x00\x00\x00\x00\x00@\xad\xecF\
\xc4\xfd\xd4!\x00\x80v\xc9R\x07\x00\x00\xda\xad\x98\x8c\
v#\xe2\xb3(\xbfH\x05\x00\x00\x00\x00\x00xS\xff\
\xe8\x8f\xa7\xffL\x1d\x02\x00h\x07\xa5K\x00 \x99\xa3\
\x93\x1f_\x85\xc2%\x00\x00\x00\x00\x00p67\xfb\xe3\
\xe9\xe7\xa9C\x00\x00\xcd\xe7\xbc8\x00\x90\x92\x85K\x00\
\x00\x00\x00\x00\xe0<|r4\xf6\x00\x00\xb0TJ\x97\
\x00@\x12\xc5d\xf4 \x22vS\xe7\x00\x00\x00\x00\x00\
\x00\x1aa\x10\xe5\xd8\x03\x00\xc0R)]\x02\x00+W\
LF\xb7#\xe2v\xe2\x18\x00\x00\x00\x00\x00@\xb3\xec\
\x1e\x8d>\x00\x00,M\x96:\x00\x00\xd0.\xc5d\xb4\
\x1b\x11\x0fS\xe7\x00\x00\x00\x00\x00\x00\x1a\xeb\xdf\xfa\xe3\
\xe9\x7f\xa4\x0e\x01\x004\x93\xd2%\x00\xb02\xc5d4\
\x88\x88\xaf\xa2<\xf1\x01\x00\x00\x00\x00\x00\xb0\x0c\xb3\x88\
\xb8\xd9\x1fO\xbfH\x1d\x04\x00h\x1e\xe7\xc5\x01\x80U\
\xfa,\x14.\x01\x00\x00\x00\x00\x80\xe5\x1aD\xc4'G\
c\x10\x00\x00\xe7J\xe9\x12\x00X\x89b2z\x10\x11\
\xbb\xa9s\x00\x00\x00\x00\x00\x00\xad\xb0\x13\x11\x0fR\x87\
\x00\x00\x9aG\xe9\x12\x00X\xbab2\xba\x1d\x11\xb7\x13\
\xc7\x00\x00\x00\x00\x00\x00\xda\xe5V1\x19\xddK\x1d\x02\
\x00h\x96,u\x00\x00\xa0\xd9\x8a\xc9h7\x9c\x15\x07\
\x00\x00\x00\x00\x00\xd2\xb9\xd9\x1fO?O\x1d\x02\x00h\
\x06\xa5K\x00`i\x8a\xc9h\x10\x11\x0f\xa3<\xe1\x01\
\x00\x00\x00\x00\x00\x90\xc2,\x22\xae\xf6\xc7\xd3Y\xea \
\x00@\xfd9/\x0e\x00,\xd3'\xa1p\x09\x00\x00\x00\
\x00\x00\xa45\x88\xf2*\x17\x00\xc0\x99)]\x02\x00K\
QLF\xf7\x22\xe2F\xe2\x18\x00\x00\x00\x00\x00\x00\x11\
\x11\xbb\xc5dt?u\x08\x00\xa0\xfe\x9c\x17\x07\x00\xce\
]1\x19\xdd\x8ar\xe5\x12\x00\x00\x00\x00\x00\xa0J>\
\xee\x8f\xa7\x9f\xa6\x0e\x01\x00\xd4\x97\xd2%\x00p\xae\x8a\
\xc9h'\x22\x1eFy\xaa\x03\x00\x00\x00\x00\x00\xa0J\
f\x11q\xbd?\x9e>J\x1d\x04\x00\xa8'\xe7\xc5\x01\
\x80sSLF\x83(\x17.\x15.\x01\x00\x00\x00\x00\
\x80*:~\x97\x01\x00p*J\x97\x00\xc0y\xba\x1f\
\x11\xbb\xa9C\x00\x00\x00\x00\x00\x00\xfc\x81\xddb2z\
\x90:\x04\x00POJ\x97\x00\xc0\xb9(&\xa3\xdb\x11\
q;q\x0c\x00\x00\x00\x00\x00\x80\x93\xb8}\xf4n\x03\
\x00\xe0\x8dd\xa9\x03\x00\x00\xf5WLF\xbb\x11\xf1Y\
8+\x0e\x00\x00\x00\x00\x00\xd4\xc7,\x22n\xf6\xc7\xd3\
/R\x07\x01\x00\xeaC\xe9\x12\x008\x93b2\x1aD\
\xc4\xc3\x88\xd8I\x1c\x05\x00\x00\x00\x00\x00\xe0M}\x11\
e\xf1r\x96:\x08\x00P\x0f\xce\x8b\x03\x00g\xf5 \
\x14.\x01\x00\x00\x00\x00\x80z\xda\x8d\x88\xfb\xa9C\x00\
\x00\xf5\xa1t\x09\x00\x9cZ1\x19\xdd\x89\x88[\xa9s\
\x00\x00\x00\x00\x00\x00\x9c\xc1\xedb2\xf2\xbe\x03\x008\
\x11\xe7\xc5\x01\x80S)&\xa3\xdd(\xcf\x8a\x03\x00\x00\
\x00\x00\x00\xd4\xdd,\x22\xae\xf7\xc7\xd3G\xa9\x83\x00\x00\
\xd5f\xe9\x12\x00xc\xc5d4\x88\x88\xcfR\xe7\x00\
\x00\x00\x00\x00\x008'\x83\x88\xf8$u\x08\x00\xa0\xfa\
\x94.\x01\x80\xd3\xf8$\xca\x1f\x1f\x00\x00\x00\x00\x00\x00\
\x9ab\xb7\x98\x8c\xee\xa7\x0e\x01\x00T\x9b\xd2%\x00\xf0\
F\x8a\xc9\xe8^D\xdcH\x1c\x03\x00\x00\x00\x00\x00`\
\x19\xee\x14\x93\xd1\xad\xd4!\x00\x80\xea\xcaR\x07\x00\x00\
\xea\xa3\x98\x8cn\x84\xb3\xe2\x00\x00\x00\x00\x00@\xb3\xcd\
\x22\xe2z\x7f<}\x94:\x08\x00P=\x96.\x01\x80\
\x13)&\xa3A\x94g\xc5\x01\x00\x00\x00\x00\x00\x9al\
\x10\x11\x0fR\x87\x00\x00\xaaI\xe9\x12\x008\xa9O\xa2\
\xfc\x91\x01\x00\x00\x00\x00\x00\xa0\xe9n\x14\x93\xd1\xbd\xd4\
!\x00\x80\xeaQ\xba\x04\x00\xfe\xd4\xd1\x8f\x0a7\x12\xc7\
\x00\x00\x00\x00\x00\x00X\xa5\xbb\xc5dt#u\x08\x00\
\xa0Z\xb2\xd4\x01\x00\x80j+&\xa3\xdd\x88x\x98:\
\x07\x00\x00\x00\x00\x00@\x02\xb3\x88\xb8\xda\x1fOg\xa9\
\x83\x00\x00\xd5`\xe9\x12\x00x\xadb2\x1aDyV\
\x1c\x00\x00\x00\x00\x00\xa0\x8d\x06\x11\xf1 u\x08\x00\xa0\
:\x94.\x01\x80?\xf2 \x22vR\x87\x00\x00\x00\x00\
\x00\x00H\xe8V1\x19\xddI\x1d\x02\x00\xa8\x06\xe7\xc5\
\x01\x80\xdfu\xf4\xe3\xc1\xfd\xd49\x00\x00\x00\x00\x1a\xa3\
\x93G\xbcu\xe1\xf7\xff\xb1\xb5^d\x9d|\xa5q\x16\
?\x15\xbf\xff\x0f\xcc\x7f\x8a\x98\x1f\xac4\x0b\x00\xd4\xc4\
\xf5\xfex\xfaE\xea\x10\x00@ZJ\x97\x00\xc0o\x14\
\x93\xd1nD<L\x9d\x03\x00\x00\x00\xa0R~U\x9a\
\xcc\xde\xee\xbf\xf8\xc7\xb2<b\xed\xc2\xaf\xfe\xbc\xb7\xc2\
pK6?x\xb5\x88\xf9\xabb\xe6+\x05\xce\x9f\x9f\
F\x1c\xceW\x18\x0e\x00V\xe6\x8b\x88\xb8\xd9\x1fOg\
\xa9\x83\x00\x00\xe9\xbc\x95:\x00\x00P-\xc5d4\x88\
\xf2\xac8\x00\x00\x00@;t7\xca\xff3\xefF\xf6\
V\xf7\xd5\xbf\xafi\xe5\xc9\xd3\xca\xbb\xe5\x1f\xbf\xe8\xbf\
\xf2\x0fg\xaf\xfe\xe9\x0b\xcf\xf7#\x16G\x05\xcc\x83\x1f\
#\x22b\xf1\xf3K\x05\xce\xa3\xbf\x0f\x00jb7\x22\
\xeeF\xc4?R\x07\x01\x00\xd2\xb1t\x09\x00\xbc\xa2\x98\
\x8c\x1eD\xc4\xed\xd49\x00\x00\x00\x00\xce\xc5Qy\xf2\
\x97U\xca\xb7z\x11\x9d\xb7~\xa7DHR\xc7\xe5\xcc\
\xa3\x05\xcd_\x8a\x99N\x9d\x03PM\x1f\xf7\xc7\xd3O\
S\x87\x00\x00\xd2P\xba\x04\x00~QLF\xb7\x22\xe2\
\x93\xd49\x00\x00\x00\x00N,\xefF\xe4oG\xac\xf5\
\x22\xeb\xe4/\x16*\xbb\xaf\x9b^\xa4\x96\xe6\xaf\x960\
\x17\xcf\xf7\xcb\x13\xe6\x962\x01Hc\x16\x11W\x9d\x19\
\x07\x80vr^\x1c\x00\x88\x88\x88b2\xda\x09g\xc5\
\x01\xe0\xcdt\xf2\x88\xb7.\x9c\xff\xbf\xae5\x1f\x00\x80\
W\xfd^\xb1\xd2Re\xbb\xfc\xf2?\xef\xb2L\xfb\xca\
\xaa\xc8\xe1<\xe2\xe7\xfd\x88\xe7O#\x16\xf3X\xfcT\
x\xa6\x06`\xd9\x06Q\x8eX\xdcL\x1d\x04\x00X=\
K\x97\x00@DD\x14\x93\xd1\xc3\x88\xd8M\x9d\x03\x00\
\x96\xeax\xf5(\x22\xa2\x93G\xb6\xd6{\xfd?~\xec\
\xad^Y\xae\xac\x92\xe3\xd3\x8b/\xfb\x9d\x97\xca\x8b\x9f\
\x8a\x97\xfe\xe4\xe7\xf2\x9f\x07\x00Pek\xbd\x88\xfc\xed\
\xf29\xed\xb8hi\xb1\x92\xb38xQ\xc0T\xc6\x04\
`\x09\xfe\xd1\x1fO\xff\x99:\x04\x00\xb0ZJ\x97\x00\
@\x14\x93\xd1\xbd\x88\xb8\x9b:\x07\x00\xbc\xb1\xe3\x17\xf1\
\x11\x91\xbd}\xf42>\xcb#\xd6.\xbc\xf4\xb7{\xaf\
\xf9'\xb7\xdc\xc1K\x85\xcc\x97N2\xfeR\xd4\xf42\
\x1a\x00X\xa6\xa3\xe7\xb8\xec\xed~\xf9\xb7\xdf\xba\xe0\xb9\
\x8d\xd5:(\x22\x9e?\x8d\xc5\xfc\xa0\xfc8\xc9\x99r\
\x00N\xefz\x7f<\xfd\x22u\x08\x00`u\x94.\x01\
\xa0\xe5\x8a\xc9\xe8FD|\x96:\x07\x00\xfc\xc6q\xa1\
2\xefF\xf6V\xf7\xd52\xa5\xb5\xa3\xd5:^\xd6<\
^\x08:\x9c\xbfX\xcd\xf4r\x1a\x00\xf83k\xbd\x88\
\xb7.\x94\xeb\x95k\x17\xaa\xb9$\x0e\x11\xe53\xee\xcf\
O_\xacb\xfe\xfc\xb4<]\x0e\x00\x7f\xec\x8b\xfex\
z=u\x08\x00`u\x94.\x01\xa0\xc5\x8a\xc9h\x10\
\x11\x0f#b'q\x14\x00\xda\xaa\xbb\xf1\xe2\xcc\xf7K\
%\xcb\xc8\xbb\xa9\x93\xf1\xa6\x8e\x973\x8fJ\x98\xbf,\
f*e\x02@\xbb\xac\xf5\x22\xba\x1b\x91\xe5\xdd\xb2`\
\xe9c\x19\xean~\x10q\xf0c,\x9e\xef[\xc4\x04\
\xe0\x8f\xfc\xb3?\x9e\xfe#u\x08\x00`5\x94.\x01\
\xa0\xc5\x8a\xc9\xe8\x93\x88\xb8\x95:\x07\x00\x0d\xb7\xd6+\
OG\xbe\x5c\xac\xb4n\xd4.\x87\xf3\x88\x9f\xf7_,\
e>\xdf/\xff>/\xac\x01\xa0\xde~\xbd`\xa9`\
I[\x1c\x95/\x17\xc7%\xcc\xf9A\xeaD\x00T\xc3\
\xcd\xfex\xfay\xea\x10\x00\xc0\xf2)]\x02@K\x15\
\x93\xd1\xed\x88x\x90:\x07\x00\x0d\xf2r\xb9\xf2\xad\xf2\
o\xc7Z/u*\xaa\xee\xb8\x90\xf9\xfci,\xe6\x07\
\xe5\x0b\xec\xa3r&\x00P!\x9d\xbc\x5c\xb0<Z\xb2\
\xf4\x11\x0d\xbc\xe4\xe8\x83\xa2\xc5AQ\x960\x9f\xef\xa7\
N\x04@\x1a\xb3\x88\xb8\xda\x1fOg\xa9\x83\x00\x00\xcb\
\xa5t\x09\x00-TLF;Q\x9e\x15\x1f$\x8e\x02\
@\x1du\xf2r\xd1\xe8\xed~\xb9\x5c\xf9\xd6\x05\xe5J\
\x96\xe3\xa0\x88\x98\xff\xf4\xe2\x94\xe3\xcfO\xcb\x17\xda\x00\
\xc0\xf2\x1d\xafX\xbe\xdd\xf7\xbc\x07\xa7qT\xc0\x5c\xfc\
TXx\x07h\x97O\xfb\xe3\xe9\xc7\xa9C\x00\x00\xcb\
\xa5t\x09\x00-TLF\x0f#b7u\x0e\x00j\
 \xefF\xac]x\xb1h\x94w\xcb? \x95\xe3e\
\xcc\x83\x1fc\xf1\xf3AY\xc4\xb4$\x04\x00gw\xf4\
\xbc\x97u\xfb\xe5s\x9f\x15K8_J\x98\x00m\xf2\
q\x7f<\xfd4u\x08\x00`y\x94.\x01\xa0e\x8a\
\xc9\xe8^D\xdcM\x9d\x03\x80\x0azy\xc1\xf2\xad^\
\xc4\xda\x05\x05K\xea\xe3h\x09\xf3\x97UL/\xb2\x01\
\xe0\x8f\xad\xf5\x22[\x1f\x94\xcf}J\x96\xb0z\xcff\
\xce\x91\x034\xd7,\x22\xae\xf7\xc7\xd3G\xa9\x83\x00\x00\
\xcb\xa1t\x09\x00-RLF7\x22\xe2\xb3\xd49\x00\
\xa8\x08'#i\xba\x97\x8b\x98^f\x03\xd0v\x96,\
\xa1\xba\x0e\xe7\x11?\xcd\xca\x15\xcc\x9ff\xe5\x9f\x03P\
w\x9f\xf7\xc7\xd3\x9b\xa9C\x00\x00\xcb\xa1t\x09\x00-\
QLF\x83\x88x\x18\x11;\x89\xa3\x00\x90Jw\xe3\
\xc5\x8a\xa5\x17\xed\xb4\xd5A\x11\xf1\xfc\xa5\x22\xe6\xfc \
u\x22\x00X\x8e\xbc[>\xff\xad\xbf\xe3\xd9\x0f\xea\xe6\
\xe8Yu\xf1\xec{\x0b\xee\x00\xf5\xf6\x8f\xfex\xfa\xcf\
\xd4!\x00\x80\xf3\xa7t\x09\x00-QLF\x0f\x22\xe2\
v\xea\x1c\x00\xac\xd0q\xc9\xb2\xbb\x11\xd1\xed\xa7N\x03\
\xd5t8/_d\xff\xbc_.\x0by\xa9\x0d@]\
u\xf2WK\x96y7u\x22\xe0<X\xc1\x04\xa8\xb3\
YD\xdc\xec\x8f\xa7_\xa4\x0e\x02\x00\x9c/\xa5K\x00\
h\x81b2\xba\x15\x11\x9f\xa4\xce\x01\xc0\x92)Y\xc2\
\xf98^\xc3<8*az\xb1\x0d@U\xad\xf5\x22\
[\x1fx\xfe\x8369(b\xf1l\x16\xf1lf\xb5\
\x1d\xa0\x1e\xbe\xe8\x8f\xa7\xd7S\x87\x00\x00\xce\x97\xd2%\
\x004\xdc\xd1Y\xf1\xaf\x22b\x90:\x0b\x00\xe7l\xad\
<\x13\x9eu\xfbNF\xc22\x1d\x9fwT\xc2\x04 \
\xb5\x97\xd7,\xdf\x1ex\xfe\x83\xb6\x9b\x1fD<\x9b\xc5\
b\x7f\xaf|f\x05\xa0\xaa\xfe\xbd?\x9e\xdeK\x1d\x02\
\x008?J\x97\x00\xd0p\xc5d\xf4ID\xdcJ\x9d\
\x03\x80s\xe0d$T\x83\x12&\x00\xab\x94w#\xd6\
\x07G\x8b\x96\xd6,\x81\xd78.`>\xfb\xbe|F\
\x05\xa0j\xae;3\x0e\x00\xcd\xa1t\x09\x00\x0dVL\
Fw\x22\xe2~\xea\x1c\x00\x9c\xc1\xf1\x9a\xa5\x97\xecP\
]J\x98\x00\x9c\xb7\xb5^d\xbda\xc4\xfa\xc0\x876\
\xc0\x9b;\x9cG\xfctT\xc0|6K\x9d\x06\x80\xd2\
\x17\x11q\xb3?\x9e\xfa\x0ff\x00h\x00\xa5K\x00h\
\xa8b2\xda\x89\x88\x87\xe1\xac8@\xfd\xac\x0f\xca\x93\
\xe1^\xb2C=\x1d\x95/\x17\xcff\xce<\x02pr\
\xeb\x03g\xc3\x81\xf3w\x5c\xc0|\xf2\xd8\xb3)@z\
\xff\xec\x8f\xa7\xffH\x1d\x02\x008;\xa5K\x00h\xa8\
b2\xfa,\x22n\xa4\xce\x01\xc0\x09t\xf2\x88\xb7\x07\
\x91\xbd\xdd\xf7\x92\x1d\x9a\xe6p~T\xc0<:\xf38\
?H\x9d\x08\x80\xaa\xf0\x0c\x08\xac\xda\xf1\x09\xf2\xfd=\
\x05L\x80tn\xf6\xc7\xd3\xcfS\x87\x00\x00\xceF\xe9\
\x12\x00\x1a\xa8\x98\x8c\xeeE\xc4\xdd\xd49\x00\xf8\x03\xc7\
/\xd9\xd7\xdf)\x17-\x81v8>E~\x5c\xc2\x04\
\xa0]<\x03\x02U1?(\xd7/\x9f\xcd|\x18\x04\
\xb0Z\x8f\x22\xe2\xba3\xe3\x00PoJ\x97\x00\xd00\
\xc5d\xb4\x1b\xe5Yq\x00\xaa\xc6Kv\xe0eV0\
\x01\xda\xc13 Pu\xcf\xf7\xcb\x02\xe6O\xb3\xf2\x19\
\x15\x80esf\x1c\x00jN\xe9\x12\x00\x1a\xa6\x98\x8c\
\x1eF\xc4n\xea\x1c\x00\x1c\xf1\x92\x1d8\xa9\xe7\xfb\x11\
?\xcdb\xf1l\xe6\xdc#@\xddy\x06\x04\xeaj\x7f\
\xaf\xfc(\xe8\x99\x016\x80%sf\x1c\x00jL\xe9\
\x12\x00\x1a\xc4Yq\x80\x8a\xf0\x92\x1d8\xab\xf9A\xc4\
\xb3Y,\x0e\x0a/\xbc\x01\xead\xfd\xe8\x19\xf0\xedA\
\xf9L\x08PW\xf3\x83\xb2\x80\xf9t\xcf\x22;\xc0r\
<\x0ag\xc6\x01\xa0\xb6\x94.\x01\xa0!\x9c\x15\x07\xa8\
\x00/\xd9\x81e8\x9c\x1f-`\x1e\x9d!w\xf2\x11\
\xa0Z\xd6z\x91]\xdc\xf4\x0c\x084\xd7AQ\x96/\
\xf7\xf7R'\x01h\x1ag\xc6\x01\xa0\xa6\x94.\x01\xa0\
\x01\x8a\xc9h\x10\x11\x9f\x85\xb3\xe2\x00\xab\xb7\xd6\x8b\xac\
7,\x17-\xf3n\xea4@\x1b<;*`\xfe4\
S\xc0\x04H%\xefFva\x18\xd1\x1bz\x06\x04\xda\
\xe3p^\xae_>yl\xfd\x12\xe0\xfc83\x0e\x00\
5\xa4t\x09\x00\x0dPLF\xf7#\xe2N\xea\x1c\x00\
\xad\xd1\xc9#z\xc3\xb2l\xb9\xd6K\x9d\x06h3\x05\
L\x80\xd5\xe9\xe4\x11o\x0f\xcaUK\xcf\x80@\xdbY\
\xbf\x048/\x8f\xc2\x99q\x00\xa8\x1d\xa5K\x00\xa8\xb9\
b2\xba\x11\xe5\xca%\x00\xcbv|>\xbc7L\x9d\
\x04\xe0\xb7\x140\x01\x96\xc33 \xc0\xeb\xcd\x0f\xca\xf5\
\xcb\xa7{\xd6/\x01N\xcf\x99q\x00\xa8\x19\xa5K\x00\
\xa8\xb1\xa3\xb3\xe2\x0f#b'q\x14\x80\xe6r:\x12\
\xa8#\x05L\x80\xb3\xc9\xbb\xe5\xa2\xe5\xfa\xc03 \xc0\
I\xed\xef\xc5\xe2\xe9w\x11\x07?\xa6N\x02PG\xce\
\x8c\x03@\x8d(]\x02@\x8d9+\x0e\xb0D\xeb\x83\
\xc8z\xef\x96/\xda\x01\xeal\x7f\xaf,`>s\xa9\
\x0c\xe0O\xf5\x86\xe5\x077\xdd~\xea$\x00\xf5\xf5|\
?\x16O\x1e;=\x0e\xf0f\x1e\x853\xe3\x00P\x1b\
J\x97\x00PS\xce\x8a\x03,A'/_\xb4_\xdc\
\xb4h\x044\xcf\xe1<\xe2\xa7\x99\xf5!\x80_[\xeb\
\x95\xcf\x7fo\x0f\xca\xe7A\x00\xce\xc7\xe1<\xe2\xe9\xe3\
\xb2\x80i}\x1d\xe0$\x9c\x19\x07\x80\x9aP\xba\x04\x80\
\x1arV\x1c\xe0\x9c\x1d\xbfh\xef\x0dS'\x01X\x8d\
\xf9Ay\x82\xfc\xc9\xe3\xf2o\x03\xb4M'\x8fx{\
P>\x03\xae\xf5R\xa7\x01h\xbe\xfd\xbdX\xfc\xf8\xad\
gO\x80?\xe7\xcc8\x00\xd4\x80\xd2%\x00\xd4\x90\xb3\
\xe2\x00\xe7\xc4\xf9H\x80\xf2\xfc\xe3\xfe^y\xfe\xd1\x02\
\x11\xd0ty\xf7\xc5\xc76V-\x01V\xef\xa0(\xcb\
\x97\x96\xd7\x01^\xe7Q83\x0e\x00\x95\xa7t\x09\x00\
5\xe3\xac8\xc0\x199!\x0e\xf0z\xcff\xb1\xd8\xff\
.\xe2\x99w;@\xc3\xf8\xd8\x06\xa0Z\x0e\x8aX<\
=\xfa\xf0\x07\x80_\xfb\xf7\xfexz/u\x08\x00\xe0\
\xf5\x94.\x01\xa0F\x9c\x15\x078\x03\xabF\x00'\xe7\
\xfc8\xd0\x04y\xb7,Z\xf6\x86>\xb6\x01\xa8\xaa\xf9\
A\xb9|\xa9|\x09\xf0k\xd7\xfb\xe3\xe9\x17\xa9C\x00\
\x00\xbf\xef\xad\xd4\x01\x00\x807r7\x14.\x01\xde\xcc\
Z\xefE\xd9\x12\x80\x93\xc9\xbb\x11\x177\xcb\xff\xfc|\
\xbe_\x96/\x7f\x9a9?\x0e\xd4Cw#\xb2\x0b\xef\
z\xfe\x03\xa8\x83\xbc\x1b\xd9`;bcK\xf9\x12\xe0\
U\x0f\x22\xe2z\xea\x10\x00\xc0\xef\xb3t\x09\x005Q\
LF\xbbQ\xae\x5c\x02p\x12\xdd\x8d\xc86\xb6\x9c\x90\
\x048/\x87\xf3\x88\x9f\x8e\xd6/\x9f\xef\xa7N\x03\xf0\
[\xbdaY\x16_\xeb\xa5N\x02\xc0i\x1d\xce#\x9e\
>.\x9f9}\xf0\x03\xe0\xcc8\x00T\x94\xd2%\x00\
\xd4D1\x19=\x8c\x88\xdd\xd49\x00*\xaf7,\xcf\
H*[\x02,\x8f\xf5K\xa0*:\xf9\x8bUs'\
\xc4\x01\x9aC\xf9\x12\xe0\xd8\xd5\xfex\xfa(u\x08\x00\
\xe0U\xce\x8b\x03@\x0d\x14\x93\xd1\xbdP\xb8\x04\xf8c\
\xbda\xb9l\xe9e;\xc0\xf2\xad\xf5\xca3\x90\x87W\
\xac_\x02i\xe4\xdd\xf2\xd9\xcf\x09q\x80f\xea\xe4\x11\
\xfd\xad\xc8.l*_\x02m\xf7 \x22n\xa6\x0e\x01\
\x00\xbc\xca\xd2%\x00T\x9c\xb3\xe2\x00\x7fB\xd9\x12\xa0\
\x1a\x0e\x8aX<\xdd\x8b\xd8\xdfK\x9d\x04h\xb2\xeeF\
\xf9\xecg\xd5\x1c\xa0],_\x02\xed\xf6\x8f\xfex\xfa\
\xcf\xd4!\x00\x80\x17\x94.\x01\xa0\xe2\x9c\x15\x07x\x0d\
eK\x80j:\x9cG\xec\xef\x95/\xc4\xe7\x07\xa9\xd3\
\x00M\xd1\x1b\x96g\xc4\xd7z\xa9\x93\x00\x90\xd2\xfc \
\x16?~\xebC\x1f\xa0mf\x11q\xdd\x99q\x00\xa8\
\x0e\xa5K\x00\xa8\xb0\xa3\xb3\xe2wS\xe7\x00\xa8\x14e\
K\x80\xfax6\x8b\xc5\x93\xff\x898\xf81u\x12\xa0\
\x8e:y\xc4\xdb\x03\xcf~\x00\xfc\x96\xf2%\xd0>\x9f\
\xf6\xc7\xd3\x8fS\x87\x00\x00JJ\x97\x00PQ\xc5d\
\xb4\x13\xe5Y\xf1A\xe2(\x00\xd5\xa0l\x09P_\xc7\
/\xc5\x7f\x9a9\x07\x09\xfc\xb9N^\xaeZ^\xd8,\
\x8b\x97\x00\xf0:\xf3\x83X\xcc\xbe\xf6\x91\x0f\xd0\x16\x1f\
\xf7\xc7\xd3OS\x87\x00\x00\x94.\x01\xa0\xb2\x8a\xc9\xe8\
\xb3\x88\xb8\x91:\x07@r\xdd\x8d\xc8\x06\xdb\xca\x96\x00\
M\xe0\xf48\xf0G\xf2nY\xb6\xec\x0d\x95-\x01x\
3\x07E\xf9\x91\x8f\xf2%\xd0l\xb3\x88\xb8\xda\x1fO\
g\xa9\x83\x00@\xdb)]\x02@\x05\x15\x93\xd1\x9d\x88\
\xb8\x9f:\x07@R\xdd\x8dr\xd9\xb2\xdbO\x9d\x04\x80\
e\xd8\xdf\x8b\xc5\xd3\xef\xbc\x18\x07\xca\xb2\xe5\xc6VY\
\xb6\x04\x80\xb3x6\x8b\xc5\x0f\xdf\xf8\xc0\x07h\xb2\x7f\
\xf6\xc7\xd3\x7f\xa4\x0e\x01\x00m\xa7t\x09\x00\x15SL\
F\x83\x88\xf8*\x9c\x15\x07\xda*\xefF6\xd8Q\xb6\
\x04h\x8b\x83\x22\x16O\xf7\x22\xf6\xf7R'\x01VM\
\xd9\x12\x80ey\xf28\x16\xc5\xb7\xe5\xd2:@\xf3\xdc\
\xec\x8f\xa7\x9f\xa7\x0e\x01\x00m\xf6V\xea\x00\x00\xc0o\
<\x08\x85K\xa0\x8d:yd\x97\xaex\xe9\x0e\xd06\
\xdd~d\xdd~\xc4\xc6Vy\x12\xf2\xa7\x99\x97\xe3\xd0\
t\xca\x96\x00,\xdb\xc5\xcd\xc8z\xc3\x88\xa7\x8f\xcbg\
L\x80fy\x10\x11WS\x87\x00\x806\xb3t\x09\x00\
\x15RLF\xb7\x22\xe2\x93\xd49\x00V\xaa\x93Gv\
q3\xe2\xc2fD'O\x9d\x06\x80\xd4\x0e\xe7\xe5\xcb\
\xf1'\x8f\x95/\xa1i\x94-\x01Ha~P\x9e\x1c\
\x7f6K\x9d\x04\xe0<\xfd{\x7f<\xbd\x97:\x04\x00\
\xb4\x95\xd2%\x00T\xc4\xd1Y\xf1\x87\x11\xb1\x938\x0a\
\xc0\xea\xf4\x86\xe5\x8b\xf7\xbc\x9b:\x09\x00U\xb4\xbfW\
.\x13\xcd\x0fR'\x01\xceB\xd9\x12\x80*8(b\
1{\xe4\xd9\x12h\x92\xab\xfd\xf1\xf4Q\xea\x10\x00\xd0\
F\xce\x8b\x03@u\xdc\x0d\x85K\xa0-\xba\x1b\xe5\x8b\
\xf7n?u\x12\x00\xaa\xac7,\xcfB\xee\xef\x95\xcb\
\x97\xcf\xf7S'\x02\xde\x84\xb2%\x00U\xd2\xedG\xb6\
\xf9Q\xc4\x93\xc7\xb1(\xbe\xb5\xaa\x0e4\xc1\x83\x88\xb8\
\x99:\x04\x00\xb4\x91\xa5K\x00\xa8\x80b2\xda\x8dr\
\xe5\x12\xa0\xd9:yd\x97\xaex\xf1\x0e\xc0\xe9\x1c\x14\
\xe5\xf2\xe5\xc1\x8f\xa9\x93\x00\x7fD\xd9\x12\x80\xaa;\x9c\
\x97'\xc7\xf7\xf7R'\x018\xab\x7f\xeb\x8f\xa7\xff\x91\
:\x04\x00\xb4\x8d\xd2%\x00T@1\x19=\x8c\x88\xdd\
\xd49\x00\x96)\xdb\xd8\x8a\xb8\xb0\x19\xd1\xc9SG\x01\
\xa0\xee\x94/\xa1\x9a\x94-\x01\xa8\x9b\x83\x22\x16?\xfc\
_\x8b\xea@\x9d\xcd\xa2<3>K\x1d\x04\x00\xda\xc4\
yq\x00H\xac\x98\x8c\xee\x85\xc2%\xd0d\xdd\x8d\xc8\
\x06\xdb\x11y7u\x12\x00\x9a\xa2\xdb\x8fl\xf8~\xf9\
\x92\xfc\xe9\x9e\x85\x22H\xcd\x9a9\x00u\xd5\xedG\xf6\
\xde\x87N\x8e\x03u6\x88\x88\xfb\x11\xf1o\xa9\x83\x00\
@\x9bX\xba\x04\x80\x84\x8a\xc9h'\xca\xb3\xe2\x83\xc4\
Q\x00\xce_'\x8f\xec\x9d\xed\x88u\xff\x11\x07\xc0\x92\
\xcd\x0f\xca\xe5K\xe5KX\xadN\x1e\xd9\xc5Mk\xe6\
\x004\xc3\xe1<\x16\xdf\x7f\x1d\xf1\xccX\x1cPK7\
\xfb\xe3\xe9\xe7\xa9C\x00@[X\xba\x04\x80\xb4\x1e\x84\
\xc2%\xd0D\x177#\xeboy\xf9\x0e\xc0j\xe4\xdd\
rUycK\xf9\x12V$\xdb\xd8R\xb6\x04\xa0Y\
:yd\x97\xaf\x95k\xea\xb3G\x11\xf3\x83\xd4\x89\x00\
\xde\xc4\xfd\x88\xb8\x9e:\x04\x00\xb4\x85\xa5K\x00H\xa4\
\x98\x8cnE\xc4'\xa9s\x00\x9c\xab\xb5^d\xef\xec\
D\xac\xf5R'\x01\xa0\xcd,_\xc2\xf2\xf4\x86e\xe1\
2\xef\xa6N\x02\x00\xcbs8\x8fx\xfa\xb8|\xa6\x04\
\xa8\x8f\x7f\xef\x8f\xa7\xf7R\x87\x00\x806P\xba\x04\x80\
\x04\x8a\xc9h\x10\xe5Y\xf1\x9d\xc4Q\x00\xceG'/\
\x97-/n\xa6N\x02\x00/(_\xc2\xf9\xe9n\x94\
\x8b\xb2\xca\x96\x00\xb4\xc9\xf3\xfdX|\xff(\xe2\xf9~\
\xea$\x00'1\x8b\x88\xeb\xfd\xf1\xf4Q\xea \x00\xd0\
t\x9d\xd4\x01\x00\xa0\xa5\xee\x86\xc2%\xd0\x14\xdd\x8d\xc8\
\xde\xfbP\xe1\x12\x80\xea9:;\x9em~\x14\xd1\x1b\
\xa6N\x03\xf5\xb4\xd6\x8bl\xf8Ad\xc3\xf7\x15.\x01\
h\x9f\xb5^d\xef}X\xae<w\xf2\xd4i\x00\xfe\
\xcc \xca3\xe3\x00\xc0\x92Y\xba\x04\x80\x15+&\xa3\
\xdd(W.\x01\xea\xad\x93Gv\xe9\x8a\x12\x0b\x00\xf5\
qP\x94\xcb\x97\x07?\xa6N\x02\xd5\x97w\xcb\x82\x89\
g=\x00(\xcd\x0fb1\xfb\xda\xb3$P\x07\x1f\xf7\
\xc7\xd3OS\x87\x00\x80&S\xba\x04\x80\x15+&\xa3\
\x87\x11\xb1\x9b:\x07\xc0\x99\xac\x0f\x22{g\xdb\xca\x03\
\x00\xf5\xa4|\x09\xaf\xd7\xc9#\xbb\xb8\x19qa\xd3\xb3\
\x1e\x00\xfc\x9e'\x8fcQ|\x1bq8O\x9d\x04\xe0\
u\x1eEyf|\x96:\x08\x004\x95\xf3\xe2\x00\xb0\
B\xc5dt'\x14.\x81:\xeb\xe4\x91]\xbe\x16\xd9\
\xe5k^\xc2\x03P_\xdd~d\xc3\xf7#\x1b~\x10\
\xb1\xd6K\x9d\x06\xaa\xa37\x8c\xec/\x1fE\xf4\x9dP\
\x05\x80\xd7\xba\xb8\x19\xd9{\x1fFt7R'\x01x\
\x9d\x9d\x88\xb8\x93:\x04\x004\x99\xa5K\x00X\x91b\
2\x1aD\xc4W\x111H\x9d\x05\xe0T\xac[\x02\xd0\
T\xfb{\xe5\xf2\xe5\xfc u\x12H\xa3\xbb\x11\xd9\xa5\
+J\xc8\x00\xf0\xa6\x9e<\x8e\xc5\x0f\xdf\xa4N\x01\xf0\
:W\xfb\xe3\xe9\xa3\xd4!\x00\xa0\x89\xdeJ\x1d\x00\x00\
Z\xe4~(\x5c\x02u\xd4\xc9\xcb\x97\xf0\xbda\xea$\
\x00\xb0\x1c\xbdad\xbdaY\xbe\xfc\xe1\x1b\xa7\x22i\
\x8f\xbc[>\xe7\xad\xfbKU\x008\x95\x8b\x9b\x91u\
7b\xf1\xfd\xa3\x88\xe7\xfb\xa9\xd3\x00\xfc\xda\x83\x88\xb8\
\x99:\x04\x004\x91\xa5K\x00X\x81b2\xba\x11\x11\
\x9f\xa5\xce\x01\xf0\xc6\xba\x1b\x91\x0d\xb6#\xf2n\xea$\
\x00\xb0\x1a\x87\xf3\x88\xa7\x8fc\xf1\xe4\xb1\xf2%\xcd\xd5\
\xc9#\xbb\xb8\x19qa\xd3\x8a9\x00\x9c\x97\xe2\xdbr\
=\x1d\xa0Z>\xee\x8f\xa7\x9f\xa6\x0e\x01\x00M\xa3t\
\x09\x00+PL]\x1f\xe5y\x00\x00 \x00IDA\
TF\x0f#b7u\x0e\x807\x91]\xba\x12qq\
3u\x0c\x00H\xe3p^\xae^\xee\xef\xa5N\x02\xe7\
k}P>\xe7\xf9\xa8\x06\x00\xce\xdf\xf3\xfdX\xfc\xeb\
\xbf\x22\xe6\x07\xa9\x93\x00\x1c{\x14\x11\xd7\xfb\xe3\xe9,\
u\x10\x00h\x92N\xea\x00\x00\xd0t\xc5dt/\x14\
.\x81:Y\xebE\xf6\xde\x87\x0a\x97\x00\xb4['\x8f\
l\xb0\x1d\xd9\xe6GN/\xd3\x0cy7\xb2\xe1\x07\x91\
]\xbe\xa6p\x09\x00\xcbr\xfc\x9bJo\x98:\x09\xc0\
\xb1\x9d\x88\xb8\x93:\x04\x004\x8d\xa5K\x00X\xa2b\
2\xda\x89\x88\x87\x11\xe1--P\x0f\x177#\xebo\
93\x09\x00\xbfvP\x94\xe7\x22\x0f~L\x9d\x04\xde\
\xcc\xf1)\xf1\xfeV\xea$\x00\xd0.\xcff\xb1\xf8\xfe\
\xeb\x88\xc3y\xea$\x00\x11\x11W\xfb\xe3\xe9\xa3\xd4!\
\x00\xa0),]\x02\xc0r\xdd\x0f\x85K\xa0\x0e:y\
d\x97\xaf\x95\xa7&\x15.\x01\xe0\xb7\xba\xfd\xc8\x86\xef\
G6\xd8\xb6\x12H}\xac\x0f\xca\xb5-\x85K\x00X\
\xbd\xe3\xff\x1e\xeen\xa4N\x02\x10\x11\xf1 u\x00\x00\
h\x12K\x97\x00\xb0$\xc5dt#\x22>K\x9d\x03\
\xe0Ou7\xca3\x93\xca\x96\x00p2\x87\xf3\x88\xa7\
\x8fc\xf1\xe4\xb1\xe5\x22\xaa)\xefF6\xd8\x89\xe8\xf6\
S'\x01\x00\x22\x22\x8ao\xcb\xd5t\x80\xb4>\xee\x8f\
\xa7\x9f\xa6\x0e\x01\x00M`\xe9\x12\x00\x96\xc7W\x83@\
\xe5e\x1b[\x91\x0d\xdfW\xb8\x04\x807\xd1\xc9#\xfa\
[\xe5rQo\x98:\x0d\xbc\x22\xdb\xd8\x8al\xf3#\
\x85K\x00\xa8\x92\xfeVd\xc3\x0f\xfc\xfe\x02\xa4v?\
u\x00\x00h\x0a\xa5K\x00X\x82b2\xba\x17\x11;\
\x89c\x00\xbc^'/\x7f\xecwj\x12\x00N/\xef\
F6\xd8.\xff;\xd5\xd9HR\xebn\x94eK\xcf\
w\x00PM\xdd~d\x7f\xf9\xc8s#\x90\xd2\xce\xd1\
\xfb+\x00\xe0\x8c\x9c\x17\x07\x80sVLF\x83\x88\xf8\
*\x22\x06\xa9\xb3\x00\xfc.\xe7\xc4\x01`9\xf6\xf7b\
\xf1\xc37N\x8e\xb3Z\x9d<\xb2w\xb6#\xd6\xfd%\
(\x00\xd4\x86s\xe3@:\xb3\x88\xb8\xde\x1fO\x1f\xa5\
\x0e\x02\x00uf\xe9\x12\x00\xce\xdf\xfdP\xb8\x04*\xca\
9q\x00X\xa2\xde0\xb2\xbf|\x14\xd9\x86\xa5AV\
\xe4\xe8\x7f\xe7\x14.\x01\xa0f\x9c\x1b\x07\xd2\x19\x843\
\xe3\x00pf\x96.\x01\xe0\x1c\x15\x93\xd1\x8d\x88\xf8,\
u\x0e\x80\xdf\xb0\x80\x04\x00\xab5?\x88\xc5\xec\xeb\x88\
\x83\x1fS'\xa1\x89\xf2nd\x83\x9d\x88n?u\x12\
\x00\xe0,\x0e\xe7\xb1\xf8\xee\xcb\x88\xe7\xfb\xa9\x93\x00\xed\
s\xb3?\x9e~\x9e:\x04\x00\xd4\x95\xa5K\x008_\
\xbe\x0e\x04\xaag\xad\x17\xd9{\x1f*\x5c\x02\xc0*\xe5\
\xdd\xc8\x86\xefGv\xf9ZD\xdeM\x9d\x86\x06\xc96\
\xb6\x22\xdb\xfcH\xe1\x12\x00\x9a\xa0\x93\x97\xbf\xd9\x5c\xdc\
L\x9d\x04h\x1f\xef\xb3\x00\xe0\x0c\x94.\x01\xe0\x9c\x14\
\x93\xd1\x9d\x88\xd8M\x9d\x03\xe0\x15\xbdad\xef~\xa0\
\xec\x01\x00\xa9\xac\x0f\x22{\xefC'\xc79\xbb\xe3\x0f\
i\xfa\xfew\x09\x00\x9a&\xbbt%\xb2\xc1\xb6s\xe3\
\xc0*\xed\x1e\xbd\xd7\x02\x00N\xc1yq\x008\x07\xc5\
d4\x88\x88\xaf\x22\xc2\x8c\x1cP\x19\xd9\xa5+\x96\x12\
\x00\xa0J\x9c\x1c\xe74:yd\x177\x95-\x01\xa0\
\x0d\x9e\xef\xc7\xe2_\xff\x151?H\x9d\x04h\x87Y\
D\x5c\xed\x8f\xa7\xb3\xd4A\x00\xa0n,]\x02\xc0\xf9\
\xb8\x1b\x0a\x97@Ut\xf2\xc8\x86\x1f(\x5c\x02@\xd5\
\x1c\x9f\x1c\xb7b\xc4Iu7\xac[\x02@\x9b\x1c/\
[w7R'\x01\xdaa\x10\xe5\xfb-\x00\xe0\x0dY\
\xba\x04\x803*&\xa3\xdd\x88x\x98:\x07@D\x94\
?\xce\xbf\xb3\x13\xb1\xd6K\x9d\x04\x00\xf8#\x87\xf3X\
\x14\xdfF<y\x9c:\x09U\xd4\xc9#\xebo\xf9\x88\
\x06\x00Zl\xf1\xc37\x9e\x15\x81U\xb9\xda\x1fO\x1f\
\xa5\x0e\x01\x00ub\xe9\x12\x00\xce\xee~\xea\x00\x00\x11\
\x11\xb1>\x88\xec\xdd\x0f\x14.\x01\xa0\x0e:yd\x97\
\xae\x94\xeb\xd4\xfe\xbb\x9b\x97\x1d\xaf[*\x5c\x02@\xab\
e\x97\xae\x94\x0b\xe9\x00\xcb\xf7 u\x00\x00\xa8\x1bK\
\x97\x00p\x06\xc5dt+\x22>I\x9d\x03 .n\
Fv\xe9J\xea\x14\x00\xc0i\x15\xdf\xc6\xe2\xc9\xe3\x88\
\xc3y\xea$\xa4b\xdd\x12\x00\xf8=\xcf\xf7c\xf1\xdd\
\x97\x9e\x13\x81e\xfb\xb8?\x9e~\x9a:\x04\x00\xd4\x85\
\xa5K\x008\x1b+\x97@r\xd9`[\xe1\x12\x00\xea\
\xae\xbfU\xae\x1bv7R'!\x05\xeb\x96\x00\xc0\xeb\
\xac\xf5\xca\xe7\x04\xeb\xe8\xc0ry\xdf\x05\x00o@\xe9\
\x12\x00N\xa9\x98\x8c\xeeE\xc4N\xe2\x18@\x9bu\xf2\
\xf2$io\x98:\x09\x00p\x1e\xf2nd\xc3\xf7#\
\xbb|-\xa2\x93\xa7N\xc3\x8a\x94g\xe6\xdf\x8f\xc8\xbb\
\xa9\xa3\x00\x00U\x95w#{\xf7\x83\x88\xf5A\xea$\
@s\xed\x1c\xbd\xf7\x02\x00N\xc0yq\x008\x85b\
2\x1aD\xc4W\x11\xe1W. \x8d\xbc\x1b\xd9\xe5\xbf\
Z9\x00\x80\xa6:\x9c\xc7\xe2\xfb\xaf#\x9e\xcdR'\
aY\xd6z\x91\xbd\xb3\xe3y\x0e\x00x#\x8b\xd9\xd7\
\x11\xfb{\xa9c\x00\xcd4\x8b\x88\xab\xfd\xf1\xd4_\x88\
\x02\xc0\x9f\xb0t\x09\x00\xa7s?\x14.\x81T\x9c\x95\
\x02\x80\xe6\xeb\xe4\x91]\xbeV\xaeZ[@l\x9cl\
c\xcb\xf3\x1c\x00p*\xd9`;\xb2\xc1v\xea\x18@\
3\x0d\x22\xe2n\xea\x10\x00P\x07\x96.\x01\xe0\x0d\x15\
\x93\xd1nD<L\x9d\x03h\xa9\xde0\xb2KW\x9c\
\x1c\x05\x8069\x9c\xc7\xa2\xf86\xe2\xc9\xe3\xd4I8\
\xab\xbc\x1b\xd9`'\xa2\xdbO\x9d\x04\x00\xa8\xbbg\xb3\
r\x19\xfdp\x9e:\x09\xd0<W\xfb\xe3\xe9\xa3\xd4!\
\x00\xa0\xca,]\x02\xc0\x9b\xbb\x9f:\x00\xd0R\xbda\
\xb9d\xa0p\x09\x00\xed\xd2\xc9#\xbbt\xc5\xeae\xdd\
\xf5\x86\xe5\xba\xa5\xc2%\x00p\x1e\xd6\x07\x91\xbd\xfb\x81\
\xdf\x89\x80ex\x90:\x00\x00T\x9d\xa5K\x00x\x03\
\xc5dt+\x22>I\x9d\x03h\x9f\xec\xd2\x95\x88\x8b\
\x9b\xa9c\x00\x00\xa9Y\xbd\xac\x9fN\x1e\xd9;\xdb\x11\
\xeb\x83\xd4I\x00\x80&\x9a\x1f\xc4\xe2_\xff\x15\xf1|\
?u\x12\xa0Yn\xf6\xc7\xd3\xcfS\x87\x00\x80\xaa\xb2\
t\x09\x00o\xc6\xca%\xb0r\xd9`[\xe1\x12\x00(\
Y\xbd\xac\x97\xeeF\xb9n\xa9p\x09\x00,K\xde-\
\x17/\xd7z\xa9\x93\x00\xcdb\xed\x12\x00\xfe\x80\xd2%\
\x00\x9cP1\x19\xdd\x8b\x88\x9d\xc41\x806\xe9\xe4\x91\
]\xbe\x16\xd1\x1b\xa6N\x02\x00TM\xb7_\x96\xf9|\
\x98QY\xd9\xc6Vd\xc3\xf7\x95c\x01\x80\xe5\xeb\xe4\
e\xf1\xd2oH\xc0\xf9\xd9)&\xa3\xdb\xa9C\x00@\
U9/\x0e\x00'PLF\x83\x88\xf8*\x22\xcc\x93\
\x00\xabq\xfcc\xb9\x95\x02\x00\xe0\xcf\x1c\x14\xb1\x98=\
\x8a\x98\x1f\xa4NBD\xb96u\xf9\xaf\x9e\xe3\x00\x80\
$\x16\xb3\xaf#\xf6\xf7R\xc7\x00\x9aa\x16\x11W\xfb\
\xe3\xe9,u\x10\x00\xa8\x1aK\x97\x00p2wC\xe1\
\x12X\x15\x85K\x00\xe0MX\xbd\xac\x8e\xde\xb0\xfc\x9f\
\x85\xe78\x00 \x91l\xb0\xed\xb9\x108/\x83\x88\xb8\
\x93:\x04\x00T\x91\xa5K\x00\xf8\x13\xc5d\xb4\x13\xe5\
\xca%\xc0\xf2YF\x02\x00\xce\xc2\xeae\x1a\x9d<\xb2\
KW\x9c\xf4\x04\x00\xaac\x7f\xaf\x5c\xbd\x048\x9bY\
D\x5c\xef\x8f\xa7\x8fR\x07\x01\x80*\xb1t\x09\x00\x7f\
\xee~\xea\x00@K\xac\xf5,#\x01\x00gs\xbcz\
\xb9n\xa8\x7fe\xd6z\xe5J\xb9\xc2%\x00P%\xbd\
a\xb9z\x09p6\x83(\xaf\xc1\x01\x00/\xb1t\x09\
\x00\x7f\xa0\x98\x8cnD\xc4g\xa9s\x00-p\xfc\xb2\
\xbe\x93\xa7N\x02\x004\xc5\xb3Y,\xbe\xff:\xe2p\
\x9e:Is]\xdc,\x17.\x01\x00\xaa\xca\xe2%p\
>\xae\xf7\xc7\xd3/R\x87\x00\x80\xaa\xb0t\x09\x00\x7f\
\xcc\xd7{\xc0\xf2)\x5c\x02\x00\xcb\xb0>(W/\xbb\
\x1b\xa9\x934O'\x8f\xec\xf25\x85K\x00\xa0\xfaz\
\xc3\xc8._\xf3\xbb\x13pV\xae\xc2\x01\xc0K,]\
\x02\xc0k\x14\x93\xd1\xed\x88x\x90:\x07\xd0p\x0a\x97\
\x00\xc0*<y\x1c\x8b\x1f\xbeI\x9d\xa2\x19\xd6z\x91\
]\xfekD\xdeM\x9d\x04\x00\xe0\xe4\x9e\xef\xc7\xe2\xbb\
/\xad\xa0\x03gq\xb3?\x9e~\x9e:\x04\x00T\x81\
\xa5K\x00x=+\x97\xc0r)\x5c\x02\x00\xabrq\
\xb3\x5c\xbd\x5c\xeb\xa5NRo\xbda\xf9\xff\x8f\x0a\x97\
\x00@\xdd\xf8\x1d\x0a8;k\x97\x00pD\xe9\x12\x00\
~G1\x19\xdd\x8b\x88\x9d\xc41\x80&\xf3C7\x00\
\xb0j\xc7\xcf\x1f\x177S'\xa9\x9fN\x1e\xd9`;\
\xb2\xc1v\xea$\x00\x00\xa7\xe7\xf7(\xe0lv\x8f\xae\
\xc4\x01@\xeb9/\x0e\x00\xbfRLF\x83\x88\xf8*\
\x22\x06\xa9\xb3\x00\x0d\xe5\x07n\x00 \xb5g\xb3X|\
\xff\xb5\xf3\x92'\xb1\xd6\x8b\xec\x9d\x1d+\xa1\x00@s\
85\x0e\x9c\xde\xa3\xfexz5u\x08\x00H\xcd\xd2\
%\x00\xfc\xd6\x9dP\xb8\x04\x96E\xe1\x12\x00\xa8\x82\xf5\
Ad\x7f\xf9(\xa2\xbb\x91:I\xb5\xad\x0f\xcag7\
\x85K\x00\xa0I\xfc>\x05\x9c\xde\xce\xd1\xb58\x00h\
5K\x97\x00\xf0\x92b2\xda\x89r\xe5\x12\xe0\xfc\xf9\
A\x1b\x00\xa8\xa2'\x8fc\xf1\xc37\xa9STNv\
\xe9\x8aS\xec\x00@\xb3Y\xbc\x04Ng\x16\x11W\xfb\
\xe3\xe9,u\x10\x00H\xc5\xd2%\x00\xbc\xean\xea\x00\
@C)\x5c\x02\x00Uuq3\xb2\xf7>\x8c\xc8\xbb\
\xa9\x93TC'\x8fl\xf8\x81\xc2%\x00\xd0|~\xaf\
\x02Ng\x10\xe5\xd58\x00h-K\x97\x00p\xa4\x98\
\x8cv#\xe2a\xea\x1c@\x03\xf9\x01\x1b\x00\xa8\x83\xc3\
y,\xbe\xff:\xe2Y\x8b\xc7J<\xb7\x01\x00md\
\xf1\x128\x9d\xab\xfd\xf1\xf4Q\xea\x10\x00\x90\x82\xa5K\
\x00x\xe1~\xea\x00@\x03yq\x0f\x00\xd4E'\x8f\
\xec\xf2\xb5\xf2\xacv\x1b\xf5\x86\xe5\xe2\xa7\xe76\x00\xa0\
m\xfc~\x05\x9c\x8e\xebq\x00\xb4\x96\xa5K\x00\x88\x88\
b2\xba\x11\x11\x9f\xa5\xce\x014\x8c\x1f\xac\x01\x80\xba\
z\xbe\x1f\x8b\xef\x1fE<\xdfO\x9dd%\xb2\xc1v\
Do\x98:\x06\x00@Z\x16/\x817g\xed\x12\x80\
V\xb2t\x09\x00%_\xe3\x01\xe7K\xe1\x12\x00\xa8\xb3\
\xe3g\x99\xf5A\xea$\xcb\xd5\xc9\xcbuK\x85K\x00\
\x00\xbfg\x01\xa7\xe1\x8a\x1c\x00\xadd\xe9\x12\x80\xd6+\
&\xa3\xdb\x11\xf1 u\x0e\xa0A:yd\x7f\xf9\xc8\
\x0f\xd4\x00@3<y\x1c\x8b\x1f\xbeI\x9d\xe2\xfc)\
\x15\x00\x00\xfc\xbeg\xb3X\xfc\xeb\xbfS\xa7\x00\xea\xe3\
f\x7f<\xfd<u\x08\x00X%K\x97\x00`\xe5\x12\
8O\x9d\xdc\xcb{\x00\xa0Y.n\x96k\x90y7\
u\x92\xf3\xd3\x1b\x96\xffo\xf2\xcc\x06\x00\xf0[\xeb\x83\
\xc8\x06\xdb\xa9S\x00\xf5\xe1=\x1b\x00\xad\xa3t\x09@\
\xab\x1d\xad\x5c\xee$\x8e\x014\xc5q\xe1r\xad\x97:\
\x09\x00\xc0\xf9Z\xeb\x95%\xc5\x06\x9c\x1b\xcf.]Q\
\x22\x00\x00\xf83\xbd\xa1g&\xe0\xa4n\x14\x93\xd1\x8d\
\xd4!\x00`\x95\x94.\x01h;_\xdf\x01\xe7F\xe1\
\x12\x00h\xb4N\x1e\xd9\xe5k\x91ml\xa5Nr:\
\x9d<\xb2\xe1\x07\x11\x177S'\x01\x00\xa8\x07\xc5K\
\xe0\xe4\xee\xa7\x0e\x00\x00\xab\xa4t\x09@k\x15\x93\xd1\
\xbd\xb0r\x09\x9c\x93l\xb0\xadp\x09\x00\xb4C\x7f\xab\
,/\xd6\xe94\xf7Z\xaf\xfc@\xa6\xdbO\x9d\x04\x00\
\xa0^zC\x1f\xad\x00'\xb1{t]\x0e\x00Z!\
K\x1d\x00\x00R(&\xa3AD|\x15\x11\xf5\xbf\x8d\
\x07$\x97\x0d\xb6\xcb\x1f\xa0\x01\x00\xda\xe4p\x1e\x8b\xef\
\xbe\x8cx\xbe\x9f:\xc9\x1f\xebnDv\xf9Z\xbdJ\
\xa2\x00\x00\x15\xb3\x98}\x1d\xb1\xbf\x97:\x06Pm\x8f\
\xfa\xe3\xe9\xd5\xd4!\x00`\x15,]\x02\xd0VwB\
\xe1\x128\x07\xd9\xc6\x96\xc2%\x00\xd0N\x9d<\xb2\xf7\
>\xac\xf6\xb3Po\x18\xd9\xf0}\x85K\x00\x803\xf2\
\xd11p\x02;\xd6.\x01h\x0bK\x97\x00\xb4\x8e\x95\
K\xe0\xdc\xf4\x86\xe5\x0f\xce\x00\x00m\xb7\xbfW\xae\x1f\
UHv\xe9\x8aS\x98\x00\x00\xe7l\xf1\xff\xfew\xf5\
\x97\xce\x81\x94\xac]\x02\xd0\x0a\x96.\x01h#+\x97\
\xc0\xd9\xad\x0f\x14.\x01\x00\x8e\xf5\x86\xe5\xeae\xdeM\
\x9d\xa4\x5c\xe0\xbc|M\xe1\x12\x00`\x09\xb2w?\x88\
X\xeb\xa5\x8e\x01T\x97\xb5K\x00Z\xc1\xd2%\x00\xad\
RLF;Q\xae\x5c\x02\x9c\xdeZ\xaf\xfc\x81\xd9\x99\
J\x00\x80W\x1d\xcec\xf1\xaf\xff\x8e8\xf81\xcd\xbf\
\x7f'W\x04\x00\x00X\xb6\xc3y,\xfe\xe7?#\x0e\
\xe7\xa9\x93\x00\xd54\x8b\x88\xab\xfd\xf1t\x96:\x08\x00\
,\x8b\xa5K\x00\xda\xe6n\xea\x00@\xcd\x1d\xbf\xc8W\
\xb8\x04\x00\xf8\xadN\x1e\xd9\xf0\xfd\x88\xdep\xf5\xff\xde\
k\xbd\xc8\xfe\xf2\x91\xc2%\x00\xc0\xb2\xf9}\x0c\xf8c\
\x83(\xaf\xce\x01@cY\xba\x04\xa05\xac\x5c\x02g\
f9\x09\x00\xe0\xe4\xf6\xf7b1\xfbz5\xff^\xeb\
\x83\xc8\xde\xd9\xf6\xe2\x1f\x00`\x95\x0e\x8aX\xec}\x99\
:\x05PM\xd6.\x01h4K\x97\x00\xb4\x89\x95K\
\xe0L\xb2\xcb\x7fU\xb8\x04\x008\xa9\xde0\xb2\xf7>\
\x5c~\x11\xb27\x8c\xec\xf25\x85K\x00\x80U\xeb\xf6\
#\x1bl\xa7N\x01T\x93\xb5K\x00\x1a\xcd\xd2%\x00\
\xad`\xe5\x128\xabl\xb0\x9d\xe6L&\x00@\xdd\x1d\
\xcec\xf1\xdd\x97\x11\xcf\xf7\xcf\xfd_:\xbbt%\xe2\
\xe2\xe6\xb9\xff\xeb\x02\x00\xf0\x06\x8aoc\xf1\xe3\xb7\xa9\
S\x00\xd5c\xed\x12\x80\xc6\xb2t\x09@[X\xb9\x04\
N\xaf7T\xb8\x04\x008\xadN\x1e\xd9\xbb\x1f\x9c\xfb\
\xf3T6\xd8V\xb8\x04\x00\xa8\x82\xfe\x96\xdf\xce\x80\xdf\
c\xed\x12\x80\xc6\xb2t\x09@\xe3Y\xb9\x04\xce\xa4\xbb\
\x11\xd9\xf0\xfd\xd4)\x00\x00\x9a\xe1<V\x90:yd\
\x97\xff\x1a\xd1\xed\x9fO&\x00\x00\xcen\x89\xeb\xe6@\
\xadY\xbb\x04\xa0\x91,]\x02\xd0\x06V.\x81\xd3Y\
\xebEv\xf9Z\xea\x14\x00\x00\xcd\xd1\xdf*\x17*;\
\xf9\xe9\xfe\xf9\xc7\xab\x99\x0a\x97\x00\x00\xd5r\xfc\x9c\x96\
wS'\x01\xaa\xc5\xda%\x00\x8dd\xe9\x12\x80F\xb3\
r\x09\x9c\xda\xf1\x0f\xc5k\xbd\xd4I\x00\x00\x9a\xe7\xf9\
~\xb9\x84t8?\xf9?g\xadW.\x5cz\x91\x0f\
\x00P]\xa7y\xce\x03\x9a\xce\xda%\x00\x8dc\xe9\x12\
\x80\xa6{\x90:\x00PO\xd9\xe5\xbf*\x5c\x02\x00,\
\xcbZ/\xb2\xbf|t\xf2\xe7\xad\xb5\x9e\xe5$\x00\x80\
:X\xebE\xf6\xcev\xea\x14@\xb5X\xbb\x04\xa0q\
,]\x02\xd0X\xc5dt#\x22>K\x9d\x03\xa8\x9f\
\xec\xd2\x95\x88\x8b\x9b\xa9c\x00\x004\xdf\xe1<\x16?\
|\x13\xb1\xbf\xf7\xfa\xff;\xeb\x83\xf2\xc5\xfdiO\x92\
\x03\x00\xb0z\xc5\xb7\xb1\xf8\xf1\xdb\xd4)\x80\xea\xb0v\
\x09@\xa3X\xba\x04\xa0\xc9\xee\xa6\x0e\x00\xd4Po\xa8\
p\x09\x00\xb0*\x9d<\xb2\xc1\xf6\xeb\x9f\xbfz\xc3\xc8\
._S\xb8\x04\x00\xa8\x9b\xfeV\xf9;\x1b@\xc9\xda\
%\x00\x8db\xe9\x12\x80F\xb2r\x09\x9c\xca\xf1\xd9J\
/\xf5\x01\x00Vo\x7f/\x16\xb3\xaf_\xfcyoX\
\x162\x01\x00\xa8\xa7\xc3y,\xbe\xfb2\xe2\xf9~\xea\
$@5X\xbb\x04\xa01,]\x02\xd0TV.\x81\
7\xd3\xc9#\xbb\xfcW\x85K\x00\x80Tz\xc3\xc8\x86\
\xe5\x070\xd9\xa5+\x0a\x97\x00\x00u\xe7\xf76\xe0U\
\xd6.\x01h\x0cK\x97\x004\x8e\x95K\xe04\xb2\xe1\
\x07\x11\xdd~\xea\x18\x00\x00\x1c\xce\xbd\x98\x07\x00h\x92\
\x83\x22\x16{_\xa6N\x01T\x83\xb5K\x00\x1a\xc1\xd2\
%\x00Md\xe5\x12x#\xd9\xc6\x96\xc2%\x00@U\
(\x5c\x02\x004K\xb7\x1f\xd9\xa5+\xa9S\x00\xd5`\
\xed\x12\x80F\xb0t\x09@\xa3X\xb9\x04\xde\xd8\xfa \
\xb2\xcb\xd7R\xa7\x00\x00\x00\x00\x80F[\xcc\xbe\x8e\xd8\
\xdfK\x1d\x03H\xcf\xda%\x00\xb5g\xe9\x12\x80\xa6\xf9\
{\xea\x00@\x8d\xe4\xdd\xc8\xde\xd9N\x9d\x02\x00\x00\x00\
\x00\x1a/\xbbt%b\xad\x97:\x06\x90\x9e\xb5K\x00\
j\xcf\xd2%\x00\x8dQLF;\x11\xf1U\xea\x1c@\
Mt\xf2\xc8\xde\xfd\xc0\x0f\xbd\x00\x00\x00\x00\xb0*\xcf\
\xf7c\xf1\xdd\x97\x11\x87\xf3\xd4I\x80\xb4\xac]\x02P\
k\x96.\x01h\x92\xbb\xa9\x03\x00\xf5\xe1\xcbz\x00\x00\
\x00\x00X\xb1\xb5\x9e\xcb3@\x84\xb5K\x00j\xce\xd2\
%\x00\x8d`\xe5\x12x#\xbdad\x03?\xee\x02\x00\
\x00\x00@\x0a\x8b\x1f\xbe\x89x\xf28u\x0c -k\
\x97\x00\xd4\x96\xa5K\x00\x9a\xc2\xca%p2k\xbdr\
\xe5\x12\x00\x00\x00\x00H\xc2\x15\x1a \xac]\x02Pc\
\x96.\x01\xa8=+\x97\xc0\x89u\xf2\xc8\xde\xfd\xc0\x0f\
\xba\x00\x00\x00\x00\x90\xda\xfc \x16\xff\xef\x7fG\x1c\xce\
S'\x01\xd2\xb1v\x09@-Y\xba\x04\xa0\x09\xac\x5c\
\x02'\x92\xf5\xb7\x14.\x01\x00\x00\x00\xa0\x0a\xf2nd\
\xefl\xa7N\x01\xa4e\xed\x12\x80Z\xb2t\x09@\xad\
Y\xb9\x04Nl}\x10\xd9\xe5k\xa9S\x00\x00\x00\x00\
\x00/Y\xfc\xf0M\xc4\x93\xc7\xa9c\x00\xe9X\xbb\x04\
\xa0v,]\x02PwV.\x81?\xe7\xaby\x00\x00\
\x00\x00\xa8\xa4\xec\xd2\x15\xd7i\xa0\xdd\xac]\x02P;\
J\x97\x00\xd4\xd6\xd1\xca\xe5\xed\xc41\x80\x1a\xc8\x06;\
\x11\x9d<u\x0c\x00\x00\x00\x00\xe0wd\x97\xff\xea\xf7\
;h\xb7\xbf\xa5\x0e\x00\x00oB\xe9\x12\x80:\xbb\x9d\
:\x00P}\xd9\xc6VD\xb7\x9f:\x06\x00\x00\x00\x00\
\xf0:y\xb7\x5c\xbc\x04\xdaj\xa7\x98\x8cn\xa7\x0e\x01\
\x00'\xa5t\x09@-\x15\x93\xd1 \x22\xfe\x9e:\x07\
Pqk\xbd\x88\xfeV\xea\x14\x00\x00\x00\x00\xc0\x9f\xe9\
\x0d\xcb?\x80\xb6\xba\x9b:\x00\x00\x9c\x94\xd2%\x00u\
u'\x22\x06\xa9C\x00\x15\xd6\xc9\xcb\xb3D\x00\x00\x00\
\x00@-d\x97\xaeD\xe4\xdd\xd41\x804\xac]\x02\
P\x1bJ\x97\x00\xd4\x8e\x95K\xe0$\xb2\xfe\x96\x1fh\
\x01\x00\x00\x00\xa0N|H\x0dmg\xed\x12\x80ZP\
\xba\x04\xa0\x8e\xac\x5c\x02\x7fl}\x10qq3u\x0a\
\x00\x00\x00\x00\xe0M\xad\xf5\x22\xdb\xd8J\x9d\x02Hc\
\xa7\x98\x8cn\xa5\x0e\x01\x00\x7fF\xe9\x12\x80:\xfa[\
\xea\x00@\x85u\xf2\xc8\xde\xd9N\x9d\x02\x00\x00\x00\x00\
8\xad\xfeV\xc4Z/u\x0a \x0d\xd7\xee\x00\xa8<\
\xa5K\x00j\xa5\x98\x8cnG\xc4N\xe2\x18@\x85e\
\xeflGt\xf2\xd41\x00\x00\x00\x00\x803\xc8.\xff\
\xd5\xef|\xd0N7\x8a\xc9\xe8F\xea\x10\x00\xf0G\x94\
.\x01\xa8\x9b\xbb\xa9\x03\x00\x15\xd6\x1b\x96\xa7\xc5\x01\x00\
\x00\x00\x80z\xcb\xbb\x91\xf5\x9d\x19\x87\x96\xf2>\x10\x80\
JS\xba\x04\xa06\xac\x5c\x02\x7f(\xefFv\xe9J\
\xea\x14\x00\x00\x00\x00\xc0y\xb9\xb8\x19\xd1\xddH\x9d\x02\
X\xbd\x1b\xc5d\xb4\x9b:\x04\x00\xbc\x8e\xd2%\x00u\
\xf2\xf7\xd4\x01\x80\xea\xca\x06;\xce\x0d\x01\x00\x00\x00@\
\xc3d\x83m\xbf\xfbA;y/\x08@ee\xa9\x03\
\x00\xc0I\x14\x93\xd1\x8d\x88\xf8,u\x0e\xa0\xa2.n\
Z\xb9\x04\x00\x00\x00\x80\xa6z6\x8b\xc5\xbf\xfe;u\
\x0a`\xf5\xae\xf6\xc7\xd3G\xa9C\x00\xc0\xafY\xba\x04\
\xa0.\xee\xa6\x0e\x00TT\xde\x8d\xac\xbf\x95:\x05\x00\
\x00\x00\x00\xb0,\xeb\x83\xf2\x0f\xa0m\xbc\x1f\x04\xa0\x92\
,]\x02Py\xc5d\xb4\x1b\x11\x0fS\xe7\x00\xaa)\
\x1b~\x10\xd1\xed\xa7\x8e\x01\x00\x00\x00\x00,\xd3\xe1<\
\x16\xff\xf3\x9f\x11\x87\xf3\xd4I\x80\xd5\xba\xdc\x1fOg\
\xa9C\x00\xc0\xcb,]\x02P\x07\x7fO\x1d\x00\xa8\xa8\
\xdeP\xe1\x12\x00\x00\x00\x00\xda\xa0\x93G\xf6\xcev\xea\
\x14\xc0\xea\xddI\x1d\x00\x00~\xcd\xd2%\x00\x95VL\
F;\x11\xf1U\xea\x1c@\x05u\xf2\xc8\xfe\xf2QD\
'O\x9d\x04\x00\x00\x00\x00X\x91\xc5\xbf\xfe;\xe2\x99\
\xd1;h\x91YD\x5c\xb5v\x09@\x95X\xba\x04\xa0\
\xea\xac\x5c\x02\xbf+{g[\xe1\x12\x00\x00\x00\x00Z\
&\xbbt\xc5\xef\x82\xd0.\x83\x88\xb8\x9d:\x04\x00\xbc\
L\xe9\x12\x80\xca*&#\x7f\x11\x05\xfc\xbe\xf5A\xf9\
\x07\x00\x00\x00\x00\xd0.y7\xb2\xfeV\xea\x14\xc0j\
\x19i\x01\xa0R\x94.\x01\xa8\xb2;Q~\xbd\x06\xf0\
B'/\xbff\x07\x00\x00\x00\x00\xda\xe9\xe2fDw\
#u\x0a`uv\x8a\xc9\xe8v\xea\x10\x00pL\xe9\
\x12\x80*\xfb[\xea\x00@\xf5d\xfd\xad\x88\xbc\x9b:\
\x06\x00\x00\x00\x00\x90P6\xd8vf\x1c\xda\xc5\xda%\
\x00\x95\xa1t\x09@%\x1d}\xad\xb6\x938\x06P5\
\xdd\x8d\xf2+v\x00\x00\x00\x00\xa0\xdd\xf2nd~+\
\x846\xd9-&\xa3\x1b\xa9C\x00@\x84\xd2%\x00\xd5\
u7u\x00\xa0z\x9c\x15\x07\x00\x00\x00\x00~\xd1\xdf\
\x8aX\xeb\xa5N\x01\xac\x8e\xf7\x87\x00T\x82\xd2%\x00\
\x95s\xf4\x95\xdaN\xe2\x18@\xc5d\x1b~@\x05\x00\
\x00\x00\x00^\x95]\xfa_\xa9#\x00\xabs\xa3\x98\x8c\
vR\x87\x00\x00\xa5K\x00\xaa\xc8Wj\xc0\xab\xf2n\
\xc4\x05\xa7\x82\x00\x00\x00\x00\x80_\xe9\xf6#\x9c\x19\x87\
6\xf1\x1e\x11\x80\xe4\xb2\xd4\x01\x00\xe0eG_\xa7}\
\x95:\x07P-\xd9\xe5k\x11\xeb\x83\xd41\x00\x00\x00\
\x00\x80*:\x9c\xc7\xe2\x7f\xfe3\xe2p\x9e:\x09\xb0\
\x1a\x97\xfb\xe3\xe9,u\x08\x00\xda\xcb\xd2%\x00U\xe3\
\xeb4\xe0U\xdd\x0d\x85K\x00\x00\x00\x00\xe0\xf5:y\
d\x97\xae\xa4N\x01\xac\xce\x9d\xd4\x01\x00h7\xa5K\
\x00*\xa3\x98\x8c\x06\x11q;u\x0e\xa0Z\xb2\xc1v\
\xea\x08\x00\x00\x00\x00@\xd5\xf5\x86\xe5\x07\xdc@\x1b\xfc\
=u\x00\x00\xdaM\xe9\x12\x80*\xf1U\x1a\xf0\x8al\
c+\x22\xef\xa6\x8e\x01\x00\x00\x00\x00\xd4\x80\x0f\xb8\xa1\
5\x06\xc5dt;u\x08\x00\xdaK\xe9\x12\x80*\xf1\
U\x1a\xf0B\xde\x8d\xb8\xb0\x99:\x05\x00\x00\x00\x00P\
\x17y\xb7\xfc\x90\x1bh\x83\xbb\xa9\x03\x00\xd0^J\x97\
\x00T\xc2\xd1\xd7h\x83\xd49\x80\xea\xc8.]\x89\xe8\
\xe4\xa9c\x00\x00\x00\x00\x00ura\xd3\xf5\x1ch\x87\
\x9db2\xba\x91:\x04\x00\xed\xa4t\x09@UX\xb9\
\x04^\xe8nD\xac\xeba\x03\x00\x00\x00\x00o\xa8\x93\
[\xbb\x84\xf6\xf0~\x11\x80$\x94.\x01H\xee\xe8+\
\xb4\xdd\xd49\x80\xea\xc8\x06\xdb\xa9#\x00\x00\x00\x00\x00\
u\xd5\x1b\x96\x1fv\x03Mw\xab\x98\x8cvR\x87\x00\
\xa0}\x94.\x01\xa8\x02_\xa1\x01/\x5ct\xfe\x07\x00\
\x00\x00\x008\x9b\xec\xd2\x95\xd4\x11\x80\xd5\xb8\x9b:\x00\
\x00\xed\x93\xa5\x0e\x00@\xbb\x1d}}\xf6U\xea\x1c@\
Et\xf2\xc8\xfe\xf2QD'O\x9d\x04\x00\x00\x00\x00\
\xa8\xb9\xc5\xec\xeb\x88\xfd\xbd\xd41\x80\xe5\x9aE\xc4\xd5\
\xfex:K\x1d\x04\x80\xf6\xb0t\x09@jV.\x81\
_d\xfd-\x85K\x00\x00\x00\x00\xe0\x5cd\x97\xae\xf8\
\xbd\x11\x9ao\x10\x11\xb7S\x87\x00\xa0]\x94.\x01H\
\xa6\x98\x8c\xfcE\x10\xf0B\xde-O\x8b\x03\x00\x00\x00\
\x00\x9c\x87N^~\xe8\x0d4\x9d\x91\x17\x00VJ\xe9\
\x12\x80\x94nE\xf9\xf5\x19@d\x83\x9d\xd4\x11\x00\x00\
\x00\x00\x80\xa6\xb9\xb8Y~\xf0\x0d4\xd9N1\x19\xdd\
J\x1d\x02\x80\xf6P\xba\x04 \xa5\xbb\xa9\x03\x00\x15\xd1\
\xdd\x88\xe8\xf6S\xa7\x00\x00\x00\x00\x00\x1a(\xbbt%\
u\x04`\xf9\xac]\x02\xb02J\x97\x00$QLF\
7\x22b'q\x0c\xa0\x22\xfc\xe8\x09\x00\x00\x00\x00,\
\xcd\xfa\xa0\xfc\xf0\x1bh\xb2\x1b\xc5d\xb4\x93:\x04\x00\
\xed\xa0t\x09@*\xbe6\x03J\xbda\xc4Z/u\
\x0a\x00\x00\x00\x00\xa0\xc1|\xf8\x0d\xad\xe0\xca\x1e\x00+\
\x91\xa5\x0e\x00@\xfb\x1c}e\xf6U\xea\x1c@5d\
\x9b\x1fE\xe4\xdd\xd41\x00\x00\x00\x00\x80\x86[\xcc\xbe\
\x8e\xd8\xdfK\x1d\x03X\x9eYD\x5c\xed\x8f\xa7\xb3\xd4\
A\x00h6K\x97\x00\xa4p;u\x00\xa0\x1a\xb2\x8d\
-\x85K\x00\x00\x00\x00`%\xb2\x8d\xad\xd4\x11\x80\xe5\
\x1a\x84\xf7\x90\x00\xac\x80\xd2%\x00)8-\x0eDt\
\xf2\x88\x0b\x9b\xa9S\x00\x00\x00\x00\x00m\x91w\x15/\
\xa1\xf9\xbc\x87\x04`\xe9\x94.\x01X\xa9b2\xba\x1d\
\xe5Wf@\xcbe\x177\xcb\xe2%\x00\x00\x00\x00\xc0\
\xaa\x5c\xf0\xbb$4\xdcN1\x19\xddJ\x1d\x02\x80f\
S\xba\x04`\xd5\xfe\x96:\x00P\x01y\xd7\xca%\x00\
\x00\x00\x00\xb0z\x9d\xbc\xfc \x1ch2\xef#\x01X\
\xaa,u\x00\x00\xda\xa3\x98\x8cv#\xe2a\xea\x1c@\
z\xd9`;\xa27L\x1d\x03\x00\x00\x00\x00h\xa9\xc5\
\xe3\xff\x8c\x98\x1f\xa4\x8e\x01,\xcf\xd5\xfex\xfa(u\
\x08\x00\x9a\xc9\xd2%\x00\xab\xf4\xf7\xd4\x01\x80\x0a\xc8\xbb\
\x0a\x97\x00\x00\x00\x00@R\xd9\xc6V\xea\x08\xc0ry\
/\x09\xc0\xd2(]\x02\xb0\x12\xc5d4\x88\x88[\xa9\
s\x00\xe9\xf91\x13\x00\x00\x00\x00H\xae7,?\x10\
\x07\x9a\xeav\xea\x00\x004\x97\xd2%\x00\xabr;\x22\
\x06\xa9C\x00\x89Y\xb9\x04\x00\x00\x00\x00*\xc2\x07\xe2\
\xd0h\x83b2\xba\x9d:\x04\x00\xcd\xa4t\x09\xc0\xaa\
\x98\xf0\x07\xfc\x88\x09\x00\x00\x00\x00T\x87\xb5Kh:\
\xef'\x01X\x0a\xa5K\x00\x96\xae\x98\x8cnD\xc4N\
\xe2\x18@j\xdd\x0d+\x97\x00\x00\x00\x00@\xa5d\x83\
\x9d\xd4\x11\x80\xe5\xd9-&\xa3\xdd\xd4!\x00h\x1e\xa5\
K\x00V\xe1o\xa9\x03\x00\xe9Y\xb9\x04\x00\x00\x00\x00\
*\xa7\xdb/?\x18\x07\x9a\xca\xda%\x00\xe7.K\x1d\
\x00\x80f+&\xa3AD\xfc+u\x0e \xb1\xeeF\
d\xc3\xf7S\xa7\x00\x00\x00\x00\x00\xf8\xad\x83\x22\x16{\
_\xa6N\x01,\xcf\xe5\xfex:K\x1d\x02\x80\xe6\xb0\
t\x09\xc0\xb2\xddN\x1d\x00H\xcf\xca%\x00\x00\x00\x00\
PY\xd6.\xa1\xe9n\xa7\x0e\x00@\xb3(]\x02\xb0\
l&\xfb\xa1\xed\xba\x1b\xe5\x8f\x96\x00\x00\x00\x00\x00\x15\
\xe5\xc3qh4\xef+\x018WJ\x97\x00,M1\
\x19\xdd\x88\x88\x9d\xc41\x80\xc4\xfcX\x09\x00\x00\x00\x00\
T\x9e\xb5Kh\xb2\x9d\xa3\xf7\x96\x00p.\x94.\x01\
X\xa6\xbf\xa5\x0e\x00$\xb6\xd6\xb3r\x09\x00\x00\x00\x00\
\xd4\x82\x0f\xc8\xa1\xd1\xbc\xb7\x04\xe0\xdcd\xa9\x03\x00\xd0\
L\xc5d4\x88\x88\x7f\xa5\xce\x01\xa4\x95\x0d\xb6#z\
\xc3\xd41\x00\x00\x00\x00\x00Nd\xb1\xf7\x7f\x22\x0e~\
L\x1d\x03X\x8e\xcb\xfd\xf1t\x96:\x04\x00\xf5g\xe9\
\x12\x80e\xb9\x9d:\x00\x90X\xde\xfd\xff\xec\xddOp\
\x94\xf7\x99/\xfa\xa7\xd5V\x1bI\x0d\xc8\x96\xad\x84:\
x\x00\xa7l'm\xa6\xcc\xcc\x86\xc1\x9b!\xe8V\xf9\
l<\x87Y\xd8\x93\xdc\xcd\xe0\xb2\xb38\xb3\x88mr\
63\xa9\x94I\xd5\x8c\xef\xea@\xb8\xcb\x19\xbb\xf0l\
\xae]a\x11\xdfxs\xa9\xba\x8d\x99\xcd\xc1lNp\
\x8dP\xea\xe4T,\x1c\x93\xe2Z\x07\x8c\x10-\x04\x92\
\xa5\xbe\x8bn\xd9\x18c\x1bPw\xff\xde\xf7\xed\xcf\xa7\
J\xc5\xbf\x04\xbe\x85\xb0\xf4\xaa\x7f\xdf\xdf\xf3(\x5c\x02\
\x00\x00\x00\x00\xb9b\xda%\x14\xda\xbe\xd4\x01\x00(\x06\
\xa5K\x00\xba\xe5\xc5\xd4\x01\x80\xb4\xbc8\x09\x00\x00\x00\
\x00\xe4N\xa5\x1a18\x94:\x05\xd0\x1d\xce/\x01\xe8\
\x08\xeb\xc5\x81\x5ck\xd4k[#b\xeb\x0d?u\xf3\
\x8f#\x22\x9e\x88\x88\xd1\xaf\xf8-vw(\xca\xd9\xf6\
\xdbW\xfd\xda\x877\xfd\xdc\xe9\x88\xf8lt}ub\
\xeaD\x87rdB\xa3^\xdb\x1d\x11\xef\xa6\xce\x01$\
T\xaeDi|{\xea\x14\x00\x00\x00\x00\x00wn\xe1\
b4go>\xda\x01\x0a\xe2\xfbE;\x9b\x05\xa0\xf7\
\xeeI\x1d\x00\xe0f\x8dzmG\xb4J\x92\xa3\x11\xb1\
\xa3\xfd\xd3[\xe2\xf32\xe5\xea\xafg\xc9\xd6\xf8r\xd9\
\xf3\xb65\xea\xb5\x1b\x7fx6>/p\x9e\x8e\x88\xcb\
\xed\xef\x9fX\xfd\xf5\xea\xc4\xd4\xd9\xc8\xb6\xbfM\x1d\x00\
H\xcb\x94K\x00\x00\x00\x00 \xb7\x86\xc6\x22\xae\x9c\x8f\
X^L\x9d\x04\xe8\xbc\xbf\x8d\xcf\xcf]\x01\xe0\xae\x98\
t\x09\xf4T\xa3^[-R\xae~\xbb1>/V\
\xeeN\x14+\xcfN\xb4\xbf\xfd\xb7\xf6\xb7\xab\x134O\
W'\xa6fo\xf9\xff\xe8\xb2\xf6\xfb\xf8R\x8a?\x1b\
\xc8\x88\x81r\x94\xbe\xf5D\xea\x14\x00\x00\x00\x00\x00w\
\xcf\xb4K(\xb2\xfbR\x9d\xa5vR{\xfb\xe0W\xe9\
\xe4 \xa3/lq\xbcI\x1e\x06\x06\x01t\x9cI\x97\
@\xc7\xdd\xb0\xf2{\xf5A\xee/\xe3\x8bS+\xe9\x9c\
\xdd7}\xfb\x99\xf6\xf4\xcc\x13\xed\x1f\xfe[\xb4\xcb\x98\
\xd1\xfd\x07\xdf}]\xfc\xbd\x81\x1c(\x8d\x8c\xa7\x8e\x00\
\x00\x00\x00\x00\xb06\xa6]B\x91\xed\x8b\x88_\xa4\x0e\
q\xc3\x06\xc8\x88/oV\xfc\xcb\x9b\xfe\xe7\xbb\xbb\x9f\
\xe8\xee\xdc\xb4\xd51\xe2\xcb%\xcd\x1b\xb7;\xae\x9eY\
GD\xccV'\xa6N\x07@\x0e\x99t\x09\xdc\xb5\xf6\
C\xe0\xd6h\x95)\x9f\x88\xd6\x03\xe1\xee\x84\x91\xb83\
'\xa2\xf5P\xfb~|^\xc6\x5c\xf3Cm\xa3^\xfb\
M(\xd8B\xff\x1a(G\xe9\xc1\xed\x11\x03\xe5\xd4I\
\x00\x00\x00\x00\x00\xd6f~&\x9as\xe7R\xa7\x00:\
\xeflubj[\xb7~\xf3\x1b\xca\x94[\xe3\xf3\x22\
\xe5j\x89\xf2\xc6\x9f\xe3s7\x961WK\x9a\x9f\xfd\
\x5cub\xeaD\x9aX\x00\xb7\xa6t\x09|\xa3\x1bV\
\x82\xef\x8e\x88-\xed\xef+\xd5\x15\xd7\xe9\x888\x1b\xad\
2\xe6\x89\xb8\x83\xc9\x98\xed/ ~\xd3\xad`@\xf6\
\x95\xd6o\x8a\xa8nJ\x1d\x03\x00\x00\x00\x00`\xedV\
\x96\xa3\xf9\xbf&#V\x96S'\x01:\xef\xfbw[\
\xe4\xbba\xad\xf7\xea\xb7\x7fy\xd3\x8f\xe9\x9e\x13\xedo\
W\x8b\x99'\x22\x942\x81\xdeS\xba\x04\xbe\xa0\xbd\x1a\
|\xb5T\xf9\x97\xf1\xf9\x8ap\xfa\xdb\xea-\xa2\x7f\x8b\
V!\xf3\xf4\xad\xa6b6\xea\xb5#a\xbd8\xf4\xb5\
\xd2\xf8\xf6\x88r%u\x0c\x00\x00\x00\x00\x80\xceh\x9c\
\x8f\xe6\x95\xf3\xa9S\x00\x9d\xf7Fub\xea\xb9\xaf\xfa\
\xc5v\xb1rk\xfbmu\xeb\xa3\xb3\xf3l[=\xd3\
>\x1b\x11\x1f\xb6\xbf?\xab\x90\x09t\x83\xd2%\xf4\xb1\
\x9b&X>\xd1\xfe\xd6C\x22w\xe2D\xb4\x8a\x98\xa7\
\xdbo\xbf\x09\xff\x86\xa0\x7f\x0d\x8dEitK\xea\x14\
\x00\x00\x00\x00\x00\x9d\xb3\xb2\x1c\xcd\x8f\xdfO\x9d\x02\xe8\
\xbc\xd9\x88\xf8\xb3h\x95*w\xc4\x177>:\xef,\
\x9e\xb3\xed\xb7\xd5!Cg\x951\x81\xb5P\xba\x84>\
\xd2^\xfd|\xe3\x04K+\xc2\x01\xe8\x18S.\x01\x00\
\x00\x00\x80\x22j\xce~\x18\xb1p1u\x0c\x00:\xef\
l|^\xc6<\x1d\xad\x8d\x8fg\x13\xe6\x01rB\xe9\
\x12\x0a\xac=\xf2|\xb5d\xb9;\xdc\xc8\x01\xa0[*\
\xeb\xa34\xf6H\xea\x14\x00\x00\x00\x00\x00\x9d\xb7\xbc\x18\
\xcd\x99\xc9\xd4)\x00\xe8\x9d\x13\xd1*a\xbe\x1f\xad\x22\
\xe6\xe9\xb4q\x80\xacQ\xba\x84\x02iO\xb2\xdc\x1b\x9f\
\x97,\x01\xa0'Jc\x8fFT\xaa\xa9c\x00\x00\x00\
\x00\x00tE\xf3\xd2\x07\x11\xd7fS\xc7\x00 \x9d\x13\
\xd1*b\xfe[\x98\x88\x09}O\xe9\x12r\xac]\xb2\
\xdc\x1d&Y\x02\x90R\xb9\xd2Z-\x0e\x00\x00\x00\x00\
PT\x8b\x8dh^\xfc]\xea\x14\x00d\xc7l\xb4\x8a\
\x98\xefG\xc4\x89\xea\xc4\xd4\x89\xa4i\x80\x9eR\xba\x84\
\x1ci\xd4k\xa3\xf1\xc5I\x96[S\xe6\x01\x80\x88\x88\
\xd2\xe8\x96\x88\xa1\xb1\xd41\x00\x00\x00\x00\x00\xba\xaay\
\xe1\xb7\x11K\x0b\xa9c\x00\x90]'\xe2\xf3i\x98'\
\xaa\x13SF$CA)]B\xc6\xdd\xb02\xfc?\
E\xc4\x8e\xc4q\x00\xe0\x8b\x06\xcaQzp{\xc4@\
9u\x12\x00\x00\x00\x00\x80\xeeZ\xb8\x18\xcd\xd9\x0fS\
\xa7\x00 ?NG\xab\x88\xa9\x84\x09\x05\xa3t\x09\x19\
\xd3\x9ef\xb9;Z%\xcb\xbdae8\x00Y62\
\x1e\xa5\x0d\x9bS\xa7\x00\x00\x00\x00\x00\xe8\x89\xe6\xc7\xef\
G\xac,\xa7\x8e\x01@>)aBA(]B\x06\
4\xea\xb5\xad\xf1\xc5\xa2%\x00\xe4Bi|{D\xb9\
\x92:\x06\x00\x00\x00\x00@o4\xceG\xf3\xca\xf9\xd4\
)\x00(\x86\xd3\x11\xf1\x7fG\xab\x80y\x22q\x16\xe0\
\x0e(]B\x22\xed\xa2\xe5\xde\x88\xf8\xdb\xb06\x1c\x80\
<Z7\x1a\xa5\xfb\x1eN\x9d\x02\x00\x00\x00\x00\xa0w\
\x96\x17\xa393\x99:\x05\x00\xc53\x1b\xad)\x98\xab\
%\xcc\xb3I\xd3\x00_K\xe9\x12zH\xd1\x12\x80\x22\
)\x8d=\x1aQ\xa9\xa6\x8e\x01\x00\x00\x00\x00\xd0S\xcd\
\xd9\x0f#\x16.\xa6\x8e\x01@\xb1\xad\xae\x22\xff\xd7\xea\
\xc4\xd4\xe9\xc4Y\x80\x9b(]B\x97)Z\x02PH\
\xe5Jk\xb58\x00\x00\x00\x00@\xbfYlD\xf3\xe2\
\xefR\xa7\x00\xa0\x7f\xccF\xc4\xdb\xf1\xf9\x14\xcc\xd9\xc4\
y\xa0\xef)]B\x174\xea\xb5\xd1\x88\xd8\x17\x8a\x96\
\x00\x14TitK\xc4\xd0X\xea\x18\x00\x00\x00\x00\x00\
I4/\xfc6bi!u\x0c\x00\xfa\xd3j\x01\xf3\
m\x05LHC\xe9\x12:\xa4]\xb4\xdc\x1b\x11\xff\xa9\
\xfd-\x00\x14\xd3@9J\x0fn\x8f\x18(\xa7N\x02\
\x00\x00\x00\x00\x90\xc6\xc2\xc5\xd6\x9aq\x00H\xebtD\
\xfck\xb4\x0a\x98g\x13g\x81\xbe\xa1t\x09k\xd4\xa8\
\xd7vGk\xa2\xe5\xde\x88\x18M\x9b\x06\x00z`h\
\xac5\xe9\x12\x00\x00\x00\x00\xa0_\xad,G\xf3\x7fM\
F\xac,\xa7N\x02\x00\xab\x140\xa1G\x94.\xe1.\
4\xea\xb5\xad\xf1\xf9\xfa\xf0\xad)\xb3\x00@\xaf\x95\x1e\
\xf8\x85[&k\x00\x00 \x00IDAT^\xc4\xe0\
P\xea\x18\x00\x00\x00\x00\x00I5\xe7\xceE\xcc\xcf\xa4\
\x8e\x01\x00\xb7\xa2\x80\x09]\xa4t\x09w\xa0Q\xaf\xed\
\x8bV\xd1rw\xda$\x00\x90\xc8\xe0P\xabt\x09\x00\
\x00\x00\x00\xd0\xef\x96\x17\xa393\x99:\x05\x00|\x93\
\x13\xf1y\x01s6q\x16(\x04\xa5K\xf8\x06\xed\xa9\
\x96/Fk\xb2\xa5\xf5\xe1\x00\xf4\xb5\xd2\xe8\x96\x88\xa1\
\xb1\xd41\x00\x00\x00\x00\x002\xa1y\xf1\x7fF,^\
I\x1d\x03\x00n\xd7\xdb\x11\xf1\xaf\xd5\x89\xa9\xb7S\x07\
\x81<S\xba\x84\xaf`\xaa%\x00\xdcd\xa0\x1c\xa5\x07\
\xb7G\x0c\x94S'\x01\x00\x00\x00\x00\xc8\x86\x85\x8b\xd1\
\x9c\xfd0u\x0a\x00\xb8S\xb3\xd1*`\x1e\xaeNL\
\x9dN\x1d\x06\xf2F\xe9\x12n`\xaa%\x00|\x8d\xa1\
\xb1\xd6\xa4K\x00\x00\x00\x00\x00>\xd3\xfc\xf8\xfd\x88\x95\
\xe5\xd41\x00\xe0n\x9d\x8d\x88\xc3\xd1Z?~6m\
\x14\xc8\x07\xa5K\x88\x88F\xbd\xb6;Ze\xcb\xbd\x89\
\xa3\x00@f\x95\x1e\xf8^\xc4\xe0P\xea\x18\x00\x00\x00\
\x00\x00\x99\xd2\x9c;\x171?\x93:\x06\x00t\x82\xf5\
\xe3p\x1b\x94.\xe9[\x8dzm4Z%\xcbW\x22\
bk\xda4\x00\x90q\x83C\xad\xd2%\x00\x00\x00\x00\
\x00_\xb4\xbc\x18\xcd\x99\xc9\xd4)\x00\xa0\x93\xceF\xc4\
\xbfF\xc4\x1b\xa6_\xc2\x97)]\xd2w\xac\x10\x07\x80\
;W\x1a\xdd\x1214\x96:\x06\x00\x00\x00\x00@&\
5/\xfc6bi!u\x0c\x00\xe8\x06\xd3/\xe1&\
J\x97\xf4\x8d\xf6\x0a\xf1\xbf\x8dV\xd9\x12\x00\xb8\x03\xa5\
o=\x111PN\x1d\x03\x00\x00\x00\x00 \x9b\x16.\
Fs\xf6\xc3\xd4)\x00\xa0\x9b\xce\x86\xe9\x97\x10\x11J\
\x97\xf4\x81v\xd9\xf2\x95\x88\xd8\x9d6\x09\x00\xe4\xd4\xd0\
Xk\xd2%\x00\x00\x00\x00\x00\xb7\xb6\xb2\x1c\xcd\xff5\
\x19\xb1\xb2\x9c:\x09\x00\xf4\xc2\x1b\xd1\x9a~y\x22q\
\x0eHB\xe9\x92\xc2j\xd4k\xfb\xa2U\xb6\xdc\x9a6\
\x09\x00\xe4[\xe9\xbe\x87#\xd6\x8d\xa6\x8e\x01\x00\x00\x00\
\x00\x90i\xcd\xd9\x0f#\x16.\xa6\x8e\x01\x00\xbdt:\
\x22\x0eW'\xa6\xdeH\x1d\x04zI\xe9\x92Bi\xd4\
k\xa3\x11\xb17\x94-\x01\xa03\xca\x95(\x8doO\
\x9d\x02\x00\x00\x00\x00 \xfb\x16\x1b\xd1\xbc\xf8\xbb\xd4)\
\x00 \x85\xd9\x888\x1cV\x8f\xd3'\x94.)\x84v\
\xd9\xf2\xa5\x88x1\x22\x8c\xe2\x02\x80N\x19\x19\x8f\xd2\
\x86\xcd\xa9S\x00\x00\x00\x00\x00\xe4Bsf2by\
1u\x0c\x00H\xe9\x8dhM\xbf<\x9d:\x08t\x8b\
\xd2%\xb9\xa6l\x09\x00\xddU\x1a\xdf\x1eQ\xae\xa4\x8e\
\x01\x00\x00\x00\x00\x90\x0f\x8d\xf3\xd1\xbcr>u\x0a\x00\
\xc8\x82\x13\x11\xf1\xf3\xea\xc4\xd4\x89\xc49\xa0\xe3\x94.\
\xc9%eK\x00\xe8\x81\xc1\xa1(=\xf0\xbd\xd4)\x00\
\x00\x00\x00\x00\xf2cy\xb15\xed\x12\x00Xu6Z\
\xe5\xcb7\x12\xe7\x80\x8eQ\xba$W\x94-\x01\xa0w\
J\xa3[\x22\x86\xc6R\xc7\x00\x00\x00\x00\x00\xc8\x95\xe6\
\x85\xdfF,-\xa4\x8e\x01\x00Ys6\x22~\x1e\x11\
oW'\xa6f\x13g\x815Q\xba$\x17\x94-\x01\
\xa0\xf7J\xdfz\x22b\xa0\x9c:\x06\x00\x00\x00\x00@\
\xbe,\x5c\x8c\xe6\xec\x87\xa9S\x00@V\xcdF\xc4\xe1\
\x88\xf8\x85\xf2%y\xa5tI\xe65\xea\xb5\x97\x22\xe2\
\x95P\xb6\x04\x80\xdeY7\x1a\xa5\xfb\x1eN\x9d\x02\x00\
\x00\x00\x00 \x7fV\x96\xa3\xf9\xf1\xfb\xa9S\x00@\xd6\
)_\x92[J\x97dV\xa3^\xdb\x17\xad\xb2\xe5\xd6\
\xb4I\x00\xa0\xffX-\x0e\x00\x00\x00\x00p\xf7\x9a\x97\
>\x88\xb8\xa6?\x02\x00\xb7A\xf9\x92\xdcQ\xba$s\
\x1a\xf5\xda\xee\x888\x12\xca\x96\x00\x90\xc6@\xb9\xb5Z\
\x1c\x00\x00\x00\x00\x80\xbbsm\xb6U\xbc\x04\x00n\x97\
\xf2%\xb9\xa1tIf\xb4\xcb\x96\xafD\xc4\xee\xb4I\
\x00\xa0\xcf\x0d\x8d\xb5&]\x02\x00\x00\x00\x00p\xd7\x9a\
\x1f\xbf\x1f\xb1\xb2\x9c:\x06\x00\xe4\x8d\xf2%\x99\xa7t\
Ir\x8dzmk\xb4\xca\x96\xfb\xd2&\x01\x00\x22\x22\
J\xf7=\x1c\xb1n4u\x0c\x00\x00\x00\x00\x80\x5ck\
\xce~\x18\xb1p1u\x0c\x00\xc8+\xe5K2K\xe9\
\x92d\x1a\xf5\xdahD\xbc\x14\xad\xc2%\x00\x90\x05V\
\x8b\x03\x00\x00\x00\x00t\x86\x15\xe3\x00\xd0\x09\xb3\x11q\
\xb8:1u u\x10X\xa5tI\x12\x8dzm\xb5\
li\x8c\x16\x00d\x89\xd5\xe2\x00\x00\x00\x00\x00\x1dc\
\xc58\x00t\xcc\xd9\x88\xf8yub\xea\x8d\xc49@\
\xe9\x92\xdej\xd4k\xbb#\xe2HDlM\x9b\x04\x00\
\xb8\x15\xab\xc5\x01\x00\x00\x00\x00:\xc7\x8aq\x00\xe8\xb8\
\xb3\x11\xf1rub\xea\xed\xd4A\xe8_J\x97\xf4D\
\xa3^\xdb\x1a\x11\x87\x22bo\xe2(\x00\xc0W\xb1Z\
\x1c\x00\x00\x00\x00\xa0\xb3\xac\x18\x07\x80n9\x11\xad\xc9\
\x97'\x12\xe7\xa0\x0f)]\xd2U\x8dzm4\x22V\
W\x89\x03\x00Yf\xb58\x00\x00\x00\x00@\xc7Y1\
\x0e\x00]\xf5v\xb4&_\x9eM\x1d\x84\xfe\xa1tI\
\xd74\xea\xb5\xbd\xd1\x9an\xb95q\x14\x00\xe06X\
-\x0e\x00\x00\x00\x00\xd0yV\x8c\x03@O\xfc\x22Z\
\x93/gS\x07\xa1\xf8\x94.\xe9\xb8\xf6*\xf1#\x11\
\xb1;m\x12\x00\xe0\xb6Y-\x0e\x00\x00\x00\x00\xd0\x1d\
V\x8c\x03@\xaf\xccF\xabx\xf9\x8b\xd4A(6\xa5\
K:\xaaQ\xaf\x1d\x88\x88\x17#\xc2\x98,\x00\xc8\x13\
\xab\xc5\x01\x00\x00\x00\x00\xba\xc6\x8aq\x00\xe8\xa9\xb3\x11\
\xf1\x5cub\xeaD\xe2\x1c\x14\x94\xd2%\x1d\xd1\xa8\xd7\
vGk\xba\xe5\xd6\xb4I\x00\x80\xbba\xb58\x00\x00\
\x00\x00@\xf7X1\x0e\x00I\xbc\x1d\x11/W'\xa6\
\xce\xa6\x0eB\xb1(]\xb2&\x8dzm4\x22\x0eE\
\xc4\xbe\xc4Q\x00\x80\xbbe\xb58\x00\x00\x00\x00@w\
Y1\x0e\x00)\xfd<\x22~Q\x9d\x98\x9aM\x1d\x84\
b\x18H\x1d\x80\xfcj\xd4k{#b:\x14.\x01\
 \xdf\xee5\xe1\x12\x00\x00\x00\x00\xa0\xab\xd6\x8dF\x0c\
\x94S\xa7\x00\x80~\xf5JD\xfc\xa6\xddu\x8253\
\xe9\x92;\xd6\xa8\xd7\xb6Fk\x95\xf8\xee\xb4I\x00\x80\
N\xb0Z\x1c\x00\x00\x00\x00\xa0\xfb\xac\x18\x07\x80L8\
\x11\x11\xcfY9\xceZ\x98t\xc9\x1di\xd4k/E\
\xc4oB\xe1\x12\x00\x8aC\xe1\x12\x00\x00\x00\x00\xa0\xeb\
J\xf7VSG\x00\x00Z\x9d\xa7\xe9F\xbdv q\
\x0er\xcc\xa4Kn\x8b\xe9\x96\x00PP\xebF[\x93\
.\x01\x00\x00\x00\x00\xe8\xae\x95\xe5h~\xfc~\xea\x14\
\x00\xc0\xe7\xceFk\xea\xe5\x89\xc49\xc8\x19\x93.\xf9\
F\xa6[\x02@q\x95\xd6mL\x1d\x01\x00\x00\x00\x00\
\xa0?\x0c\x94m\x1e\x02\x80l\xd9\x1a\x11\xef6\xea\xb5\
#\x8dz\xcd'in\x9bI\x97|%\xd3-\x01\xa0\
\xf8J\xdfz\xa2\xf5B\x1f\x00\x00\x00\x00\x00\xdd\xb7p\
1\x9a\xb3\x1f\xa6N\x01\x00|\xd9lD\xbc\x5c\x9d\x98\
z#u\x10\xb2\xcf\xa4Kn\xc9tK\x00\xe8\x03\x83\
C\x0a\x97\x00\x00\x00\x00\x00\xbdTY\x9f:\x01\x00p\
k\xa3\x11q\xa4Q\xaf\xbd\xdb\x1eT\x07_\xc9\xa4K\
\xbe\xa0=*\xf7HD\xecM\x9d\x05\x00\xe8\xae\xd2\x86\
\xcd\x11#\xe3\xa9c\x00\x00\x00\x00\x00\xf4\x95\xe6\x85\xdf\
F,-\xa4\x8e\x01\x00|\xb5\xd9\x88\xf8yub\xea\
\x17\xa9\x83\x90MJ\x97|\xa6Q\xaf\xed\x8dV\xe1r\
4u\x16\x00\xa0\xfbJ\x0f|\xaf5\xed\x12\x00\x00\x00\
\x00\x80\xdei\x9c\x8f\xe6\x95\xf3\xa9S\x00\x00\xdf\xecD\
D<W\x9d\x98:\x9b8\x07\x19\xa3t\xc9\xeat\xcb\
C\x11\xb1/q\x14\x00\xa0W\xca\x95(\x8doO\x9d\
\x02 wNN^\xbd\xa3\xff\xfdC\xe3\x83\xb1y|\
\xb0Ki\x00\x00\x00\x80\x5cZZhM\xbb\x04\x00\xf2\
\xc0\xd4K\xbeD\xe9\xb2\xcf5\xea\xb5\x1d\x11\xf1\xab\x88\
\xd8\x9a8\x0a\x00\xd0K#\xe3\xad\xf5\xe2\x00}n\xb5\
D95}=\xe6\xe6\x97\xe3rc%\xa6\xa6\xafE\
D\xc4\xdc\xfcJ\x9ci\x7f\xbf\x93vm\x1f\xfe\xfc\xfb\
\x7f\xda\xfa\xfe\xe6v9SI\x13\x00\x80\xdbqnf\
)>\x9aY\x8a\xb9\xf9\xcf\x9f_o|\x96\x8dX\xdb\
\xf3\xec\xe3\xdb\xd6\xc5\x86\x91\x81\xcf~\x5c\xdb\xb6.6\
V[?\xfe\x8b\xf6\xf3\xacgW\x80\xb5i~\xfc~\
\xc4\xcar\xea\x18\x00\xc0\xed;\x11\xa6^\xd2\xa6t\xd9\
\xc7\x1a\xf5\xda\x81\x88x%u\x0e\x00\xa0\xf7J\xf7=\
\x1c\xb1n4u\x0c\x80\x9e83}=\xce\xcd,\xc5\
\xd4\xf4\xb5\xf8\xe8\xe3\xa587\xb3\x14g\xda%\xcb\xac\
Z-`\xd6\xb6\xad\x8b\x87\xbe5\x18\xb5m\xf7~\xe9\
\xe0\x1b\x00\x80b\xbb\xd5s\xecG3\xado\xb3\xe4\xc6\
\xcbC\x0f}k0\xfeb\xfbpl\x18)\xc7\xe3\xdb\
\xeeM\x1d\x0d \xd3\x9a\xb3\x1fF,\x5cL\x1d\x03\x00\
\xb83\xa6^\x12\x11J\x97}\xa9\xbdN\xfcW\x11\xb1\
;q\x14\x00 \x91\xd2\xa6?O\x1d\x01\xa0+\xceL\
_\x8f\xf7&\xaf\xc6\x99\x0f\xae\xc5\xb9\x99\xa5;^\x07\
\x9eu\xab\x87\xd7\xbb\xfet8j\xdb\xd6\xc5\xe3\xdb\xee\
5]\x08\x00 \xe7V'R\xbe7y5>\xfax\
)\xa6\xa6\xafwe\xe2z\x0a\x8fo[\xd7\xba@\xf4\
p\xeb\xdb\x1b\xa7\xbe\x03\xf4\xbd\x85\x8b\xad\xe2%\x00\x90\
G'\xc2\xd4\xcb\xbe\xa6t\xd9g\x1a\xf5\xda\xde\x888\
\x12\x11F[\x01@\xbfZ7\xda\x9at\x09\x90ss\
\xf3+qr\xf2jLM_\x8b\x93\xff~\xb5p\x05\
\xcb\xdb\xb5y|0\x1e\xdf\xb6.v\xfd\xe9p\xfc\xc5\
\xf6a\x13\x85\x00\x002\xee\xc6\x8bB''\xaffn\
re\xb7\xad\x161o\xbcH\x04\xd0\x97V\x96[+\
\xc6\x01\x80\xbc\x9a\x8dV\xf1\xf2\xed\xd4A\xe8=\xa5\xcb\
>\xd2\xa8\xd7\x0eE\xc4K\xa9s\x00\x00i\x956l\
\x8e\x18\x19O\x1d\x03\xe0\xae\x1c;\xd5\x88\x93\xff~\xb5\
uH]\x90\xe9?\x9d\xb6a\xa4\x1c\xbb\xb6\x0f+a\
\x02\x00d\xc4j\xc9r\xf5\xa2\xd0\xdc\xfcr\xeaH\x99\
r\xe3\xf3\xebS;\xab&\xb9\x03}\xa5y\xe1\xb7\x11\
K\x0b\xa9c\x00\x00k\xf3v\xb4\xca\x97\xb3\xa9\x83\xd0\
;J\x97}\xa0Q\xafm\x8d\xd6:\xf1\x1d\x89\xa3\x00\
\x00\x19P\x1a\xdf\x1eQ\xae\xa4\x8e\x01p[\xce\xcd,\
\xc5\xb1S\x8d8\xf6\xde\x95\xbe\x9dd\xb9V\x9b\xc7\x07\
c\xd7\xf6\xe1x\xea/\xd6\xc7\xae\xed\xc3\xb1ad \
u$\x00\x80B[\x9d\xc8\xbe\xfa\x0c\xdbo\x93,\xd7\
\xca\xf3+\xd0W\x1a\xe7\xa3y\xe5|\xea\x14\x00\xc0\xda\
\x9d\x8dV\xf1\xf2D\xe2\x1c\xf4\x88\xd2e\xc1Y'\x0e\
\x00|A\xb9\xd2*]\x02d\xd8\x99\xe9\xebq\xb4~\
9\x8e\x9d\xba\xe2\x80\xba\x0b\x9e\xda\xb9>\x9e\xfa\x8bj\
<\xb5s\xbd\x03l\x00\x80\x0eY\xbd,t\xf2\xdf\xaf\
\xc6\xb1SWR\xc7)\x14\xcf\xaf@\xa1--\xb4\xa6\
]\x02\x00E\xf1\xf3\xea\xc4\xd4\x81\xd4!\xe8>\xa5\xcb\
\x02k\xd4k\x07\x22\xe2\x95\xd49\x00\x80\x0c\x19\x1a\x8b\
\xd2\xe8\x96\xd4)\x00\xbeD\xd12\x0d\x07\xd8\x00\x00w\
o\xb5hy\xb4~9\xceL_K\x1d\xa7/<\xbe\
m]<3\xb11\x9e\xd9\xb3\xd1\xf3+P\x18\xcd\x8f\
\xdf\x8fXYN\x1d\x03\x00\xe8\x9c\xd3\x11\xf1\xd7\xd5\x89\
\xa9\xb3\xa9\x83\xd0=J\x97\x05\xd4\xa8\xd7F\xa3\xb5N\
|w\xe2(\x00@\xc6\x94\xee{8b\x9d\x01\xd8@\
6\xac\x1eR\xbf\xf6\xebO\x14-3\xe0\xa9\x9d\xeb\xe3\
\x99\x89\x8d\xf1\xd4\xcej\xea(\x00\x00\x9957\xbf\x12\
\xc7N]\x89\xa3\xf5\xcbqr\xf2j\xea8}\xcd\x05\
\x22\xa0(\x9a\x97>\x88\xb86\x9b:\x06\x00\xd0Y\xb3\
\xd1Z7\xfev\xea t\x87\xd2e\xc14\xea\xb5\x1d\
\x11\xf1nX'\x0e\x00\xdcB\xe9[OD\x0c\x94S\
\xc7\x00\xfa\xdc\xd1\xe3\x97\xe3\xd8{\x0dk\x173j\xc3\
H9\x9e\xd9\xb31\x9e\x99\xd8\x18\x8fo\xbb7u\x1c\
\x00\x80L89y5\x8e\xd6/\xc7\xd1\xe3\x97SG\
\xe1&\x1bF\xca\xf1\xd4\xcej<3\xb11vm\x1f\
N\x1d\x07\xe0\xce-\x5c\x8c\xe6\xec\x87\xa9S\x00\x00\xdd\
\xf1FD\xbc\x5c\x9d\x98r\xc3\xa2`\x94.\x0b\xa4Q\
\xaf\xed\x8b\x88#\xa9s\x00\x00\x1958\x14\xa5\x07\xbe\
\x97:\x05\xd0\xa7\xce\xcd,\xc5k\xbf\xbe\x14G\x8f_\
\x8e\xb9y+\xb3\xf2b\xd7\xf6\xe1\xcf\xd67\x02\x00\xf4\
\x9b\xb9\xf9\x958z\xfc\xb2\xc9\xec9\xb2y|0^\
\xf8\xab\xfb\xad\x1f\x07\xf2ey1\x9a3\x93\xa9S\x00\
\x00\xdds:ZS/O\xa7\x0eB\xe7(]\x16D\
\xa3^;\x12\x11\xfbR\xe7\x00\x00\xb2\xab\xb4~SD\
uS\xea\x18@\x9f99y5^\xff\xf5%S-\
sn\xc3H9^\xf8\xab\xfb\xe2\x99=\x1bc\xf3\xf8\
`\xea8\x00\x00]uf\xfaz\xbc\xfe\xebOL\xb5\
\xcc\xb1\xd5\xe9\x97\xfb\x7f\xf8\x80\xe7W \x17\x9a3\x93\
\x11\xcb\x8b\xa9c\x00\x00\xdd3\x1b\xad\x89\x97o\xa4\x0e\
Bg(]\xe6\x5c\xa3^\x1b\x8d\xd6:\xf1\x1d\xa9\xb3\
\x00\x00\xd9V\x1a{4\xa2RM\x1d\x03\xe8\x13G\x8f\
_\x8e\x83o^0\x11\xa8\x80\x9e\xd9\xb31\x9e\xff\xab\
\xfb\xad\x1e\x07\x00\x0a\xe7\xe8\xf1\xcbq\xb4~9NN\
^M\x1d\x85\x0e\xda\xb5}8^\xfe\xe1\x03V\x8f\x03\
\x99\xd6\x9c\xfd0b\xe1b\xea\x18\x00@\xf7\xbdQ\x9d\
\x98z.u\x08\xd6N\xe92\xc7\x1a\xf5\xda\x8eh\x15\
.GSg\x01\x00\xb2\xaf\xb4\xe9\xcfSG\x00\x0an\
n~%^\x7f\xe7\x93\xf8e\xfd\xb2\xb2e\x1fpx\
\x0d\x00\x14\x85\x0bC\xfda\xf3\xf8`\xec\xff\xe1\x03\xf1\
\xcc\x9e\x8d\xa9\xa3\x00|\xd9\xc2\xc5V\xf1\x12\x00\xe8\x07\
\xa7#\xe2\xaf\xab\x13SgS\x07\xe1\xee)]\xe6T\
\xa3^\xdb\x17\x11GR\xe7\x00\x00r\xa2\xb2>Jc\
\x8f\xa4N\x01\x14\xd4j\xd9\xf2\xb5__\x8a\xb9\xf9\xe5\
\xd4q\xe81\xe5K\x00 \x8f\x5c\x18\xea_\xca\x97@\
&\xad,G\xf3\xe3\xf7S\xa7\x00\x00zg6\x22\x9e\
\xabNL\xbd\x9d:\x08wG\xe92\x87\x1a\xf5\xda\xa1\
\x88x)u\x0e\x00 ?J\xeb7ET7\xa5\x8e\
\x01\x14\x8c\xb2%7R\xbe\x04\x00\xf2\xc03,\xab\x94\
/\x81\xaci^\xf8m\xc4\xd2B\xea\x18\x00@o\xfd\
\xbc:1u u\x08\xee\x9c\xd2e\x8e4\xea\xb5\xd1\
hM\xb7\xdc\x9b:\x0b\x00\x90/\xa5\xb1G#*\xd5\
\xd41\x80\x02y\xfd\x9dKq\xf0\xcd\x0b\x0e\xaa\xf9\x12\
\xe5K\x00 \xab\xac\x11\xe7V\x94/\x81\xach\xce\x9d\
\x8b\x98\x9fI\x1d\x03\x00\xe8\xbd\xb7\xa35\xf5r6u\
\x10n\x9f\xd2eN4\xea\xb5\xad\x11\xf1\xab\x88\xd8\x91\
8\x0a\x00\x90C\xa5M\x7f\x9e:\x02P\x10\x0e\xaa\xb9\
]O\xed\x5c\x1f\x07^\x18\x8f\xcd\xe3\x83\xa9\xa3\x00\x00\
}\xce3,\xb7c\xf3\xf8`\x1c|q\x93\xcbC@\
:\xd7f\xa3y\xe9\x83\xd4)\x00\x804NG\xabx\
y:u\x10n\x8f\xd2e\x0e4\xea\xb5\x1d\x11\xf1n\
D\x8c\xa6\xce\x02\x00\xe4Pe}\x94\xc6\x1eI\x9d\x02\
\xc8\xb9\x93\x93W\xe3\xd0\x9b\x17\xe2\xe4\xe4\xd5\xd4Q\xc8\
\x99\xe7\x9f\xbe?\xf6\xff\xf0\x81\xd802\x90:\x0a\x00\
\xd0g<\xc3r7vm\x1f\x8eW^\xf8V<\xbe\
\xed\xde\xd4Q\x80~\xb3\xb2\x1c\xcd\x8f\xdfO\x9d\x02\x00\
Hg6Z\xc5\xcb\xb7S\x07\xe1\x9b)]f\x5c\xa3\
^\xdb\x17\x11\x87B\xe1\x12\x00\xb8K\xa5\xf5\x9b\x22\xaa\
\x9bR\xc7\x00r\xea\xdc\xccR\x1c|\xf3B\x1c=~\
9u\x14rl\xc3H9\xf6\xff\xf0\x81x\xfe\xe9\xfb\
RG\x01\x00\xfa\x80gX:\xc1\xe5! \x85\xe6\x85\
\xdfF,-\xa4\x8e\x01\x00\xa4\xf5\xf3\xea\xc4\xd4\x81\xd4\
!\xf8zJ\x97\x19\xd6\xa8\xd7^\x8aV\xe1\x12\x00\xe0\
\xae\x95\xc6\x1e\x8d\xa8TS\xc7\x00r\xe8\xd0[\x17\xe2\
\xb5__\x8a\xb9\xf9\xe5\xd4Q(\x88\xc7\xb7\xad\x8bW\
^\x18\xb7\xb2\x11\x00\xe8\x1a\xcf\xb0t\x92\xcbC@\xaf\
5g?\x8cX\xb8\x98:\x06\x00\x90\xde\x1b\x11\xf1r\
ubj6u\x10nM\xe92\xa3\x1a\xf5\xda\x91\x88\
\xd8\x97:\x07\x00\x90\x7f\xa5M\x7f\x9e:\x02\x903'\
'\xaf\xc6\xfe\xc3\xe7\xe3\xdc\xccR\xea(\x14\x94\xa9A\
\x00@\xa7y\x86\xa5\x9b\x1e\xdf\xb6.\xfe\xeb\x8b\x9b\xac\
\x1c\x07\xbao\xe1b\xabx\x09\x00\x10q:\x22\xbe\xaf\
x\x99MJ\x97\x19\xd3\xa8\xd7F#\xe2HD\xecM\
\x9d\x05\x00(\x80\xca\xfa(\x8d=\x92:\x05\x90\x13s\
\xf3+q\xf0\xcd\x0b\xf1\xfa;\x9f\xa4\x8eB\x1f\xd80\
R\x8e\x83/n\x8a\xa7v\x9a\xc6\x0c\x00\xdc=\xcf\xb0\
\xf4\x92\xcbC@\xd7-/Fsf2u\x0a\x00 \
;f\xa3U\xbc<\x9d:\x08_\xa4t\x99!\xed\xc2\
\xe5\xbb\x11\xb1#u\x16\x00\xa0\x18J\xeb7ET7\
\xa5\x8e\x01\xe4\xc0\xb1S\x8d8\xf0\xda\xc7&\x03\xd1s\
O\xed\x5c\x1f\x07_\xdc\xe4\xe0\x1a\x00\xb8c\xc7N5\
b\xff\xe1\xf3V\x89\xd3S\x9b\xc7\x07\xe3\xe0\x8b\x9bb\
\xd7\xf6\xe1\xd4Q\x80\x82j\xceLF,/\xa6\x8e\x01\
\x00d\xc7l\xb4V\x8d\xbf\x91:\x08\x9fS\xba\xcc\x88\
F\xbd\xb6#Z\x13.\x15.\x01\x80\x8e)\x8d=\x1a\
Q1A\x0c\xf8js\xf3+\xb1\xff\xf0\xf98v\xea\
J\xea(\xf41S/\x01\x80;\xe1\x19\x96,0\xf5\
\x12\xe8\x96\xe6\xa5\x0f\x22\xae\xd9\x22\x0a\x00|\xc9\xcb\xd5\
\x89\xa9_\xa4\x0eA\x8b\xd2e\x06\xb4\x0b\x97\xefF\xc4\
h\xea,\x00@\xb1\x94\xbe\xf5D\xc4@9u\x0c \
\xa3NN^\x8d\xfd\x87\xcf\x9bnIf\x98z\x09\x00\
|\x93\x93\x93W\xe3\x85W\xffh\xba%\x99`\xea%\
\xd0\x15\xf33\xd1\x9c;\x97:\x05\x00\x90MoT'\
\xa6\x9eK\x1d\x02\xa5\xcb\xe4\x14.\x01\x80\xae\x19\x1c\x8a\
\xd2\x03\xdfK\x9d\x02\xc8\xa8\x03\xaf\xcd\xc4\xeb\xef|\x92\
:\x06|\x89\x83k\x00\xe0V\xe6\xe6W\xe2\xe0\x9b\x17\
<\xc3\x92I\xfb\x7f\xf8@\xbc\xfc\x83\x07R\xc7\x00\x8a\
bi!\x9a\x17~\x9b:\x05\x00\x90]oG\xc4s\
\xd5\x89)\xa3\xb1\x13R\xbaL\xa8Q\xaf\xed\x8b\x88C\
\xa1p\x09\x00t\xc3\xc8x\x946lN\x9d\x02\xc8\x98\
s3K\xf1\xc2\xab\x7f\x8c3\xd3\xd7RG\x81\xaf\xe5\
\xe0\x1a\x00Xuf\xfaz\xfc\xe4\xf0y\xcf\xb0d\xda\
\xe3\xdb\xd6\xc5k\xff\xf0\x1fb\xf3\xf8`\xea(@\x01\
4\xcf\xff\xf7\xd4\x11\x00\x80l;\x1d\x11\xdfW\xbcL\
G\xe92\x91v\xe1\xf2H\xea\x1c\x00@q\x95F\xb7\
D\x0c\x8d\xa5\x8e\x01d\xc8\xd1\xe3\x97\xe3\xc0k3V\
1\x92\x1b\x0e\xae\x01\x00\xcf\xb0\xe4\xc9\x86\x91r\x1c|\
qS<\xb5\xb3\x9a:\x0a\x90s\xcd\x8b\xff3b\xf1\
J\xea\x18\x00@\xb6\x9d\x8d\x88\xbf\xaeNL\x9dN\x1d\
\xa4\x1f)]&\xa0p\x09\x00\xf4Bi|{D\xb9\
\x92:\x06\x90\x11\xfb\x0f\x9f\x8f\xa3\xc7/\xa7\x8e\x01w\
l\xc3H9^\xfb\x87\xff`\xdd8\x00\xf4\x99\xb9\xf9\
\x958\xf0\xda\xc7\x9ea\xc9\xa5\xe7\x9f\xbe?\x0e\xbc0\
\x9e:\x06\x90g\x8d\xf3\xd1\xbcr>u\x0a\x00 \xfb\
f\xa35\xf1R\xf1\xb2\xc7\x94.{\xacQ\xaf\xbd\x14\
\xad\x95\xe2\x00\x00\xdd3P\x8e\xd2\xb7\x9eH\x9d\x02\xc8\
\x00\xeb\xc4)\x0a\xeb\xc6\x01\xa0\x7fX'N\x11<\xbe\
m]\xfc\xf2\x9f\xfe$6\x8c\x0c\xa4\x8e\x02\xe4\xd1\xb5\
\xd9h^\xfa u\x0a\x00 \x1ff#\xe2\xe5\xea\xc4\
\xd4\x1b\xa9\x83\xf4\x13\xa5\xcb\x1ej\xd4kG\x22b_\
\xea\x1c\x00@\x1fX7\x1a\xa5\xfb\x1eN\x9d\x02H\xec\
\xe4\xe4\xd5x\xe1\xd5?Z\xc5Ha<\xb5s}\x1c\
|q\x93\x83k\x00(\xb0c\xa7\x1a\xb1\xff\xf0y\xcf\
\xb0\x14\x82\xa9\xed\xc0][Y\x8e\xe6\xc7\xef\xa7N\x01\
\x00\xe4\xcbs\x8a\x97\xbd\xa3t\xd9#\x0a\x97\x00@/\
\x95\xd6o\x8a\xa8nJ\x1d\x03H\xe8\xe8\xf1\xcb\xb1\xff\
\xb05T\x14\xcf\xe3\xdb\xd6\xc5\x7f}qS<\xbe\xed\
\xde\xd4Q\x00\x80\x0e;\xf4\xd6\x858\xf8\xe6\x85\xd41\
\xa0\xe3\x0e\xbe\xb8)\x9e\xd9\xb31u\x0c g\x9a3\
\x93\x11\xcb\x8b\xa9c\x00\x00\xf9\xa2x\xd9#J\x97=\
\xa0p\x09\x00\xf4Zi\xec\xd1\x88J5u\x0c \x91\
\xfd\x87\xcf\xc7\xd1\xe3\x97S\xc7\x80\xae11\x08\x00\x8a\
en~%\x0e\xbc\xf6\xb1gX\x0a\xed\x99=\x1b\xe3\
\xe0\x8b.\xc8\x02\xb7\xafy\xe9\x83\x88k\xb3\xa9c\x00\
\x00\xf9\xf3Fub\xea\xb9\xd4!\x8aN\xe9\xb2\xcb\x14\
.\x01\x80\x14J\xdfz\x22b\xa0\x9c:\x06\xd0cs\
\xf3+\xf1\xc2\xab\xe7\xe2\xe4\xe4\xd5\xd4Q\xa0'L\x0c\
\x02\x80\xfc\x9b\x9b_\x89g\x7f\xfa\x8783}-u\
\x14\xe8\xba]\xdb\x87\xe3\xb5\x7f\xd8\x1c\x1bF\x06RG\
\x01\xf2\xa0q>\x9aWl1\x01\x00\xee\x8a\xe2e\x97\
\xf9\xaa\xae\x8b\x14.\x01\x80$\x06\x87\x14.\xa1\x0f\xad\
\x1eV+\x5c\xd2O\xf6\x1f>\x1f\x87\xde\xb2\x82\x14\x00\
\xf2\xea\xcc\xf4\xf5x\xea\xa5i\x85K\xfa\xc6\xc9\xc9\xab\
\xf1\xecO\xff\x10\xe7f\x96RG\x01\xf2\xa0\xb2>u\
\x02\x00 \xbf\xf6\xb5{kt\x89I\x97]\xa2p\x09\
\x00$34\x16\xa5\xd1-\xa9S\x00=tf\xfaz\
<\xfb\xd3?\xc4\xdc\xfcr\xea(\x90\x84U\x8d\x00\x90\
?\x9ea\xe9g\x1bF\xca\xf1\xcb\x7f\xfa\x93x|\xdb\
\xbd\xa9\xa3\x00Y\xb6\xb2\x1c\xcd\x8f\xdfO\x9d\x02\x00\xc8\
7\x13/\xbbD\xe9\xb2\x0b\x14.\x01\x80\x94J\x1b6\
G\x8c\x8c\xa7\x8e\x01\xf4\x88\xc3jhyj\xe7\xfa8\
\xf8\xe2&\xab\x1a\x01 \x07\x8e\x1e\xbf\x1c\x07^\x9b\xf1\
\x0cK_S\xbc\x04nG\xf3\xc2o#\x96\x16R\xc7\
\x00\x00\xf2\xedDD\xfcuubj6u\x90\x22q\
\x12\xd1a\x0a\x97\x00@r\x83\xc3\xa9\x13\x00=r\xec\
TC\xe1\x12\xda\x8e\x9d\xba\xd2\xfe\xefa%u\x14\x00\
\xe0k\x1c=~9\xf6\x1f>\xef\x19\x96\xbe77\xbf\
\x1c\xff\xf1\xa5\xe98z\xfcr\xea(@\x96\xdd\xe3\xb5\
^\x00`\xcdvG\xc4\xbb\x8dzm4u\x90\x22Q\
\xba\xec \x85K\x00 \x13*\xd5\xd4\x09\x80\x1e8z\
\xfcr\xbc\xf0\xea9\x87\xd5p\x833\xd3\xd7\x14/\x01\
 \xc3V\x0b\x97\xc0\xe7\xf6\x1f>\xafx\x09|\xa5\xd2\
\xe0P\xea\x08\x00@1\xec\x08\xc5\xcb\x8eR\xba\xec\x10\
\x85K\x00 \x13\xbc\x08\x07}\xc1a5|5\xc5K\
\x00\xc8&\xcf\xb0\xf0\xd5\x14/\x81\xafd\xab\x11\x00\xd0\
9\x8a\x97\x1d\xa4t\xd9\x01\x0a\x97\x00@fX7\x03\
\x85\xe7\xb0\x1a\xbe\x99\xe2%\x00d\xcb\xa1\xb7.x\x86\
\x85o\xa0x\x09\xdc\xd2=.\xd9\x03\x00\x1d\xa5x\xd9\
!J\x97k\xd4\xa8\xd7\x0e\x84\xc2%\x00\x90\x11\xd6\xcd\
@\xb1)\x5c\xc2\xedS\xbc\x04\x80l\xd8\x7f\xf8|\x1c\
|\xf3B\xea\x18\x90\x0b\x8a\x97\xc0\x97\x0c\x94#\xca\x95\
\xd4)\x00\x80bQ\xbc\xec\x00\xa5\xcb5h\xd4k\xfb\
\x22\xe2\x95\xd49\x00\x00>c\xdd\x0c\x14\x96\xc2%\xdc\
9\xc5K\x00H\xeb\xf5w.)\x90\xc1\x1dR\xbc\x04\
\xbe\xc4k\xbe\x00@\xe7)^\xae\x91\xd2\xe5]j\x17\
.\x8f\xa4\xce\x01\x00\xf0\x05\xd6\xcd@!)\x5c\xc2\xdd\
S\xbc\x04\x804\x8e\x1e\xbf\x1c\x07^\xfb8u\x0c\xc8\
%\xc5K\xe0F\xb6\x1b\x01\x00]\xa2x\xb9\x06J\x97\
wA\xe1\x12\x00\xc8\xa4r\xa5\xb5n\x06(\x94c\xa7\
\x1a\x0a\x97\xb0F\x8a\x97\x00\xd0[.\x0d\xc1\xda)^\
\x02\x9fq\xd1\x1e\x00\xe8\x1e\xc5\xcb\xbb\xa4ty\x87\x1a\
\xf5\xda\x8eP\xb8\x04\x00\xb2\xc8\x9a\x19(\x9c3\xd3\xd7\
\x1dVC\x87\xac\x16/\x01\x80\xeeR\xb8\x84\xce\xd9\x7f\
\xf8|\x9c\x9c\xbc\x9a:\x06\x90\x9a\xd7}\x01\x80\xee\xd2\
\x85\xbb\x0bJ\x97w\xa0]\xb8|7u\x0e\x00\x80[\
\xb1f\x06\x8a\xe5\xcc\xf4\xf5\xf6d\xbe\xe5\xd4Q\xa00\
\xceL_S\x02\x01\x80.:9y\xd5\xe7Z\xe8\xb0\
\x17^\xfdc\x9c\x99\xbe\x9e:\x06\x90R\xb9\x92:\x01\
\x00P|{\x1b\xf5\x9a\xe2\xe5\x1dP\xba\xbcM7\x14\
.\x8dS\x05\x00\xb2\xc9\x9a\x19(\x8c\xb9\xf9\x15\x85K\
\xe8\x12\xd3\xb7\x00\xa0;\xceL_\x8f\x17^\xfdc\xea\
\x18P8s\xf3\xcb\xf1\xecO\xff\xa0x\x09\xfd\xae\xb2\
>u\x02\x00\xa0\xf8\xf6)^\xde>\xa5\xcb\xdb\xd0\xde\
[\x7f$\x14.\x01\x80,\xb3f\x06\x0aA\xe1\x12\xba\
\xef\xe8\xf1\xcbq\xf4\xf8\xe5\xd41\x00\xa00\xce\xcd,\
y\x86\x85.\x9a\x9b_\x8e\x9f\x1c>\x1fs\xf3+\xa9\
\xa3\x00\xa9\xd8r\x04\x00\xf4\x86\xe2\xe5mR\xba\xfc\x06\
\xed\xc2\xe5\xbb\xd1\xda_\x0f\x00\x90]\xd6\xcc@!\xec\
?|>\xceL_K\x1d\x03\x0ao\xff\xe1\xf3\x8a\x97\
\x00\xd0\x01s\xf3+\xf1\xc2\xab\x7fT\xb8\x84.;3\
}\xad]nV\xbc\x84~T\xf2\xda/\x00\xd0;\xfb\
\x1a\xf5\xda\xa1\xd4!\xb2N\xe9\xf2\x9b\xfd*\x14.\x01\
\x80\xac\xb3^\x06\x0aa\xff\xe1\xf3q\xec\xd4\x95\xd41\
\xa0o\x1cxm\xc6\x9aF\x00X\xa3\x17^=\xe7\xd2\
\x10\xf4\xc8\x99\xe9kq\xe0\xb5\x8fS\xc7\x00R\xb0\xe5\
\x08\x00\xe8\xad\x97\x1a\xf5\xda\xbe\xd4!\xb2L\xe9\xf2k\
\xb4\xc7\xa5\xeeN\x9d\x03\x00\xe0\x1b\xb9\xe9\x0c\xb9g\xdd\
1\xf4\xde\xdc\xfc\xb2iA\x00\xb0\x06\xfb\x0f\x9f\x8f\x93\
\x93WS\xc7\x80\xber\xf4\xf8\xe58\xf4\xd6\x85\xd41\
\x80^\xbb\xc7zq\x00\xa0\xe7\x8e(^~5\xa5\xcb\
\xaf\xd0\xa8\xd7\x0eD\xc4\xbe\xc41\x00\x00nK\xe9\x1e\
\xa5K\xc8\xb33\xd3\xd7c\xff\xe1\xf3\xa9c@_Z\
-^\x02\x00w\xc6\xa5!H\xe7\xe0\x9b\x17\xe2\xd8\xa9\
F\xea\x18@/\x0d\x94[o\x00\x00\xbdu\xa4Q\xaf\
\xedN\x1d\x22\x8b\x94.o\xa1\xdd\xd2}%u\x0e\x00\
\x80\xdbf\xbd8\xe4\xd6\xdc\xfc\x8a\xc2\x17$vf\xfa\
\x9a\xe23\x00\xdc\x01\x97\x86 \xbd\xfd\x87\xcf\xc7\x99\xe9\
\xeb\xa9c\x00\xbdt\x8f\x15\xe3\x00@\x12\xbfj\xd4k\
;R\x87\xc8\x1a\xa5\xcb\x9b\xb4\xff\x91\x1cI\x9d\x03\x00\
\xe0\x8eX/\x0e\xb9\xd5Zm\xbc\x9c:\x06\xf4=\xd3\
\xba\x00\xe0\xf6\xb84\x04\xd907\xbf\x1c?9|>\
\xe6\xe6WRG\x01z\xc5k\xc0\x00@\x1a\xa3\x11\xf1\
\xae\xe2\xe5\x17)]\xde\xa0\xfd\x8f\xe3\xdd\xd49\x00\x00\
\xee\x98\x17\xdc \x97\x0e\xbc6\x13g\xa6\xaf\xa5\x8e\x01\
\xb4\xb5\xfe\x9b4-\x08\x00\xbe\xce\x0b\xaf\x9esi\x08\
2\xc2\xc4v\xe8/\xa5{\xbc\x06\x0c\x00$3\x1a\xad\
U\xe3\xa3\xa9\x83d\x85\xd2e[\xfb\x1f\xc5\x91h\xfd\
#\x01\x00\xc8\x0f\xab\xc5!\x97\x8e\x9dj\xc4\xeb\xef|\
\x92:\x06p\x83\xb9\xf9\xe5v\x91\xc4\xb4 \x00\xb8\x95\
Co]\x88\x93\x93WS\xc7\x00np\xec\xd4\x95x\
\xfd\x9dK\xa9c\x00\xbd\xe0u`\x00 \xad\x1d\xd1\x9a\
x\xa9[\x17J\x977\xfaU\xb4\xfeq\x00\x00\xe4\xcb\
@9u\x02\xe0\x0e\x9d\x9bY2\x8d\x042\xca\x7f\x9f\
\x00pk''\xaf\xc6\xc17/\xa4\x8e\x01\xdc\xc2\x81\
\xd7>6\xb1\x1d\xfa\x81mG\x00@z;\x22\xe2P\
\xea\x10Y\xa0t\x19\x11\x8dz\xedPD\xecN\x9d\x03\
\x00\xe0n\x94\x06\x87RG\x00\xee\xd0\x0b\xaf\xfe\xd1J\
F\xc8\xb0c\xa7\xae\xc4\xd1\xe3\x97S\xc7\x00\x80\xcc\x98\
\x9b_\x89\x17^\xfdc\xea\x18\xc0\xd70\xb1\x1d\xfa\x80\
\xd2%\x00\x90\x0d\xfb\xda]\xbb\xbe\xd6\xf7\xa5\xcbF\xbd\
\xb6/\x22^J\x9d\x03\x00\xe0\xae\xdd\xa3t\x09yr\
\xe8\xad\x0bqf\xfaZ\xea\x18\xc078\xf0\xda\x8ci\
A\x00\xd0\xd6*s\xb94\x04Yvnf)\x0e\xbc\
\xf6q\xea\x18@\xb7\xb9\x80\x0f\x00d\xc3K\xed\xce]\
\xdf\xea\xeb\xd2e\xa3^\xdb\x11\x11GR\xe7\x00\x00X\
\x93\x81{R'\x00n\x93\x95\x8c\x90\x1fs\xf3\xcb\xf1\
\x13k\xc6\x01 ^\x7f\xe7R\x9c\x9c\xbc\x9a:\x06p\
\x1b\x8e\x1e\xbf\x1c\xc7N5R\xc7\x00\xba\xa9\xe4\xb5`\
\x00 3\x8e4\xea\xb5\xdd\xa9C\xa4\xd2\xb7\xa5\xcbF\
\xbd6\x1a\x11\xef\xa6\xce\x01\x00\xb0f\x95j\xea\x04\xc0\
m\x98\x9b_\x89\xfd\x0a\x5c\x90+g\xa6\xaf\xc5\xa1\xb7\
\x14\xa5\x01\xe8_g\xa6\xaf\xbb4\x049\xb3\xff\xf0y\
k\xc6\xa1\xc0J\xf7z-\x18\x00\xc8\x94_\xb5\x87\x1e\
\xf6\x9d\xbe-]F\xabp9\x9a:\x04\x00\xc0\x9a\x94\
+\xa9\x13\x00\xb7\xe9\xe0\x9b\x17\xe2\xdc\xccR\xea\x18\xc0\
\x1d:\xf8\xe6\x05k\xc6\x01\xe8[?9|\xdeZq\
\xc8\x99\xb9\xf9\xe5x\xe1\xd5s\xa9c\x00\xddR*\xa7\
N\x00\x00p\xa3\xd1hM\xbc\xec\xbb\x0e^_\x96.\
\x1b\xf5\xda\x91\x88\xe8\xcb\x96-\x00P0\xe5{S'\
\x00n\xc3\xc9\xc9\xab\xf1\xfa;\x9f\xa4\x8e\x01\xdc%k\
\xc6\x01\xe8G\x87\xde\xba\x10g\xa6\xaf\xa5\x8e\x01\xdc\x85\
\xd6\xd7\xa0\x97R\xc7\x00\xbaap8u\x02\x00\x80\x9b\
\xed\x88\x88_\xa5\x0e\xd1k}W\xbal\xd4k\xfb\x22\
b_\xe2\x18\x00\x00\x9d18\x94:\x01\xf0\x0d\xac\x15\
\x87\xfc\xb3f\x1c\x80~c\xad8\xe4\x9fm\x0bPP\
6\x1f\x01\x00\xd9\xb4\xbbQ\xaf\x1dJ\x1d\xa2\x97\xfa\xaa\
t\xd9\xde!\x7f$u\x0e\x00\x80N)\x0dX'\x03\
Y\xe7\xa0\x0b\x8a\xc1\x9aq\x00\xfa\xc9\xcf_\xfb8u\
\x04`\x8d\xe6\xe6\x97\xe3\xc0k3\xa9c\x00\x9d\xa6t\
\x09\x00d\xd7K\xeda\x88}\xa1oJ\x97\xed\xdd\xf1\
}7\xca\x14\x00(\xb8{L\xba\x84,\xb3V\x1c\x8a\
E\x01\x05\x80~\xf0\xfa;\x97\xe2\xe4\xe4\xd5\xd41\x80\
\x0e8v\xeaJ\x1c;\xd5H\x1d\x03\xe84\xdb\x8f\x00\
\x80\xec:\xd4\x1e\x8aXx}S\xba\x8c\xd6\x84\xcb\xad\
\xa9C\x00\x00t\xd4\xc0=\xa9\x13\x00_\xe3\xe7\xa6\x8a\
@\xa1\xb4\x8a\xd4\x97R\xc7\x00\x80\xae\x99\x9b_\xb1V\
\x1c\x0af\xff\xe1\xf317\xbf\x92:\x06\xd0I%\xaf\
\x09\x03\x00\x995\x1a\x11\xbfj\x0fG,\xb4\xbex\x22\
k\xd4k\x07\x22bo\xea\x1cPx\xe5JD\xf9\xde\
\xd6\xf7\x07\xcaQ\xba\xf9\xa6\xdd\x8d\xbf~\xa7\x16\xaf|\
\xe1\x87\xcd\x95\xe5\x88\xa5\x85\xcf\x7f\xe2\xd3\xab\x11+\xcb\
w\xf7{\x03\xe4Y\xa5\x9a:\x01\xf0\x15^\x7f\xe7R\
\x9c\x99\xbe\x96:\x06\xd0a\x07\xdf\xbc\x10\xcf\xec\xd9\x18\
\x1bF\xfa\xe9\x1e+\x00\xfd\xa2U\xce\xf2\x1a\x1b\x14\xc9\
\xdc\xfcr\x1c|\xf3B\x1cxa<u\x14\xa0S\x06\
\x87\xbetn\x06\x00\x90![\xa3\xb5\x8d\xfa\xfb\x89s\
tU)u\x80nk\xd4k\xbb#\xe2\xdd\xd49 \
\xf7V\x0b\x93\xe5J\x94\xee\xa9|\xfe\xe3R9{k\
\x0c\x16\xdb\xebR\x96\xafG,/F\xf3\xd3\xc5\x88\xe5\
\xc5\xcf~\x0cP\x18\x03\xe5(}\xeb\x89\xd4)\x80[\
\x98\x9b_\x89]?\xfa\xbd\x03k(\xa8g\xf6l\x8c\
\x83/nJ\x1d\x03\x00:\xea\xe4\xe4\xd5x\xf6\xa7\x7f\
H\x1d\x03\xe8\x92\xff\xe7\x17\xdb\xe2\xf1mw9\x14\x01\
\xc8\x96\xc6\xf9h^9\x9f:\x05\x00\xc07\xf9Eu\
b\xea\xe5\xd4!\xba\xa5\xd0\xa5\xcb\xf6\xa8\xd2\xe9h\x8d\
.\x05n\xc7\xe0PD\xf9\xde\xd6\x94\xca{Z\xdf\xcf\
\x5c\xa9r\xad\x96\xdb%\xcc\xa5\xab\xd1\x5c^lM\xcc\
4)\x13\xc8\xa3\xca\xfa(\x8d=\x92:\x05p\x0b\xfb\
\x0f\x9f\x8f\xa3\xc7/\xa7\x8e\x01t\xd1/\xff\xe9Ob\
\xd7\xf6\xe1\xd41\x00\xa0cv\xfd\xe8\xf7qnf)\
u\x0c\xa0Kvm\x1f\x8e_\xfe\xd3\x9f\xa4\x8e\x01t\
\xc2\xb5\xd9h^\xfa u\x0a\x00\x80\xdb\xf1\xd7\xd5\x89\
\xa9\xb7S\x87\xe8\x86\xa2\xaf\x17\xffU(\x5c\xc2W\xab\
\xac\x8f\x18\x1cj\x17,\x87\x8bW\xae\xfc*\xe5\xf6\xa4\
\xceJ\xf5\x8b\xcd\xf3\x95\xe5\x88O\x17Ze\xcc\xa5\x85\
V1\xd3z\x06 \xcb\x06\xca\xa9\x13\x00\xb7pr\xf2\
\xaa\xc2%\xf4\x81Co^\x88]\x0e\xad\x01(\x88\xd7\
\xdf\xb9\xa4p\x09\x05\xb7\xfa\xb5\xea3{6\xa6\x8e\x02\
\xac\xd5@\xd1\x8f\xf8\x01\xa2\xd5eX+\x83\x97 \x0b\
\x8e4\xea\xb5\xd3\xd5\x89\xa9\xb3\xa9\x83tZa']\
6\xea\xb5\x03\x11\xf1J\xea\x1c\x90\x19\xe5J\xc4\xe0p\
\x94*\xd5\x88\xc1\xe1\x88J5u\xa2\xfchO\xc2l\
^o\xb4\x1e\xcc\x96\x16R'\x02\x88\x88\x88\xd2\xfaM\
\x11U\xabM!k\x9e\xfd\xe9\x1f\xe2\xe4\xe4\xd5\xd41\
\x80\x1e8\xf8\xe2&\x87\xd6\x00\xe4\xde\xdc\xfcJ\xec\xfa\
\xd1\xefcn\xdea$\x14\xdd\xe6\xf1\xc18\xf9/\xdf\
I\x1d\x03X\xab\x95\xe5h~\xfc~\xea\x14\x00wf\
\xb5D98\x14\xa5\xd5\xa1\x227\x16+{\xd1_X\
Z\x88h\xb6\xbf\xeeY\xba\x1a\xd1\x5c\x8e\xe6\xcar\xfb\
\xe7?\xd5\x03\x80\xee9\x1d\x11\xdf\xafNL\xcd\xa6\x0e\
\xd2I\x85\xbc\x06\xd3\xa8\xd7v\x84\xc2%\xfdn\xa0\x1c\
q\xefh\x94\xee\xad\xb6\x1eV\xca\x95\xd4\x89\xf2kp\
\xa8\xf5\xf074\xf6\xf9\xcf-6\x22\x16\xaf\xb4\x8a\x98\
\xa6a\x02\xa9\x94L\xba\x84\xac9v\xaa\xa1p\x09}\
\xe4\xe0\x9b\x17\x94.\x01\xc8\xbd\xd7\xdf\xf9D\xe1\x12\xfa\
\xc4\xb9\x99\xa58\xf4\xd6\x85x\xf9\x07\x0f\xa4\x8e\x02\xac\
\x85\x0dH@\x16\x0d\x94[\xdb5\xcb\x95(\xddS\x89\
\xb8g\xa85\x997K\xc3\xa0n\xdc\xfc\xd9\xce\xf5\xa5\
Iu\xab\xdb1\x97\xafG,/\xb6\xfa\x00\xed\xef\x03\
wmGD\x1c\x8a\x88\xe7R\x07\xe9\xa4\xc2M\xbal\
\xd4k\xa3\x11\xf1\x9b\x88\xd8\x9a8\x0a\xf4^e}\x94\
\xd6m\xfclm8=\xb4\xb4\x10q}V\x09\x13\xe8\
\xa9\xd2\xd8\xa3\xd9\xfab\x15\x88]?\xfa\xbd\xb5\x8c\xd0\
g\xf6\xff\xf0\x01\x87\xd6\x00\xe4\xd6\xb9\x99\xa5.\xcbn\
\xb0\x00\x00 \x00IDAT\xd8\xf5\xa3\xdf\xa7\x8e\x01\
\xf4\xd0\x86\x91r\x9c\xfc\x97\xef\xc4\x86\x91\x81\xd4Q\x80\
5h\xceL*\x00\x01\xe9\xb4\x87>\x95\x06\x87Z[\
6\xef\x19\xea\x8fB\xf8b\xab\x80\xd9\x5cZh\xf5\x03\
\xf4\x02\xe0N=W\x9d\x98z#u\x88N)\xe2\xa4\
\xcb#\xa1pI\xbf\xb8q\x9a\xe5\xbd\xa3\xfd\xf1 \x93\
U\xab\xd30W\xbbO\x8b\x8dh^\x9bm=h\x19\
C\x0e\x00}\xe1\xe8\xf1\xcb\x0a\x97\xd0\x87^\xfb\xf5\xa5\
x\xfe\xe9\xfb\x1dZ\x03\x90K\x07\xdf\xbc\x90:\x02\xd0\
cs\xf3\xcbq\xf0\xcd\x0bq\xe0\x85\xf1\xd4Q\x80\xb5\
(\xdf\xabt\x09\xf4\xc6\xe0Pk\xf8\xd3\xe0Pk\x92\
e?\x0f\x7f\xaaT#\xa2\x1a\xa5\x1b\xff\x0a\xda\xe5\xcb\
\xe6j\x09\xd3\xc7f\xf8:\x87\x1a\xf5\xda\x89\xea\xc4\xd4\
\xd9\xd4A:\xa1P\xa5\xcbF\xbd\xb67\x22\xf6\xa6\xce\
\x01]\xb5Z\xb4\x5c\xb71b\xddh\xea4|\x95J\
5J\xab\xd3\xe7\x96\x17[\x0fZ\xd7.\xb7\x1e\xb4V\
\xack\x02:\xc4\x94K\xc8\x8c\xb9\xf9\x15\x07\xd6\xd0\xa7\
\xe6\xe6\x97\xe3\xf5w>1\xed\x12\x80\xdc97\xb3\x14\
G\x8f_N\x1d\x03H\xe0\xf5w>\x89\x17\xfe\xea\xbe\
\xd8<>\x98:\x0ap\xb7\x0cb\x01\xbaa\xa0\xfcy\
\xc1\xb2\xb2\xde9\xd4\xedX\x1d\xce\xb4\xfa\xe3\xd5n\xc0\
\xea\x86L%L\xb8\xd1hD\xfc*\x22\xfe,u\x90\
N(\xccz\xf1F\xbd\xb65Zk\xc5\xb5\xd0(\x1e\
E\xcbb\xb96\xdb*`^\x9fU\xc0\x04\xd6\xa4\xb4\
\xe9\xcfSG\x00\xda\x0e\xbduA\xe9\x12\xfa\x98\x15\x8d\
\x00\xe4\xd1\x0b\xaf\xfe1\x8e\x9d\xb2\x0e\x0f\xfa\xd53{\
6\xc6\xc1\x177\xa5\x8e\x01\xdc\xad\xc6\xf9h^9\x9f\
:\x05\x90w\xab%\xcbJ\xb5U\xb2\xec\xe7)\x96\xdd\
\xb2:\x09s\xb1\x11qm6u\x1a\xc8\x8a_T'\
\xa6^N\x1db\xad\x8aT\xba|7\x22v\xa7\xce\x01\
\x1dUY\x1f\xa5\xe1\xfb\xad\x0e/\xb2\xa5\x85h.\x5c\
l=`\xb9\xe5\x02\xdc\x89\xca\xfa(\x8d=\x92:\x05\
\x10\xad)\x97\xbb~\xf4\xfb\x98\x9bw\x99\xa2\xc8\xaa\x8f\
m\x8f\x88\x88\xca\xd8x\xdc;\xf6\xc55|\xe5\xe1\x91\
\xa8\x8c\x8d\xc7\xc2G\xd3_\xfa\xff]\xfdh:\x96\x17\
\xe6c\xf1\xc2L,^\x9c\xe9IV\xd2\xd8\xff\xc3\x07\
L\xbb\x04 7NN^\x8dg\x7f\xfa\x87\xd41\xe8\
\xa2\xf2\xf0H\x0c=\xb4-\x22\x22\xd6?\xba\xfdK\xbf\
^i?\xd3\xde\xfc\x8c\xfa\xe9\xd5\xf9X8\xd7z\xae\
]\xf8h:\x96\xaf\xcew9))\x9d\xfc\x97\xef\x98\
v\x09y\xa5t\x09\xdc\xad\xc1\xa1(\xad\x1b5\xc92\
\x85\x95\xe5\xcf7d\x1a\xd0\x04\x7f]\x9d\x98z;u\
\x88\xb5(D\xe9\xb2Q\xaf\x1d\x88\x88WR\xe7\x80\x8e\
(W\xa24<\x1614\x16Q\xae\xa4NC/-\
6\xa2y\xf5\xa2\x07,\xe0\xf6(]Bf\x98rY\
,C\x0fm\x8b\xa1\x87\xb6\xc5p\xfb\xdb\xa1\xcd\xdb\xa2\
<<\xd2\xb1\xdf\x7f\xe1\xa3\xe9X\xbc8\x13\x0b\x1fM\
\xc7\xd5\x8f\xa6\xa3\xf1\xbbI\x07\xd9\x05a\xda%\x00y\
\xf2\xecO\xff\x10''\xaf\xa6\x8eA\x87T\x1f\xdb\x1e\
\xeb\x1f\xdd\x1e\x95\xb1\xf1\xa8<0\x1e\xd5[\x94,\xd7\
\xa2\xf1\xbb\xc9X\xbc0\x13W?\x9a\x8e\x85s\xd3\xd1\
\xf8\x1f\x93\x1d\xfd\xfdI\xc7\xb4K\xc8\xb1\xc5F4/\
\xfe.u\x0a \x0fV\xa7Y\xae\xdbh\xd8S\xd6\xd8\
\x90I\x7f\x9b\x8d\x88m\xd5\x89\xa9\xdc\x8e\x80\xcd}\xe9\
\xb2Q\xaf\xed\x88\xd6Zq\xc8\xb7\xca\xfa(\x8d<h\
}8-\xd7f\xa3\xb9\xf0\x89\x11\xe3\xc0W\x1b\x19\x8f\
\xd2\x86\xcd\xa9S@\xdf3\xe52\xff\x86\x1e\xda\x16\xd5\
G\xb7\xc7\xe8\x9f\xed\xec\xf8\xe1\xf4\xedZ\xbc8\x13\x8d\
\xff1\x19W~7\x19\x97O\x9fR\xc2\xcc1\xd3.\
\x01\xc8\x83s3K\xb1\xebG\xbfO\x1d\x835\xd8\xb8\
cg\xac\x7fl{T\x1f\xdd\xfe\xd94\xcb^[h\
_ \x9a=}J\x093\xe7L\xbb\x84\x9cR\xba\x04\
\xbe\xce@9\xe2\xde\xd1V\xd1R\xff \x1fV\x0b\x98\
\x0b\x17S'\x81^:Q\x9d\x98\xfa~\xea\x10w\xab\
\x08\xa5\xcb\xdfD\xc4\x8e\xd49\xe0\xae\xac>\xec\xac\xdf\
d\xaa%\xb7\xb6\xb2\x1c\xb1p1\x9a\xf33\xd6\x8f\x03\
_PZ\xbf)\xa2j\x12\x01\xa4v\xf4\xf8\xe5\xd8\x7f\
\xd8*\xa7\xbc\xd9\xb8cg\x8c\xee\xd8\x19\xd5\xc7\xb6\x7f\
\xb6V1K\x16>\x9a\x8e\x8b\xff\xedx\x5c>}\xca\
J\xf2\x9c1\xed\x12\x80<\xd8\x7f\xf8|\x1c=~9\
u\x0c\xee@yx\xe4\xb3g\xd8\x8d;v\xa6\x8e\xf3\
%\xcbW\xe7?+`\xbaD\x94?\xa6]BN-\
/FsF\xe9\x1d\xb8\x81\xa2e1\xac,G\x5c\x9f\
\x8d\xe6\xd5O\x22\x16\xaf\xa4N\x03\xbd\xf0rub\xea\
\x17\xa9C\xdc\x8d\x5c\x97.\xad\x15'\xb7VW\x88\x0f\
\x8f\x1b\xdf\xcd\xed[]?\xeev\x0b\x10\xd1\x9ar9\
\x92\xbd\xa2\x10\xf4\x9b]?\xfa}\x9c\x9bYJ\x1d\x83\
\xdb0\xf4\xd0\xb6\x18{rO\xdc\xbfkOG\xd7\x85\
w\xdb\xc2G\xd31S\x7f\xc7\xe1u\x8e\x98v\x09@\
\x96\x99r\x99/\x1bw\xec\x8c\xb1'\xf7d\xb2h\xf9\
u>\xf9o\xc7?+`\x92\x0fg\xfe\xafG]\x1c\
\x82\x1cj\x9e\xff\xef\xa9#\x00Y04\xa6hYT\
\xcb\x8b\xad\xe1L\x0b\x17\xad\x1f\xa7\xc8f#\xe2\xfb\xd5\
\x89\xa9\xd3\xa9\x83\xdc\xa9\xdc\x96.\xad\x15'\x97\xca\x95\
\xd6d\xb2\xa1\xb1\xd4I\xc8\xb3\x95\xe5\x88\xab3\xd1\xbc\
b\xaa\x16\xf4\xb3\xd2\xd8\xa3\x11\x95j\xea\x18\xd0\xd7L\
\xb9\xcc\x87\xfb\x9f\xdc\x13cO\xeeI\xb6:\xbcS\x96\
\xaf\xce\xc7\xe5\xd3\xa7\xe2\xfc;o\x99~\x99q\x9b\xc7\
\x07\xe3\xe4\xbf|'u\x0c\x00\xb8%S.\xb3\xaf2\
6\xde\xba,\xf4\xe4\x9eLNe\xbf\x13\x8b\x17gb\
\xe6\xff}'>9y\xdc\x05\xa2\x8csq\x08\xf2I\
\xe9\x12\xfaXe}\x94\x86\xef\x8f\xb8w\xd4\x90\xa7~\
\xb1\xba\x1dsi!u\x12\xe8\x86\xd3\xd5\x89\xa9?K\
\x1d\xe2N\xe5\xb9ti\xad8\xf9\xb1\xfa\xd0\xa3lI\
\xa7,6\xa2y\xf1w\xa9S\x00\x09)]Bz\xff\
\xf1\xa5\xb3qf\xfaZ\xea\x18\xdcByx$\xc6'\
\x9e.\xc4A\xf5\xad4~7\x19\xe7\xdfy+\x1a\xff\
\xc3\x1a\xb1\xac:\xf8\xe2\xa6xf\xcf\xc6\xd41\x00\xe0\
\x0b\xe6\xe6W\xe2\xf1\xff\xdd\xebIYU\x19\x1b\x8fM\
O\xff \xee\x7frO\xea(\x1d\xe7\x02Q\xf6m\x18\
)\xc7\xc9\x7f\xf9\x8ei\x97\x903\xcd\x8b\xff\xd3\xeaY\
\xe8'\x03\xe5\xd6T\xcb\x91\xf1\x88r%u\x1aR\xb1\
\x1d\x93\xe2\xfayub\xea@\xea\x10w\x22\x97\xa5K\
k\xc5\xc9\x8d\xca\xfa\xd6dK\xa5\x18:m~&\x9a\
s\xe7R\xa7\x00\x12*}\xeb\x09\xb7\x17!\xa1\x93\x93\
W\xe3\xd9\x9f\xfe!u\x0cn\xb2Z\xb6|p\xe2\xe9\
\x5c\xad\x10\xbf[\xca\x97\xd9e\xda%\x00Yt\xe8\xad\
\x0bq\xf0\xcd\x0b\xa9cp\x93\x22\x97-o\xe5\x93\xff\
v\x5c\xf92\xa3\x5c\x1c\x82\xfcQ\xba\x84>a\xc0\x13\
\xb7\xb2\xbc\xd8\xda\x8cy}\xd6\xeaq\x8a\xe4\xcf\xf2\xb4\
f<w\xa5Kk\xc5\xc9\x85r%J\x1b6G\xac\
\x1bM\x9d\x84\x82j\xce~\xe8\xf6\x0a\xf4\xb9\xd2\xa6?\
O\x1d\x01\xfa\x9a\xb5\x8c\xd9s\xff\x93{b\xf3\xb3\xcf\
\xf7E\xd9\xf2f\x8d\xdfM\xc6\x87G\xfeO\x07\xd7\x19\
\xf3\xcb\x7f\xfa\x93\xd8\xb5}8u\x0c\x00\xf8\xcc\xae\x1f\
\xfd>\xce\xcd,\xa5\x8eA[yx$6?\xfb|\
\xdf\x94-o\xf6\xff\xbd\xf3V\xcc\xd4\xdf\xb1v<C\
\x5c\x1c\x82\xfci^\xfa \xe2\xdal\xea\x18@\xb7\xac\
\x1b\x8dRuS\xc4\xe0P\xea$d\xd9\xcar\xc4\xd5\
\x99\xd6\xeaq\xe5K\xf2/Wk\xc6\xf3\xb8'\xe0H\
\xea\x00\xf0\x95\xca\x95(\x8dn\x89\xd2\xf8v\x85K\xba\
\xeb\xd3\xab\xa9\x13\x00@\xdf:7\xb3\xa4p\x99!\xd5\
\xc7\xb6\xc7w\x7fv(\xb6\xec\xfbq_\x16.#\x22\
\xaa\x8fn\x8f\xc7\xff\x8f\x7f\x8e\xcd\x7f\xd3\x9f\xa5\xd3\xac\
:Z\xf7q\x02\x80\xec8z\xfc\xb2\xc2e\x86<8\
\xf1t<\xfe\xea?\xf7m\xe12\x22\xe2\xdbO\xff\xa0\
\xef\xff\x0e\xb2\xe6\xdc\xccR\x9c\x9c\xf4\xba3\xe4II\
\x11\x0b\x0a\xad42\xaep\xc97\x1b(GT7E\
\xe9\xc1\xed\xad-\xac\xb6\xe4\x91o;\xda\xdb\xafs!\
W\xa5\xcb\xf6_\xec\x8e\xd49\xe0K\x06\xcaQZ\xbf\
\xa9U\xb64\xd6\x9b^XZH\x9d\x00H\xa9\xb2>\
u\x02\xe8k\x0a\x97\xd9P\x1e\x1e\x89\xcd\x7f\xf3|<\
\xf2\x93\x7f\x8c\xa1\x87\xb6\xa5\x8e\x93\x09\xab\x87\xf7\x1bw\
\xecL\x1d\x85Pn\x01 [\x5c\x06\xc8\x86\xa1\x87\xb6\
\xc5w\x7fv\xc8e\x99\xb6\xf2\xf0Hl\xd9\xf7\xe3x\
\xe4\xbf\xfccT\xc6\xc6S\xc7!\x22^\xff\xf5\xa5\xd4\
\x11\x00\x80U\x8bWR' O\x94/)\x8eW\xda\
[\xb03/7\xa5\xcbF\xbd\xb65\x22^L\x9d\x03\
\xbedd<J\x0fn\x8f\xa8nJ\x9d\x84~\xa1p\
\x09\x00I\xfd\xd2\x81ur\x1bw\xec\x8c\xc7_\xfd\xe7\
xp\xe2\xe9\xd4Q2\xa7<<\x12\x0f\xff\xdd\xdf\xc7\
\xc3\x7f\xf7\xf7\x0e\xf23@I\x1b\x80,0\xbd.\x1b\
6=\xfd\x83\xf8\xee\xcf\x0e\xb90t\x0b\xab\x93\xdb7\
=\xfd\x83\xd4Q\xfa\xde\xb1SW\x5c\x1c\x82<))\
\xd4@\x915?]L\x1d\x81<\xba\xb9|\x09\xf9\x94\
\x8b-\xd8\xb9)]F\xeb/\xd4\xbef\xb2\xa3\xb2>\
J\x0f|/J\x1b6\xbb%@oY-\x0e\xf8\xbc\
\x03\xc9\x1c;\xd5p\x00\x95\xd0\xeatK\x85\xc2o\xb6\
ZL5\xf52-%m\x00\xb2\xe05\x93\xeb\x92Z\
\x9dn\xf9m\x85\xc2o\xf4\xed\xa7\x7f`\xeae\x06\xb8\
8\x04928\x9c:\x01\xd0M\xce\x84Y\x8b\xd5\xf2\
\xa5m\xad\xe4S.\xd6\x8c\xe7\xa2t\xd9\xa8\xd7\xf6F\
\xc4\xee\xd49 \x22Z\xab\xc4\xef{8Jc\x8fD\
\x0c\x0e\xa5NC\x1fj\x9at\x09}\xaf\xe4\xf3\x0f$\
c-c:C\x0fm\x8bG~\xf2\x8f\xa6[\xde\x81\
\xd5\xa9\x97\x9b\xff\xe6\xf9\xd4Q\xfa\xd6\xb9\x99\xa58v\
\xaa\x91:\x06\x00}N\x81*\x9d\xfb\x9f\xdc\x13\x8f\xfc\
\xe4\x1fM\xb7\xbc\x03\xd5G\xb7\xc7w\x7fv\xc8\xe5\xa1\
\x84\x5c\x1c\x02\x80\x8cp&L'\x94+Q\x1a\xdd\x12\
\xa5\xb1G#*\xebS\xa7\x81;\xf1J{+vf\
e\xbet\xd9\xa8\xd7F#'cC\xe9\x03\xab\xab\xc4\
\xd7\x19\xbaJB\x1e\xb0\x01 \x89\xb9\xf9\x958v\xea\
J\xea\x18}i\xe3\x8e\x9d\x0e\xab\xd7\xe0\xc1\x89\xa7\xe3\
\xbb?;d:h\x22\xc7\xde\xf3q\x03\x80t\x8e\x1e\
\xbf\x1cs\xf3\xcb\xa9c\xf4\xa5-\xfb~\x1c[\xf6\xfd\
\xd83\xd8]X\xbd<d\xddx\x1a\xe7f\x96\xe2\xe4\
\xa4\xc9Z\x00\x90\x09\x8b.\xf3\xd2!\x95j\x94\xc6\x1e\
\x89\xd2\xe8\x96\x88r%u\x1a\xb8]\x99\xee\x0bf\xbe\
t\x19\x11\xaf\x84\xb5\xe2\xa468d\x958\xd9\xb1\xe8\
\xd0\x16\xfa^\xc9\xe7\x22H\xc1\x84\xa046=\xfd\x03\
\xeb\xc4;`\xe8\xa1m\xf1\xf8\xab\xff\xac\xb8\x9a@\xab\
\xec\xb2\x92:\x06\x00}\xea\xd8{\x0ei{\xad<<\
\x12\xdf\xfd\xd9\xa1\xb8\xff\xc9=\xa9\xa3\xe4\xde\xb7}-\
\x90\x8c-\x0f\x90\x13\x95j\xea\x04@\xb7-\xb9\x08A\
\x87\x0d\x8d\xb5\xba/\xeb7\xa5N\x02\xb7cw\xa3^\
{)u\x88\xaf\x92\xe9\xd2e\xa3^\xdb\x1d\x11\x99\xfd\
\xcb\xa3?\x94\xd6o\x8a\xd2\x03\xdf\xb3J\x9cl0\xe5\
\x12\x88\x88\x18\x1cN\x9d\x00\xfa\x92C\xa7\xde\xdb\xb2\xef\
\xc7\xf1m\xd3m:\xa6<<\x12\x8f\xfc\xe4\x1f\xadj\
L\xc0\x94\x5c\x00R0\xa9\xbd\xf7\x86\x1e\xdafB{\
\x87\xadN\xbdW\xbc\xec\xadc\xa7\x14\xb6\x01 \x0b\x9a\
\xcb\x8b\xa9#PD\x03\xe5\x88j\xbb\x07c\xe58\xd9\
\xf7J{Kv\xe6d\xbat\x19\x11\x87R\x07\xa0\x8f\
\xb5\xa7[FU\xc3\x9f\x0cY\xbe\x9e:\x01\x00\xf4\xa5\
s3Kqf\xfaZ\xea\x18}\xa3<<\x12\x8f\xfc\
\x97\x7f4\x1d\xa8\x0bVW5\xfa\xbb\xed-S\xc6\x00\
H\xc1\xa4\xf6\xdeR\xb8\xec\x9e\xa1\x87\xb6\xc5w\x7fv\
\xc8\xdfm\x0f\xcd\xcd/\xfb\x18\x02\x00Y` \x0f\xdd\
48\xd4Z9n\xe3+\xd96\x1a\x19]3\x9e\xd9\
\xd2e{<\xe8\x8e\xd49\xe8O\xa6[\x92Y\x9fz\
\xb0\x06\x80\x14^\xfb\xf5\xa5\xd4\x11\xfa\xc6\xea4\xc6\xea\
\xa3\xdbSG)\xb4-\xfb~\xacx\xd9C\xc7N]\
\x89s3K\xa9c\x00\xd0gLj\xef\x9d\xd5\xc2\xa5\
i\x8c\xddS\x19\x1bWj\xed1\x17\x87 '\xca\x95\
\xd4\x09\x80nZ4\xb9\x9e\x1e\x18\x19o\xf5c\xd6e\
r\x98 DD\xecmo\xcb\xce\x94L\x96.\xdbc\
A_I\x9d\x83>d\xba%\x19\xd7\xbc\xee\x85. \
\x22*\xd5\xd4\x09\xa0\xefX\xcb\xd8\x1b\xab\x85K\x07\xa9\
\xbd\xa1x\xd9[V4\x02\xd0K&\xb5\xf7\x8e\xc2e\
\xef\xf8z\xa1\xb7\x8e\x9d\xba\x12s\xf3+\xa9c\x00\xdf\
\xa4|o\xea\x04@\xb7\x99vI/\x94+Q\xba\xef\
\xe1(\xdd\xf7\xb0\xa9\x97dU\xe6\xa6]f\xb2t\x19\
\xad\xc2\xa5\x0a5\xbd52\x1e\xa5\xfb\x1f5\xdd\x92l\
\xfb\xf4j\xea\x04\x00\xd0w\xceL_7\xa1\xae\x07\x1c\
\xa0\xa6\xa1x\xd9;\xc7\xdeS\xde\x06\xa0w\x94\xfd{\
C\xe1\xb2\xf7|\xdd\xd0[. \x02@\x06,_O\
\x9d\x80~\xb2n\xb45\xa8\xac\xb2>u\x12\xb8\xd9\xd6\
F\xbdv u\x88\x1be\xaet\xd9\xa8\xd7vD\xc4\
K\xa9s\xd0G\x06\xca\xad\xc6\xfe\x86\xcd\x1a\xfbd\xdb\
\xcar\xeb\x0d\x00\xe8\xa9\xf7&]z\xe8\x05\x07\xa7\xe9\
(^\xf6\xc6\xc9\xc9\xab&\x05\x01\xd03V\x8bw\x9f\
\xc2e:\xab\xc5\xcb\xca\xd8x\xea(\x85g\xc58\x00\
d\xc0\xa7&]\xd2c\xe5J\x94\xc6\x1eiuh \
[^l\xd4k[S\x87X\x95\xb9\xd2eD\x1cJ\
\x1d\x80>\xb2\xbaN|\x9d\xc1\xaa\xe4\x80\x07j \x22\
\xa2\x5cI\x9d\x00\xfa\x8e\x03\xeb\xee\xdb\xb2\xef\xc7\x0a\x97\
\x89m\xd9\xf7\xe3\xa8>\xb6=u\x8c\xc23)\x08\x80\
^\x98\x9b_\xb1Z\xbc\xcbVK\x7f\x0a\x97\xe9\x94\x87\
G\xe2\xe1\xbf\xfb{\xef\x83.\xf3\xfc\x0a9`\x83\x1f\
\x14^\xf3\xbaK\x10$22\xde\xea\xd3\xf8\x5cCv\
\x8cF\x86z\x85\x99*]6\xea\xb5\xbd\x11\xb1;u\
\x0e\xfa\xc4\xea'\x08\xe5\x15\xf2b\xd1\x0b\x5c@D\x94\
\xefM\x9d\x00\xfa\xca\xb9\x99%\x07\xd6]\xb6\xf9o\x9e\
7e1#\x1e\xfe\xcf\x7f\xaf\xfc\xdae&\x05\x01\xd0\
\x0bJR\xdd\xa5p\x99\x1d\xab\xd3F\xe9\xaec\xa7<\
\xc3B\x96\x95l\xf1\x83\xe2\xb3^\x9c\x94\x06\x87\xa2t\
\xff\xa3\x11Cc\xa9\x93\xc0\xaa\xbd\x8dzmw\xea\x10\
\x11\x19+]F\x86\xda\xa8\x14\xd8@9J\xa3[\x8c\
B&w\x9aK&]\x02@\xaf\x9d\xb4Z\xbc\xab\xee\
\x7frO<8\xf1t\xea\x18\xb4\x99\x16\xd4}J0\
\x00\xf4\x82\x92\x7fw\x99\xd2\x9e-C\x0fm\x8b-\xfb\
~\x9c:F\xa1\x1d{\xcf3,\x00$\xb5\xbc\x18\xb1\
\xb2\x9c:\x05\xfdl\xb5c3\xba%B\xd9\x9fl\xc8\
D\xbf03\xa5\xcbF\xbdv \x22\xb6&\x8eA\xd1\
\x95+Z\xf8\xe4\x97[L\x00\xd0s\x0e\xac\xbbg\xe8\
\xa1m\xb1\xf9\xd9\xe7S\xc7\xe0&\x95\xb1\xf1x\xf8\xef\
\xfe>u\x8cB3)\x08\x80nsq\xa8{6=\
\xfd\x83\xd8\xb8cg\xea\x18\xdc\xe4\xfe'\xf7\x98\x9e\xdf\
E>\xa6\x00@\x06|j8\x0f\x1904\xd6\xea\xdb\
X7Nz;\x1a\xf5\xda\xbe\xd4!2Q\xbal\xd4\
k\xa3\x11\xf1b\xea\x1c\x14\x5ce}k\x9d\xb8O\x00\
\xe4\x95I\x97@DD\xb9\x92:\x01\xf4\x15\x87K\xdd\
a\xa2b\xb6U\x1f\xdd\x1e\x9b\x9e\xfeA\xea\x18\x85u\
\xf2\xdf}\x5c\x01\xa0{NN^\x8d\xb9ySp\xba\
\xa1\xfa\xd8\xf6\xf8\xb6g\xa4\xcc2\x81\xb4{\xce\xcd,\
\xc5\x99i\x03\x01\x00 \xa9%\xaf'\x91\x11\xab\xeb\xc6\
\xd7\x8d\xa6N\x02\x87\xda}\xc3d2Q\xba\x8c\x88W\
\x22\xc2\x7f\x91t\xcf\xd0X\x94\xc6\x1e1\xea\x98\xfcZ\
4\x0d\x07h)\xdd\xa3t\x09\xbd\xe2\xc0\xba{6?\
\xfb|T\xc6\xc6S\xc7\xe0k|\xfb\xe9\x1fD\xf5\xb1\
\xed\xa9c\x14\xd2{\xca\xdc\x00t\x91I\xed\xddQ\x1e\
\x1e\x89\x87\xff\xb3i\xe0Y\xb7e\xdf\x8f]\xec\xea\x12\
\xcf\xb0\x90a\x95\xf5\xa9\x13\x00=\xd0\x5c^L\x1d\x01\
>7P\x8e\xd2}\x0fGi\xfd\xa6\xd4I\xe8o\xa3\
\x11\xf1R\xca\x00\xc9K\x97\x8dzmk$\xfeK\xa0\
\xd8J\xa3[\xa24\xba%u\x0cX\x1b\xab\xc5\x01\xa0\
\xe7\x1c*u\xc7\xc6\x1d;\xad\xfe\xcb\x09\x87\xd6\xddq\
f\xfaZ\x9c\x9bYJ\x1d\x03\x80\x82\xf2\x0c\xdb\x1d\x9e\
\x8b\xf2a\xe8\xa1m&\xb6w\x89i\xed\x00\x90\x98\x8d\
\x88dQuS\xab\x8bc\xf8\x19\xe9\xbc\xd2\xee\x1d&\
\x91\xbct\x19\xad)\x97\xd0y\xedv}\x0c\x8d\xa5N\
\x02k\xe7\xf6\x12\x00\xf4\x9cC\xa5\xce+\x0f\x8f\xc4\x96\
}?N\x1d\x83\xdbT\x19\x1bwh\xdd%'\x15b\
\x00\xe8\x82\xb9\xf9\x9583}-u\x8c\xc2\xd9\xb8c\
gl\xdc\xb13u\x0cn\xd3\x83\x13O\x9b\xd8\xde\x05\
\xc7N]I\x1d\x01\x00\xfa\xdb\xa2\xcf\xc5d\xd4\xd0X\
k\xdd\xb8\xe2%\xe9$\xeb\x1d&-]6\xea\xb5\xdd\
\x11\xb1/e\x06\x0aj\xa0\xdc\xfa\xc0\xbe\xce\xd6z\x8a\
\xa1y\xddj(\x00\xe85\xa5\xa8\xce3!(\x7f\x1c\
Zw\x87R7\x00\xdd\xe0\xf9\xb5\xf3\x5c\x1a\xca'_\
wt\x87\x8f1\x00\x90\x98!=d\xd5\xe0P\x94\x1e\
\xdc\x1e18\x94:\x09\xfdi_\xbb\x7f\xd8s\xa9'\
]\x9arI\xe7\x0d\x0eE\xe9\x81\xef\xf9\x80N\xb1|\
\xea\x05-\xa0\xad\x5cI\x9d\x00\xfa\x82\xc3\xa4\xce\xab>\
\xb6\xdd\x84\xa0\x9cR4\xe8<\x1fc\x00\xe8\x06\xa5\xfe\
\xce\xdb\xfc\xec\xf3\xca{9T\x19\x1b\x8f\xf1\x89\xa7S\
\xc7(\x9c\xf7<\xc3\x02@ZJ\x97d\x99\xc1h\xa4\
\x95\xa4\x7f\x98\xact\xd9n\x99\xeeN\xf5\xe7SP\x83\
C\xad\x0f\xe4\x0a)\x14\xc9\xcar\xeb\x0d \x22\xa2|\
o\xea\x04\xd0\x17\x1c&u\x9e\xe2^~Y3\xdey\
\xe7f\x96bn~%u\x0c\x00\x0a\xc63lgU\
\x1f\xdb\x1e\xf7?\xb9'u\x0c\xee\xd2\xb7\x9f\xfeAT\
\xc6\xc6S\xc7(\x943\x1f\x5cO\x1d\x01\x00\xfa\x9b\x15\
\xe3d\xdd@9J\xf7=\x1c14\x96:\x09\xfdg\
w\x8ai\x97)']\x9arIg\xad\x16.\x07\xca\
\xa9\x93@g}\xba\x90:\x01\x00\xf4\x1dS\x82:k\
\x93\x03\xcf\xdc{p\xe2iS\x9e:\xcc\xb4K\x00:\
\xed\xcc\xf4\xb5\xd4\x11\x0a\xc5\xa5\x93\xfc\xdb\xf2\x9c\x8b_\
\x9d\xe4\xf9\x152\xaaRM\x9d\x00\xe8\x91\xe6\xa7&]\
\x92\x0f\xa5\xd1-\x8a\x97\xa4p\xa8\xd7\x7f`\x92\xd2\xa5\
)\x97t\xdc\xd0Xk\xa5\xb8\xc2%E\xb4\xe4\xc5,\
\x00\xe8\xb53\xd3&xtJyx$\x1e\xb4\xda/\
\xf7\xca\xc3#\xb1\xf9\xd9\xe7S\xc7(\x94)\xc5\x18\x00\
:H\x19\xaa\xb3\xee\x7frOT\x1f\xdd\x9e:\x06k\
T}t{T\x1f\xf3~\xec\x94\xb9\xf9e_+\x03\
@J\x9fz\xe6'?J\xa3[Z\xe5K\xe8\x9d\x1d\
\x8dzm_/\xff\xc0T\x93.M\xb9\xa4s\x86\xc6\
|\xb0\xa6\xd0\x9a\xcbn-\x01@/\x9d\x99\xbe\x1es\
\xf3\xcb\xa9c\x14\xc6\xb8\x09\x89\x85q\xff\x93{L,\
\xed \x13u\x01\xe8\xa4)E\xa8\x8e2\xe5\xb28\xbc\
/;\xcb\xc5!\x00Hh\xc9vDrF\x97\x87\xde\
\xebi\x1f\xb1\xe7\xa5\xcbF\xbd\xb67L\xb9\xa4S|\
\x90\xa6\x1fx\x80\x06\x80\x9er\x88\xd49\xa6\x5c\x16\x8f\
C\xeb\xce1%\x08\x80NR\xe6\xef\x1c\x17M\x8a\xc5\
\xb4\xcb\xce:\xf3\x81gX\x00H\xca\xb91y\xa3\xd3\
Com\xed\xe5\xb4\xcb\x14\x93.{\xbeC\x9d\x82\xf2\
\xc1\x99~aT<p\xa3r%u\x02(<\x87H\
\x9dc\xcae\xf1(!t\xce\xdc\xfcr\x9c\x9bYJ\
\x1d\x03\x80\x828\xe3\xe2P\xc7\xb8dR<\xde\xa7\x9d\
\xe3\x92\x22\x00$\xb6\xec\xb5krH\xb7\x87\xde\xea\xd9\
\xb4\xcb\x9e\x96.\xdbm\xd2\xad\xbd\xfc3)(\x1f\x94\
\xe9\x17+\xcb\xad7\x80UJ\x97\xd0u\x0e\x91:\xc3\
\x94\xcb\xe2rh\xdd9\xa6]\x02\xd0)\x8a\xfc\x9d\xe1\
\x82I1\x99v\xd99''\x0d\x08\x00\x80\xa4>5\
\xe9\x92\x9c\xd2\xf1\xa1wz6\xed\xb2\xd7\x93.\xff\xb6\
\xc7\x7f\x1eE\xe4\x831\xfd\xc4\x833\x00\xf4\x9c\x12T\
g\xdc\xbfk\x8f)\x97\x05\xb5q\xc7N\xef\xdb\x0eQ\
\xf2\x06\xa0\x13\x94\xa0:g\xec\xc9=\xa9#\xd0%\xe3\
.\x84u\x8c\xaf\x99\x01 \x9d\xa6\xf5\xe2\xe4\x99\xae\x0f\
\xbd\xd3\x93i\x97=+]6\xea\xb5\xdd\x11\xb1\xbbW\
\x7f\x1e\x05\xe5\x830\xfdf\xc9\x8b\xe6\x00\xd0K\xe7f\
\x96bn\xde\x94\xe9N\x18\xff\xdf\x1cj\x16Uyx\
$\xee\xdf\xa5\x90\xd0\x09'\xff\xdd\xf3>\x00k7\xa5\
\x00\xd5\x11C\x0fm\x8b\xea\xa3\xa6!\x16\xd5\xc6\x1d;\
M1\xed\x10\x93u\x01 !\x1b\x12\xc9;\x9d\x1fz\
\xa3'\xd3.{9\xe9\xb2g;\xd3)\xa8\xc1!\x1f\
|\xe9;\xcd\xe5\xc5\xd4\x11\x00\xa0\xaf|\xe4\xf0\xa8#\
\x1ch\x16\x9fRmg\xf8\x98\x03@'|\xf4\xb1\xcf\
'\x9d`\x12b\xf1y\x86\xed\x0c\xd3\xda!\x83\x06\xca\
\xa9\x13\x00\xbd\xb2x%u\x02X;\xc5Kz\xa3\xeb\
=\xc5\x9e\x94.M\xb9d\xcd\x06\x87\xa2t\xff\xa3\xa9\
S@\xef\x19\x11\x0f\x00=\xf5\x9e\xd5\x8c\x1d1\xbac\
g\xea\x08tYel<\xaa\x8f\x99\x04\xb5V\xa6\x04\
\x01\xd0\x09\x0aPkW\x1e\x1e\x89\x8d\x9ea\x0b\xcf\xfb\
\xb83\xce|`\xba.d\xce=\xc3\xa9\x13\x00\xbdd\
h\x0fE\xa0xI\xf7u}\xdae\xaf&]\x9ar\
\xc9\xdd[-\x5c\xba\xa5E?\xfaT\xf1\x03\x00z\xe9\
rc%u\x84\xdc+\x0f\x8f\xc4\xfdOZ=\xdd\x0f\
\xc6\xac\x18\xef\x883V\xc2\x02\xb0F>\x97\xac\xdd\xc6\
\x1d;\xa3<<\x92:\x06]V\x19\x1bW\xbc\xec\x80\
\xb9ykM\x01 )\xa5K\x8abh\xac\xf5\x06\xdd\
\xd3\xd5\xbeb\xd7K\x97\x8dzmG\x98r\xc9\xdd\x1a\
(G\xe9\xbe\xef(\x5c\xd2\x9fV\x96[o\x00@\xcf\
\x98\x12\xb4v\x0e1\xfb\x87\xf7ug\x98v\x09\xc0Z\
)@\xad\x9dI\xed\xfd\xc3\xfbz\xedN\xda\x10\x01\x00\
iY1N\x81\x94F\xb7(^\xd2M[\xdb\xdb\xb9\
\xbb\xa2\x17\x93._\xec\xc1\x9fA\x11\x0d\x94[\x13.\
\xcb\x95\xd4I \x8dO\xad\x16\x07\x80^\xfbH\xf9i\
\xcd\x1cb\xf6\x0fk8;C\xd9\x1b\x80\xb5P~Z\
;\xcf4\xfd\xc5\xfb\xba3\xe6\xe6m\x89\x00\x80T\x9a\
\x9f\x9atI\xb1\x94F\xb7DT\xd6\xa7\x8eAqu\
m\xdaeWK\x97\x8dzmkD\xec\xeb\xe6\x9fA\
q\x956n\x89\x18\x1cJ\x1d\x03\xd2Y\xf2\xa29\x00\
\xf4\x9a\x89sk\xe3\xc0\xba\xff(\xd9\xae\xdd\xe5\x86\x03\
k\x00H\xc9\xf3k\x7f\xf15Kg\x9cqq\x08\x00\
\xd2\xb1^\x9c\x02*\xdd\xf7\xb0~\x10\xdd\xb2\xbb[\xd3\
.\xbb=\xe9\xb2\xab\xbb\xd1)\xae\xd2\xe8\x96\x88u\xa3\
\xa9c@RM\x0f\xcc\xc0\xcd|\xb1\x01]uf\xfa\
z\xea\x08\xb9W}t{\xea\x08\xf4X\xf51\xef\xf3\
\xb52\xe9\x12\x80\xb5x\xcf\xa4\xcb5[\xef\x19\xb6\xef\
\xac\xf7\x0c\xbbf.,\x02@B\x9f\xfa\x1a\x80\x02Z\
\xdd\x84;PN\x9d\x84b\xea\xca\x96\xee\xae\x95.\x1b\
\xf5\xdahD\xec\xed\xd6\xefO\x81\x0d\x8d\xb5\xde\xa0\xdf\
-Y/\x0e\xdc\xa4tO\xea\x04Phs\xf3\xcb\xa9\
#\xe4\x9e\xc3\xcb\xfeS\x19\x1b\x8f\xa1\x87\xb6\xa5\x8e\x91\
kV3\x02@Z\xa6\x1e\xf6\x1f\x97\xc5\xd6N\xe9\x12\
\x00\x12ZYn\xbdA\xd1(^\xd2={\xdb\xdb\xba\
;\xaa\x9b\x93._\x8a\x08\xa3\x0a\xb93\x95\xf5\xad)\
\x97@\xc4\xb2i[\x00\xd0K\x0e\x8d\xd6\xce\x81u\x7f\
rh\xbd6V3\x02\xb0\x16'\xff\xdd\x94\x9b\xb5\x18\
zh[\x94\x87GR\xc7\xa0\xc7\x86\x1e\xda\x16\x95\xb1\
\xf1\xd41r\xedr\xc3\xc5!\x00H\xeaS\xc3{(\
\xa8\xc1\xa1(m\xd8\x9c:\x05\xc5\xd4\xf1m\xdd\xdd,\
]\xfem\x17\x7fo\x8a\xa8\x5c\x89\xd2}\x0f\xa7N\x01\
\xd9a\xbd8\x00\xf4\x94\xd2\xe5\xda\x94\x87G\x1c\x5c\xf6\
)\x13N\x01\x80\xbcry\xa4\x7f\x99\xd6\xbe6S.\
\x0e\x01@ZK._Q`CcQZ\xbf)u\
\x0a\x8ago{kw\xc7t\xa5t\xd9\xa8\xd7\xf6E\
\xc4\xd6n\xfc\xde\x14\xd4@9J\xf7}\xc7\x98`X\
\xb5\xd8H\x9d\x00\x00\xe0\x8e8\xb0\xee_\x0e\xac\xd7\xee\
\xcc\xb4)\xf7\x00\xfc\xff\xec\xddKl\xddgz'\xe8\
\x97\xa4I\x8a\x17Q\xd7\xd0\xad.\xda%\xba\xd0U(\
\x91\x85\xb8\xbb\x17\xb2\x1a3hE,@\x8b\x81<\xe9\
\x85\x02{1\x98\x02\xa4\xee\xad\xc6^z\x0a\x88\x1a\x0d\
O6\x89\xdb\xa9E\x16]6\xc6\xe9\xc5\xc4e\x03\x8d\
\xa4\x95\x06\xca\x18\xd3q\xa6:V\x14\xa0zT\x88L\
\xc7.D\x92G\xaa\xa8\x9a6\xad\x1b/\x22\xa9\xc33\
\x0b\x8a\xb6$\x93\xe2\xe5\xfc\xcf\xf9\xfe\x97\xe7\x01\x8c\x92\
-\xea\xe8\x87H9<\xe7|\xbf\xef}\xb7\xc6\xf7\x90\
\xc6\xf4z\x1dSY.\x0e\x01\x00\x85V\xb7^\x9c\x92\
\xeb\xdf\x17\xb1\xcdre2\xb53\x22~\x90\xe5\x036\
k\xd2\xa5)\x97lJ\xdb\xc0PDgO\xea\x18\x90\
\x1fKwS'\x00\x80\xca\xb1\x9a\xb11\x0e\xac\xab\xab\
k\xcf\xa0)\xa7\x0d\xba5\xe3\x83r\x00\xb6\xc6\xf7\x90\
\xc6\xf4+\xdeU\x96\x8bC\x8dQ\xf8\x06\x80\xb4\xea\xf3\
\x06\xf8P~m;\xbe\xa9GD\xd6Ne\xf9`\x99\
\x97.\xa7\xc7\x0f<\x1d\x11\x87\xb3~\x5cJ\xaco0\
\xa2gO\xea\x14\x90/w\xe7R'\x00\x00\xd8\x14\x07\
\xd6\xd5\xd6\xb5W\xe9\x12\x00(\x1e\x17G\xaa\xcb\xa4\xfe\
\xc6(|\x03@bu\x03|\xa8\x80\xf6\x8eh\xdb\xb1\
\xdf\xc6\x5c\xb2\xb4\x7fz\xfc\xc0og\xf5`\xcd\x98t\
\x99i+\x94\x92\xeb\xecY\x9er\x09<\xa0\xbe\xa8t\
\x09\x00\x14\x8b\x03\xebj\xdb\xee\xd0\xba!\x7f}\xc1\xa4\
]\x006\xcf\xa4\xb9\xc6\xb84\x84\xf70\x00@a9\
K\xa6*t\x8a\xc8^f\xbd\xc6LK\x97\xd3\xe3\x07\
vFDf\x8dPJ\xae\xbd#\xdav}+u\x0a\
\xc8\xa7%7\x85\x01\xa0\xd5\x1cZ7\xc6\x81e\xb5\xf9\
\xf3\x07\x80\xd63i\xae1^\xbf`Z{c\xaeN\
.\xa6\x8e\x00\x00\xd5\xa6xIU\xf4\xec\xb1=\x97,\
\x1d\x9e\x1e?\xb0?\x8b\x07\xcaz\xd2\xe5\x0f\x22bg\
\xc6\x8fII\xb5\xed\xf8fDGW\xea\x18\x90O\x0b\
\xb7S'\x00\x80\xcaqh\xbdu\xa6\x04\xe1\xc0\x1a\x00\
(\x9an\xa5\xcb\xca3\xad\xbd1W\x94.\x01 \xad\
\xba\xcf\xb3\xa9\x8e\xb6\x81\xa1\x88\xce\x9e\xd41(\x8fL\
\xa6]f]\xba\xb4Z\x9c\x8d\xe9\xd9\x13\xb1M?\x17\
VU[H\x9d\x00\x00\x006\xa5gh8u\x04\x00\
\x80M\xe9y\xc2\xeb\x17\x00\x00\x0a\xcc\x10\x1f\xaa\xa4\xbd\
#\xdav\xec\x8fh\xefH\x9d\x84r\xf8A\x16\x0f\x92\
Y\xe9rz\xfc\xc0\xe1\x88\xd8\x9f\xd5\xe3Qb\x9d=\
\xcb-t`uJ\x97\x00@\xc1\x98\x10CGo_\
\xea\x08\x85\xf6\xe1\xc5\xf9\xd4\x11\x00(\xa0\x89K\xbe\x7f\
4\xc2\xeb\x17L\xec\x07\x00\x8a\xac\xbed\xd2%\x15\xd3\
\xd9\x13m\xfd\xfbR\xa7\xa0\x1cvN\x8f\x1f\xf8A\xa3\
\x0f\x92\xe5\xa4\xcb\xff5\xc3\xc7\xa2\xc4\xb4\xcfa\x1d\x8b\
\xb3\xa9\x13\x00\x00\xc0\xa6uY\xd1\xb9e\xb7f|H\
\x0e\xc0\xe6\xf9\xfe\xd1\x18\xaf]\x00(\x8d\x9a\x8b\x18P\
I\x8bs\xa9\x13@\xeb\xf5\x0d\xda\xaaKV\x1a\xee9\
fR\xba\x9c\x1e?\xb032\x1a\xbdI\xb9\xb5m\xdf\
\x17\xd1\xd9\x93:\x06\xe4[\xdd\x07\xe6\x00\xd0j\x1f\x9a\
\x12\xd4\x10S\x82\x88\x88\xe8\xda\xab\xb8\x00\x00\x14\x87\xd2\
%\x1d=\xde\xc74\xe2\xea\xe4b\xea\x08\xc0\x0a\x1b\xd4\
\xa0\x9a\x14\xae\xa9\xa8\xb6\x1d\xdf4\xe8\x8d,\x1c\x9e\x1e\
?\xb0\xbf\x91\x07\xc8j\xd2\xe5\x0f2z\x1c\xca\xac\xb3\
'\xc2\xa8_XW}~:u\x04\x00\xa8\x1cS\x82\
\x1a\xd3\xf3\xc4p\xea\x08\x00\x00\x00\x9b\xe2}Lc\x94\
.\x01 1\x85k\xaa\xaa\xbdc\xb9x\x09\x8d;\xd5\
\xc8/\xce\xaati\xb58\x8f\xd6\xde\xb1\xbcV\x1cX\
_\xfdn\xea\x04@^y~\x00\x00\x00\x00\x00\x00 \
\xc2\x8aq\xaak\xdbNk\xc6\xc9\xc2\x0f\x1a\xf9\xc5\x0d\
\x97.\xa7\xc7\x0f<\x1d\x11O7\xfa8\x94[[\xdf\
\xa0\xb5\xe2\xb0Q^\x1c\x03k\xf1\xfc\x00\x00\x00\x00\x00\
\x00@DD\xdd\x06'\xaa\xcb\x9aq2\xb0sz\xfc\
\xc0oo\xf5\x17g1\xe9\xd2\x94K\x1e\xcdZq\xd8\
8c\xe0\x01\x00\x00\x00\x00\x00\x00X\xcf\xc2\xed\xd4\x09\
 \x1dk\xc6\xc9\xc6\x96{\x8fY\x94.\x7f\x90\xc1c\
Pb\xd6\x8a\xc3&(]\x02\x00\x00\x00@S\xf5\x7f\
g4u\x04\x00\x00hX}\xc9\xa4K*\xce\x9aq\
\x1a\xf7\xdb\xd3\xe3\x07\xb6\xf4\x97\xa8\xa1\xd2\xe5\xbd\x11\x9b\
\xfe\xf6\xb2\xa6\xb6\xed\xfb\xac\x15\x87\xcdX\x9cM\x9d\x00\
\x00\x00\x00\x00Jm\xfa\xe3\x0b\xa9#\x00\x00@\xe3\x16\
\xe7R'\x80\xe4\xac\x19'\x03[Z1\xde\xe8\xa4\xcb\
\xff\xb9\xc1_O\x99utE\xf4\x0e\xa6N\x01\xc5R\
w\x1b\x09\x00\x00\x00\x00\x00\x00\x80u\xd4\xef\xa6N\x00\
\xe9\xb5wD[\xff\xbe\xd4)(\xb6-\xad\x18\xdfr\
\xe9\xf2\xdeh\xcd\x1fl\xf5\xd7S~m;\xf7k\x93\
\xc3&\xd5\xe7\xa7SG\x00\x00\x00\x00\x00\x00\xa0\x08L\
\xb9\x83j\xf3\x1c\x00\xcb\xfa\x06m\xe1\xa5\x11\x87\xa7\xc7\
\x0f\xec\xdf\xec/jd\xd2\xe5\x96FkR\x11\xdbv\
Ft\xf5\xa7N\x01\x00\x00\x00\x00\x00\x00PN6\xa8\
\x01\xb5\x85\xd4\x09 \x17\xda\x06\x9eH\x1d\x81b\xdbt\
\x0f\xb2\x91\xd2\xa5\xd5\xe2\xac\xae\xbd#\xda\x06\x86R\xa7\
\x80bZ\xb8\x9d:\x01\x00T\xd2\xc8\xf0\xb6\xd4\x11\x0a\
m\xee\xca\xa5\xd4\x11\x00\x00\x006\xc5\xfb\x98\xc6\x0c\x0d\
v\xa6\x8e\x00\x00D(]\xc2\x8a\xae\xfe\x88\x9e=\xa9\
SP\x5c\x9b^1\xbe\xa5\xd2\xe5\xbd\xd5\xe2&]\xb2\
\xaa\xb6\xbe\xc1\x88\x8e\xae\xd41\xa0x\x96\xdcF\x04\x80\
T\x06\xfa\x1a\xb9\x8fFmv&u\x04r\xc0\xa15\
\x00P$^\xbbP\x9b\xf3>\xa6\x11J\x97\x00\x90\x13\
\x8b\xb3\xa9\x13@n\xb4\x0d\x0cE\xb4w\xa4\x8eA1\
=\xbd\xd9\x15\xe3[=YT\xb8du\x1d]\x11\xbd\
\x83\xa9S@1\xdd\x9dK\x9d\x00(\x027\x16\x01\xc8\
)\xe5\xdb\xads`\x0d\xc0V\xf8\xfe\xd1\x18\x85;\x00\
\x00J\xa1n\xb0\x0f|\xa9\xbd#\xda\xfa\xf7\xa5NA\
qm\xaa\x0f\xb9\xd5\xd2\xa5\xd5\xe2\xac\xaam\xfb>\xad\
q\xd8\xaa\xa5\xbb\xa9\x13\x00E\xa0t\x09\xe4\xd0\xedO\
.\xa4\x8e@b\x0a\x97\x8dy\xe2q\xa5\x19\x006O\
\xe9\xb21^\xbf0\xfd\xb1\xf71\x00@\xf1\xd5\x17\x0d\
\xf6\x81\x07\xd8\xce\xcb\xd6mj\xc5\xf8\xa6K\x97V\x8b\
\xb3\xa6\xae\xed\x11={R\xa7\x80\xe22\xe9\x12\x00\x80\
\x82\x9a\xbbj='\x00P,\xd6\x8b\x03P\x0a\xd6\x0a\
\x03K&]\xc2\xc3\xda\x06\x86RG\xa0\x986\xb5b\
|+\x93.\x15.YU\xdbv#z\xa1\x11\xf5\xbb\
\xa6\xd7\x01@J#\xc3\xdbRG(,\x13bX\xf8\
|2u\x04\x00\x80M\x99\x9f\xf2\xfa\xa5\xeaL\xeco\
\xcc\x13\xa6\xedB>X+\x0c\xdcU\xbe\x86\xaf\xd9\xb6\
syp\x1cl\xde\x86{\x91[)]Z-\xce\xd7\
um\x8f\xe8\xeaO\x9d\x02\x8a\xcd\xca`\x00Hj\xa0\
o+o\x8fX\xb1\xe0\xd0\xba\xd2\xfc\xf97\xc6zX\
\x00\xb6B\xe1\xa91^\xbf\xe0\xe2Pc\xbc\x86\x05\x80\
\x9c0\xe9\x12Vep\x1c[\xb4\xe1^\xe4\xa6N\x15\
\xad\x16g-F\xf3B\x06j\xf3\xa9\x13\x00\x00l\x99\
C\xebj3%\xa81\x0e\xac\x01\xd8\x0a\xdf?\x1ac\
Z;\xde\xc3\x00\x00\xa5\xb18\x97:\x01\xe4OW\xbf\
i\x97l\xc5\xe1{\xfd\xc8umv\x94\xcb\xe1\xcdg\
\xa1\xf4z\xf6Dt\xf6\xa4N\x01\xc5g\xd2%\xb0\x11\
\x0a\xda\xd04\x0e\xad\x1b\xe3\xd0\xba\xda\xe6\xae\x5cJ\x1d\
\x01\x00`\xd3\xbc\x86\xa9\xaei\x97\x86\x1a2\xd0\xd7\x91\
:\x02\x00p\xbf\xbai\x97\xb0\x9a\xb6\x9d\xdfL\x1d\x81\
b\xda\xd0@\xca\xcd\x96.\xad\x16\xe7k\x8c\xe4\x85\x0c\
(\x5c\x02\x1b\xe5\xf9\x02\x9a\xe6\x89\xc7\x95.\x1b1\xeb\
\xc0\xba\xb2\x16\xa6&\xa36;\x93:F\xa1\x8d\x0co\
K\x1d\x01\x80\x82rq\xa81J\x97\xd5\xe5\xcf\xbe1\
#\xc3\xdd\xa9#\x00\xf7\xd4\xe7\xa7SG\x00\xf2`q\
6u\x02\xc8\xa7\x8e\xae\xe5Ar\xb09\xffr#_\
\xb4\xd9\xd2\xa5\xd5\xe2<\xa8g\xcf\xf2\x93\x14\xd0\x18%\
*\x00\xa0\xe0L\x8a\xa9.\x07\xd6\x8d\x1b\xe8\xdb\xec\xc7\
3\x00\xb0\xec\x09\xa5\xcb\x86\xb88T]\xb7M\xea\x07\
\x00\xca\xc4\xa4KX\x93ArlA\xb6\x93.\xa7\xc7\
\x0f\x1c\x8e\x88\x0d\xed,\xa7:<9AF\xac\x0b\x06\
\x80\xe4\x9e\x19\xedM\x1d\xa1\xd0j\xb33\xcaw\x15\xe5\
\xc0\xba1V3\x02@:.\x0eU\x97?\xfb\xc6\x1c\
0\xa9\x1d\x00r\xa5\xbe8\x97:\x02\xe4\x97i\x97l\
\xde\xce\xe9\xf1\x03O\xaf\xf7Ec\xeb6B\x00\x00 \
\x00IDAT\x9b\x19\xa5`\xb58\x0f2\xe5\x12\xb2\
c\xd2%\x00P\x02\x0e.\xab\xe9\xe6\xf9s\xa9#\x14\
\x9a\xd5\x8c\x004\xe2\xd0\xf7\x5c\x1cj\xc4\xdc\x95K\xb1\
05\x99:\x06-6w\xe5R\xd4fgR\xc7(\
\xb4\x1d\xfd&\xb5\x03@\xae,\x99t\x09\x8fb\xa0\x1c\
[\xb0\xee\xb4\xcb\xcd\xbc+:\xbc\xf5\x1c\x94\x91'%\
\xc8N\xfd\xae\xd2%\xb01\x9e/\xa0yFL\xeah\
\x98\x89\x87\xd5\xb305\xa9\xa8\xd0 \x93.\x01 \xad\
i\xafa+\xc7e\xb1\xc6\x99t\x099\xb2p;u\
\x02 \x0f\xee\xce\xa6N\x00\xf9f\xda%\x9b\xb7\xeep\
\xca\x0d\x95.\xa7\xc7\x0f\xec\x8f\x88u\xc7fR!\xa6\
\x5cB\xb6L\xba\x046\xca\xf3\x054\xcd@\x9fI\x1d\
\x8d2\xf1\xb0z\xfc\x997n\xe4)\x93.\x01\xd8\xba\
gFM\xbal\xd4\x0d\xafg*\xc7\x9fy\xe3\xbc\x7f\
\x06\x80\x9c1\xe9\x12\xd6\xd5\xd6\xabt\xc9\xa6<==\
~`\xe7\xa3\xbe`\xa3\xef\x8a\x0e7\x9e\x852\xf1d\
\x04\x19\xab\xcd\xa7N\x00\x00D\xc4!\x87\xd6\x0dS\xc2\
\xab\x16\xd3M\x1bg\xd2%\x00\xa4e\xeaa\xb5\xd4f\
gL7\xcd\x80M\x11\x00\x90C\x8bs\xa9\x13@\xbe\
u\xf5GtmO\x9d\x82b9\xfc\xa8\x9f\xdch\xe9\
r\xdd\x91\x99TH\xd7\xf6\xe5'# ;&\xd7\x01\
@.(?5\xce\xd4\x98\xea\xa8\xcd\xce(\xd9f\xe0\
\xc0\xb0I\x97\x00l\x9dKC\x8d\xf3\x9a\xa6Z\xfcY\
g\xc3\xa4K\xc8\x09gK\xc0\xfd\xea\xa6]\xc2z\xda\
\xb6\xefK\x1d\x81byd_\xd2\xa4K6\xad\xad\xef\
7RG\x80r1\xee\x1d\xd8\x0c\x93q\xa1\xa9\xac\xf9\
m\xdc\xcd\xf3\xe7\xa26;\x93:\x06-\xe0\xc0:\x1b\
O\x0cv\xa6\x8e\x00@\xc1\x0d\xf9^\xd20\x17\x87\xaa\
c\xea\xec{\xa9#\x14\x9e\xb27\xe4\x88\xd2%p?\
\xe7G\xb0\xbe\xae\xfe\x88\x8e\xae\xd4)(\x8e\xc3\x8f\xfa\
\xc9uK\x97\xd3\xe3\x07\x9e\x8e\x88G\xee(\xa7B:\
\xba\x22\xb6\xf9\xeb\x00\x99\xbak\xd4;\xb0\x09>H\x83\
\xa6r`\xdd8\x93\x82\xaacr\xfcL\xea\x08\xa5\xe0\
y\x07\x80F)\xf07\xee\x8b\x0f\xdesq\xa8\x02\x16\
\xa6&\xad\x16\xcf\x80\x0d\x11\x00\x90S\xce\x8f`CL\
\xbbd\x13\xf6O\x8f\x1f\xd8\xbf\xd6Ond\xd2\xe5o\
g\x97\x85\xa2k\xeb\x1bL\x1d\x01\xcag\xe9n\xea\x04\
\x00\xc0=\xcaO\xd90=\xa6\xfc\x16\xa6&c\xee\xca\
\xa5\xd41\x0a\xcf\x94 \x00\xb2p`x[\xea\x08\xa5\
\xe0\xe2P\xf9}\xf1\x81\xf7)Y\xb0!\x02r\xc4\xf9\
\x12p\x9f\xba\xed\x8a\xb01={\x22\xda]$b\xc3\
\x0e\xaf\xf5\x13\x1b)]\xfe\xcb\xecrPh\xed\x1d\xcb\
O>@\xb6L\xba\x04\x80\xdcP\x80\xca\xc6\xf4\xc7\x17\
baj2u\x0c\x9ah\xf2]S.\xb3\xa0\xe8\x0d\
@\x16\x9ex\xdc\xf7\x93,\x98\xe2]~SJ\x97\x99\
P\xf4\x86\x1cq\xbe\x04\xdco\xd1s\x02l\x98\xee\x13\
\x1b\xb7for#\xa5\xcb\xc3\xd9\xe5\xa0\xd0\xbawj\
{\x03@\x1ex\xe3\x0cM\xa5\x04\x95\x8dkg\xdeL\
\x1d\x81&\xa9\xcd\xce\xc4\x17\xa6\x99fb\xe4)\x07\xd6\
\x004\xee\xc0\xb0\xa9sY\x98\xbbr)\xa6?\xb1z\
\xba\xac\xbe\xf8\xe0=\x17\xc322\xe29\x07\x00\x80\x82\
\xb3\xe5\x97Mxz\xad\x9fxd\xe9rz\xfc\xc0\xe1\
\xcc\xa3PXm\xdb\xf7\xa5\x8e\x00\xa5T\x9f\x9fN\x1d\
\x01(\x9a\xba\x15\x11\xd0L#\xa6vd\xe2\xe6\xf9s\
Q\x9b\x9dI\x1d\x83&\xf8\xe2\xec{\xfel3\xa2$\
\x03@\x16Lk\xcf\x8ei\xde\xe55\xe5\xd2Pf\x5c\
T\x84\xfc\xa8\xdf]H\x1d\x01\xc8\x93\x85\xdb\xa9\x13@\
qttEl\xdb\x99:\x05\xc5\xf0\xf4\xf4\xf8\x81U\
\xff\xb2\xac7\xe9\xf2p\xf6Y(\xa4\xae\xed\xcbO:\
\x00\x00Pr#O)Ae\xa16;\x13\x9fY\xd1\
XJ\xca\x08\xd9Q\xf2\x06 +\xbe\xa7d\xe3\xe6\xf9\
s\xa6!\x96\xd0\xf4'\x17b\xfacSL\xb3\xa0\xe4\
\x0d9SS\xba\x04\x80\xadj\xeb\xd9\x9d:\x02\xc5q\
x\xb5\xff\xb8^\xe9r\xcd\xbd\xe4TK[\xaf'\x1b\
h\x9a\xbb\xb3\xa9\x13\x00ES\x9bO\x9d\x00J\xed\x19\
\x87H\x99\x99\x1c?c\x22b\xc9X\xcb\x98\x9d\xa1\xc1\
\xce\x18\xe8[\xefc\x19\x00\xd8\x18\xd3\x93\xb3s\xed\xcc\
\x9b\xa9#\x901\x7f\xa6\xd99\xa0\xe0\x0d\x00\xf9\xb68\
\x97:\x01\x14\xc7\xb6\x9d\x86\xcf\xb1Q\xab\xae\x18_\xef\
\xd3\xfd5\xf7\x92S!\xed\x1d\x11={R\xa7\x80\xf2\
Z\xb2&\x18\xd8$7\x98\xa1\xa9L\x09\xca\x8ei\x97\
\xe5\xe3\xc0:;\xa6\x04\x01\x90\xa5\x91\xa7\xbc\x86\xcd\x8a\
K&\xe5b\xcae\xb6l\x86\x80\x9cq9\x1fxX\
\xdd\xb93lF[\xaf.\x14\x1b\xb2\xea\xd0\xca5K\
\x97\xd3\xe3\x07\x9e\x8e\x08\x0b\xec\x89\xe8\xf6\xd7\x00\x9aF\
q\x0a\x00rg\xa0\xaf=\x86\x06;S\xc7(\x0d\xd3\
.\xcb\xe3\xb3\xf13\x0a\x08\x19R\x8e\x01 K&]\
f\xeb\xeaO^O\x1d\x81\x8c\xb84\x94-\x17\x87 \
g\x9c1\x01\x0fS\xc6\x86\xcd1\x80\x8e\x8d9\xbc\xda\
\x7f|\xd4\xa4\xcbU\x7f\x01\xd5\xd3\xd67\x98:\x02\x94\
\x977\xc4\xc0\x16\xd4\xefz\xee\x80fs\x90\x94\x9d\xda\
\xec\x8c\x83\xce\x12\xf0\xe7\x98=\xe5\x18\x00\xb2\xe4\xf5k\
\xb6n\x9e?\x17\xd3\x9f\x98\x8eXt7\xcf\x9f3\xe5\
2C\x03}\x1d.(\x02@\xde9{\x86\xcd\xe9\xe8\
\x8a\xe8\xda\x9e:\x05\x05pox\xe5\x03\x1eU\xba\xfc\
\xcd&f\xa1(:\xba\x22:{R\xa7\x80\xf2Z\xba\
\x9b:\x01PD\xde4C\xd3\x1d\xfa\x9eC\xeb,\x99\
\x90X|\xd7\xce\xbcibi\xc6\x94c\x00\xc8\x9a\xef\
-\xd92\xed\xb2\xf8\xfc\x19f\xcbs\x0c\xe4\xcc\xc2t\
\xea\x04@\x0e\xd5\x97\xac\x17\x87\xcdj\xeb\xdd\x9d:\x02\
\xc5\xb0\xa9\xd2\xe5\xe1\xe6\xe5\xa0(L\xb9\x84&\xbb;\
\x97:\x01\x00\xb0\x8a\x03\xc3\xd6\xfef\xed\xd37~\x94\
:\x02[4w\xe5R|6~&u\x8cRq`\
\x0d@3x\x0d\x9b-\xaf\x81\x8a\xed\xd7g\xdet\xf1\
+c.'\x02@\x01,:{\x86M\xeb\xde\x99:\
\x01\xc5\xf0\xb5\xe1\x95\xab\x96.\xa7\xc7\x0f\xec\x8c\x88\xfd\
\xcdNC\x01l\xf3\xe4\x02\x00\xb9sw6u\x02(\
\xbd\x91\xe1\xee\x18\xe8\xebH\x1d\xa3T\xa6?\xbe\x10_\
|\xf0^\xea\x18l\xc1\xd5\xb7L\x08\xca\x9a\x03k\x00\
\x9a\xc1\xf7\x97\xec\x99\xf6]L\x0bS\x93q\xed\xcc\x9b\
\xa9c\x94\xce3.\x0eA\xbe\xd4\xe6S'\x00\x80r\
h\xef\x88\xe8\xd9\x93:\x05\xf9\xb7\xe1I\x97_\xfbB\
*\xa8\xb3gy\xbd8\xd04u\xb7\x8d\x80\xad\xb0\x1e\
\x02Z\xc2$\xba\xec]}\xebu\x87\xd6\x05\xf3\xd9\xf8\
\x99\x98\xfe\xf8B\xea\x18\xa5\xe3\xc0\x1a\x80f\xf0\xfa5\
{\xb5\xd9\x19\x13\xdb\x0b\xc8\x9fY\xf6\x06\xfa:bd\
\xb8;u\x0c\xe0~\xb5\x85\xd4\x09\x80<2\xb4\x03\xb6\
\xa4m\xdb\x8e\xd4\x11\xc8\xbf\xc3\x0f\xff\x87\xb5J\x97_\
\xfbB\xaa\xa7M\x93\x1b\x9aOq\x0a\x00r\xeb\xe83\
\xfd\xa9#\x94\x8eC\xebb1!\xa8y\x94b\x00h\
\x86\x81\xbe\xf6\x18\xb1b<s7\xcf\x9f\x8b\x9b\xe7\xcf\
\xa5\x8e\xc1\x06\xb94\xd4\x1c^\xbfB\xfe\xd4\x9d/\x01\
\xab\xf1\xdc\x00[\xb3m\xe7\xf2\xc4Kx\x84\xe9\xf1\x03\
\x0f\x0c\xb1\x5c\xabt\xf9/[\x90\x85\xbc\xb3Z\x1c\x9a\
\xcf\xfa\x07`\xab\x16\xa6S'\x80\xd2s\xa8\xd4\x1c7\
\xcf\x9f\x8b\xcf\xc6\xcf\xa4\x8e\xc1\x06\x5c\xfc\xa3\xdf3\x99\
\xb4\x09\x8e\x1e\xdc\x9e:\x02\x00%\xe6\xe2Ps|\xfa\
\xc6\x8fbaj2u\x0c\xd61w\xe5R\x5c\xfd\xc9\
\xeb\xa9c\x94\xd2\xa1\xefy\x7f\x0c\xb9c\x93\x1a\xb0\x16\
\xc5K\xd8\x9an\x1d)\xd6\xb5\xff\xfe\x7f\xb1^\x9c\xd5\
Y-\x0e\xada\xfd\x03\x00\xe4\xd6\xd0`g\x0c\x0dv\
\xa6\x8eQJ\xd7\xce\xbc\x19sW.\xa5\x8e\xc1#\x5c\
\xfd\xc9\xeb\xfe\x8c\x9a\xc4\x815\x00\xcd\xf4\x8c\x8bCM\
Q\x9b\x9d\x89\x8b\x7f\xf4{\xa9c\xf0\x08\xa6\xea7\xd7\
\xd1\x83\x0a\xdd\x00P\x18w\x95\xb2a+\xac\x18g\x03\
\x1e=\xe9rz\xfc\xc0\xce\x88P\xdf\xad8\xab\xc5\x01\
 \xe7L\xca\x85\x960\x91\xae9V\x0eDMQ\xcc\
'\xd3H\x9b\xcb\x815\x00\xcdth\xb47\x06\xfa\xac\
Dk\x06S\x14\xf3\xed\xea[.\x0d5\x8b\x0b\x89\x90\
S\x0b\xb7S'\x00\x80r\xb1\x0d\x98\xf5=\xb09|\
\xb5I\x97\xa6\x5c\xe2\xc9\x04Z\xc1j`\xa0\x11&\xe5\
BK\x98H\xd7<sW.\x99D\x93C\xfe\x5c\x9a\
\xcb\x815\x00\xadp\xc8\xb4\xcb\xa6\xf9l\xfcL|\xf1\
\xc1{\xa9c\xf0\x10\x7f.\xcd\xe52\x22\x00\x14\xcc\xe2\
l\xea\x04P\x5c\xbaR<\xda\xfe\xfb\xffe\xb5\xd2\xe5\
\xe1\x96\xc4 \xbf\xac\x16\x07\x00\x80\x88X\x9eHgR\
P\xf3\xdc<\x7f.~}\xe6\xcd\xd41\xb8\xc7\x04\xd2\
\xe6s`\x0d@+\x1c}\xc6T\xe5f2Q1_\
\xa6?\xb9`\x02i\x93\xb9\x8c\x089\xb4hu0\xf0\
\x08\xf5Z\xea\x04PXV\x8c\xb3\x8e\xfd\xf7\xff\xcbj\
\xa5\xcb\xdflM\x0e\xf2\xaaMs\x1bZc\xe9n\xea\
\x04@\x81\xd5\xe7M\xcb\x85V1)\xa8\xb9\xae\x9dy\
\xd3T\x9a\x9c\xf8\xe5\x1f\xfcP\x81\xa0\xc9\x94`\x00h\
\x05%\xff\xe6\xaa\xcd\xce\xc4/\xff\xe0\x87\xb105\x99\
:J\xe5\xcd]\xb9\x14\x17\xff\xe8\xf7R\xc7(\xb5\x81\
\xbe\x8e8z\xd0kX\xc8\x1d\x85*\xe0\x11\xeaK\x9e\
#`\xcb\xba\xf5\xa5x\xb4\xe9\xf1\x03\x87W~\xbcZ\
\xe9r\x7f\xcb\x92\x90O\x9eD\xa05\xee\xba\x89\x08\x00\
E\xa0$\xd5|\x9f\xbe\xf1\xa3\xb8y\xfe\x5c\xea\x18\x95\
\xf6\xe9\x1b?R\xb8l\xb2\x81\xbe\x0e%n\x00Zb\
\xa0\xaf]\xf1\xb2\xc9j\xb33q\xf1\x8f~\xcf\x84\xf0\
\x84\x16\xa6&\xe3\x97\x7f\xf0C\x7f\x06M\xa6p\x099\
eu0\xf0(\xa6\xe1\xc2\xd6\xb5w,o\x07\x86\xb5\
}Y\xaa[\xadt\xf9t\x0b\x83\x907\x9e@\x00\xa0\
\x18\xee\xfa`\x0dZ\xc5\x81uk(\xfd\xa5\xf3\xe9\x1b\
?2m\xb4\x05\x1cX\x03\xd0J\xd6\x017\xdf\xdc\x95\
KJ\x7f\x89(\xbd\xb6\x8e\xe7\x12\xc8)\x93.\x01\xa0\
il\x07f\x1d_\xf6*\x1f(]N\x8f\x1fP\xb8\
\xac:S.\xa1e\xean\x19\x01\x8d\xb0\x1e\x02Z\xc6\
\xa4\xa0\xd6XY\xd3\xa8x\xd9Z\x0a\x97\xads\xf4\x19\
\xcf#\x00\xb4\x8e\xb2\x7fk(^\xb6\x9e\xf7\x0d\xad\xe5\
\xbd0\xe4\x93\xf3%\xe0\x91j\xf3\xa9\x13@\xb1\xe9M\
\xf1h\xdf\x5c\xf9\xc1\xc3\x93.\xf7\xb76\x07y\xd3\xd6\
\xed\xc38h\x19\x85)\xa0Q\xb5\x85\xd4\x09\xa02\xac\
\x18o\x0d\x07\xa8\xad\xa5p\xd9:\x03}\x1d\xca/\x00\
\xb4\xd4\xd0`g\x1c\x1a5\xa1\xae\x15\x14/[\xc7\xfb\
\x85\xd6:zp{\x0c\xf4\xad\xb60\x0fH\xce\xf9\x12\
\xf0(\xce\x8e\xa01\x9d=\xcb[\x82au\xfbW~\
\xf0\xf0\xbb%\x93.\xab\xae\xcb\xadE\x00(\x0co\x9c\
\xa1e\x96\x0f\x9b\xbc\xc9n\x85\x95\x83Te\xc0\xe6R\
\xb8l-\x85K\x00R8>\xb6#u\x84\xcaP\xbc\
l\xbe\xb9+\x97\xe2\xef\xfe\xdd\x0b\x0a\x97-\xe49\x04\
r\xec\xeel\xea\x04\x00Pn\xbaS\xacm\xf5\xf5\xe2\
\x11\xf1\x9b-\x0eB\x9et\xf6Dtt\xa5N\x01\xd5\
\xb1p;u\x02\xa0\xe8\xac\x88\x80\x96Y^1\xae4\
\xd5*\xb5\xd9\x19\xa5\xc0&\xa9\xcd\xce\xc4\xdf\xfd\xbb\x17\
\xfc\xdf\xb6\xc5N<\xbb;u\x04\x00*\xc8Z\xe0\xd6\
\x9a\xbbr)>|\xe9\xdf(\x056\xc1J\xa9ua\
j2u\x94\xca0\xa9\x1dr\xce\xa4K`=\x8bs\
\xa9\x13@\xa1\xb5uy-\xcc\x9a\xbe\xdc?\xffp\xe9\
\xd2b\xfa*\xd3\xd4\x06\x80b1\xe9\x12Z\xea\xe83\
^/\xb7\xda\xa7o\xfc(\xae\xfe\xe4\xf5\xd41Jc\
aj\xd2:\xc6\x04\x86\x06;cd\xb8;u\x0c\x00\
*h\xf9\xe2\x90\xd7\xb0\xad\xb42\xb5}\xfa\x93\x0b\xa9\
\xa3\x94\xc6\x17\x1f\xbcg\x8ah\x02\x0a\x97\x90c\x8aT\
\xc0F\xd4\x95\xb3\xa1!\xdb\xd4\xe7X\xdb\xf4\xf8\x81\xa7\
#\xbe^\xba<\xdc\xfa(\xe4\x85\xa66\xb4\x90[\x88\
@\x06\xeaw\x95.\xa1\x95\x8e\x1e\xec\x8f\xa1\xc1\xce\xd4\
1*\xe7\xb3\xf13q\xf1\x8f~\xcf!k\x83\xa6?\
\xb9`\x1dc\x22\xbfc-#\x00\x09Y\x0f\xdcz\xb5\
\xd9\x99\xf8\xe5\xef\xff0>\x1b?\x93:J\xe1\xfd\xfa\
\xcc\x9b\xf1\xe9\x1b?\xf2^ \x01\x93\xda!\xc7\x14\xa9\
\x00\xa0\xf9:\xbal\x0a\xe6QvF\xdcW\xba\x9c\x1e\
?\xa0\xa6[u&]B\xeb\xdcu\x13\x11\xc8\x80I\
\x97\xd0r&\x05\xa5q\xf3\xfc9\x85\xc1\x06\xfc\xfa\xcc\
\x9b\xf1\xcb\xdf7\x1d(\x95\xe3G\x94]\x00H\xe7\xe8\
\xc1\xfe\x18\xe8\xebH\x1d\xa3\x92\xae\xfe\xe4u\x97\x87\xb6\
heb\xe8\xb53o\xa6\x8eRI&\xb5C\xce-\
\xdcN\x9d\x00(\x02\xcf\x15\xd0\xb8\xce\xde\xd4\x09\xc8\xaf\
\xafM\xba|:Q\x10\xf2\xa0\xb3'\xa2\xdd\x87o\x00\
P(\xb5\xf9\xd4\x09\xa0rN>\xbb+u\x84\xcaZ\
\x98\x9a\x8c\xbf\xfbw/\x98\x18\xb4\x09+\xeb\xc4\x1dV\
\xa7s\xf4\xe0v\x13r\x01H\xce\x05\x80tV.\x0f\
Y7\xbeq\xd3\x9f\x5c\x88\x0f_\xfa71\xfd\xb1\xff\
\x9b\xa5r\xd2\x94K\xc8\xb5\xbaMj\x00\xd0\x12\xb6\x05\
\xf3\x08\x0fN\xba\x8c\x88\xfdir\x90\x0b\x8fihC\
K)J\x01Y0\xe9\x12Znh\xb03\x0e\x8dz\
\xed\x9c\xd2\xd5\x9f\xbc\x1e\xbf\xfc\x83\x1f\xc6\xc2\xd4d\xea\
(\xb9\xf6\xe5\x01\xbf\xc3\xea\xa4\xact\x05 \x0f\x5c\x1c\
Jkaj2~\xf9\xfb?\x8c_\xbb\x08\xf3H\xb5\
\xd9\x99\xe5\xd7\xfa&\xb4'\xa7\xa8\x0d9\xb7h\x93\x1a\
\x00\xb4\x84m\xc1\xac\xed\x9b\x11J\x97\xdc\xd3\xd6\xad\xa1\
\x0d-\xa5(\x05d\xc5\xf3\x09\xb4\x9c\x12Uz\xd3\x1f\
_0\xf5r\x0d\x0bS\x93q\xf1\x8f~\xcf*\xcb\x1c\
\x18\x1a\xec\x8c\xa3\x07\xbd\xd7\x06 =\x17\x87\xf2\xe1\xda\
\x997M\xbd\x5c\xc3\xf4'^\xdf\xe7\xc5\xf1#;b\
\xa0\xaf}\xfd/\x04\xd21\xd4\x03\xd8\x80\xfa\xfct\xea\
\x08P|\x9d=\xa9\x13\x90_\xfb#\x1e,]~3\
M\x0er\xc1\xa4K\x00(&\xa5Kh\xb9\xe3Gv\
X\x17\x9c\x03+\x93p\x1c\x5c\x7f\xe5\xd7\xf7\x0e\xf2o\
\x9e?\x97:\x0a\x11\xf1;\x0a\xda\x00\xe4\xc8\x09\xeb\x82\
sa\xee\xca\xa5\xf8\xe5\xef\xff0>}\xe3G.\xc8\
\xc4W\x17\x86~\xf9\xfb&\xd9\xe7\x85K\x86P\x00>\
\x0f\x06\x80\xd61\xed\x92Gx\xec\xbe\x1f\xefO\x15\x82\
\xc4\xda;4\xb4\xa1\xc5\xeaw\xbd)\x062R\x9b\x8f\
\x08S\xb4\xa0\xd5~glG\xbc\xf2'\x9f\xa7\x8eA\
|up\xbd\xfb_\x1c\x89}\xc7\x9e\x8b\xae=\x83\xa9\
#\xb5\xdc\xcd\xf3\xe7\xe2\xeaO^wP\x9d3'\x8e\
)\xb7\x00\x90\x1fG\x0f\xf6\xc7\xd0`g\x5c\x9d\x5cL\
\x1d\x85\x88\xf8\xe2\x83\xf7\xe2\xe6\xf9s18v,\xfe\
\xd1\xb1\xe7R\xc7i\xb9\xda\xecL|6~&&\xc7\
\xcf(\x9f\xe6\xc8\xc8\xf06Sq!\xef\xac\x16\x07\x80\
\x96j\xeb\xee\x8f\xfa\xc2\xed\xd41\xc8\x9f\xc3\x11\x0f\x96\
.w\xa6\xc9Ar\xa6\x5cB\xeb\xb9\x89\x08d\xc5\xf3\
\x09$q\xe2\xd8n\xa5\xcb\x9c\xf9\xe2\x83\xf7\xe2\x8b\x0f\
\xde\xabT\xf9r\xfa\x93\x0bq\xed\xcc\x9b1\xfd\xb1I\
\x9fyc-#\x00y\xe4\xe2P\xbe\xd4fg\xe2\xda\
\x997c\xea\x83\xf7b\xdf\xb1\xe7b\xf7\xbf8\x92:\
R\xd3)[\xe6\xdb\x89gw\xa5\x8e\x00\xac\xc7jq\
`\xa3\x94\xc4 \x1b\x8f\x19`\xc7\xda\xdaV~0=\
~\xa0\x9e2\x08\xe9\xb4m\xdf\x17\xd1\xbf/u\x0c\xa8\
\x94\xfa\xd4/\xbd\xd8\x05\xb2\xb1mg\xb4\xedz*u\
\x0a\xa8\xa4\x17\xff\xf0Z\xbc\xfd\xde\xcd\xd41XC\x99\
\xcb\x97_|\xf0^L\x9d}O\xd92\xc7~\xfa\xea\
p\x8c\x0cw\xa7\x8e\x01\x00\x0f\xb85\xb3\x14\x87\xfe\xf5\
\xdf\xc7\xad\x99Z\xea(\xac\xa2k\xcf`\xec;\xf6\x5c\
\xecx\xfa`t\xf4\xf6\xa5\x8e\x93)e\xcb\xfc\x1b\xe8\
\xeb\x88\x0f\xff\xaf\x7f\x92:\x06\xb0\x9e\xe9kQ\xbf}\
-u\x0a\xa0 \xda\xf6\xfd\xb3\xd4\x11\xa0\xf8j\x0bQ\
\x9f\xf49<\xab\xda\xf5\xd8\xfa_C\xe9ifC\xeb\
\xb9\x8d\x08de\xc9a\x19\xa4\xf2\xe2\xf3{\x95.s\
le\xf2\xe5\x8e\xa7\x0f\xc6\xe0\xf7\x8fE\xff\xb7GS\
GjHmv&\xbe8\xfb^L\xbe{\xc6\x1a\xf1\
\x9c;4\xda\xabp\x09@.\x0d\xf4\xb5\xc7\xf1#;\
\xe2\xf53_\xa4\x8e\xc2*\x16\xa6&\xe3\xd37~\x14\
\x1d\xbd}\xb1\xfb\xd0\x91\x18\xfc\xfe\xb1\xc2_ Z\x98\
\x9a\x8ckg\xde\x8c\x9b\xe7\xcf)[\xe6\xdcIS.\
\xa1\x10\xeawm=\x02\x80\x96\xea\xe8\x8ah\xefp\x1e\
\xcbj\x9en\x8b\x88\x98\x1e?p8\x22\xfe\x22m\x16\
Ri\xdb\xfb\xdd\x88N\xc5Kh\xa5\xfa\xb5\xff\x96:\
\x02P\x22n+B:'\xff\x8f_\xc5;\xe7L\xaf\
.\x82\xae=\x831\xf8\xfdc\xb1\xe3\xe9\x83\x85:\xbc\
\xbey\xfe\x5c\xdc8\x7f.\xbe\xf8\xe0\xbd\xd4Q\xd8\xa0\
\xb7^~2\x0e\x8d\xf6\xa6\x8e\x01\x00\xab\xba:\xb9\x18\
\x87\xfe\xf5\xdf\xa7\x8e\xc1\x06\xf5\x7fg4\xf6\x1c:R\
\xa8\xe9\x97\xb5\xd9\x99\xb8y\xfe\x9c\xc9\xec\x052\xd0\xd7\
\x11g\x7f\xfc\xad\x18\xe8kO\x1d\x05X\x87-j\xc0\
f\xe8\x81@6|\xffe\x0d\xbfe\xd2%\xbe\xd1\x02\
@\xd1-\xd5\x96oY\x01-w\xe2\xd9]J\x97\x05\
\xb105\x19W\x7f\xf2z\x5c\xfd\xc9\xeb\xd1\xf3\xc4p\
\xec\xf9\x17Gr[\xc0\xbcy\xfe\x5c\xdc\xfe\xf8B\xdc\
<\x7f\xceT\xcb\x8294\xda\xabp\x09@\xae\x0d\x0d\
v\xc6\xf1#;Ll/\x88\xe9\x8f/\xc4\xf4\xc7\x17\
\xa2\xa3\xb7/v<}0\xb6\x7f{4\x97\x05\xcc\x95\
\xa2\xe5\x8d\xf3\xe7\xe2\xe6\xf9s\xa9\xe3\xb0I'\x9f\xdd\
\xa5p\x09E\xa1\xf0\x01lF\xddd>\xc8Dg\x8f\
\xef\xc1\xacj\xa5t\xb9?e\x08\x12\xea\xda\x9e:\x01\
T\x8f\xd1\xd3@\xd6\xee\xceEt\xf5\xa7N\x01\x95\xb4\
R\xb0:{a6u\x146a\xee\xca\xa5/\x0b\x98\
]{\x06\x97\x0f\xb0\xbf3\x1a\xfd\xdf\x1eMr\x80=\
w\xe5RL\x7fr!n\x7f|!\xa6?\xb9`\xf5\
b\x81\x9dxvw\xea\x08\x00\xb0\xae\x17\x9f\xdf\xabt\
Y0\xb5\xd9\x99\xf8\xe2\x83\xf7\xbe\x9c~\xde\xff\x9d\xd1\
\xd8\xfe\xed\xd1\xe8\xbf\xf7\x1a6\x85\xe9O\x96\x0b\xa17\
\xce\x9f\x8b\xb9+\x97\x92d \x1b\xc7\x8f\xecH\x1d\x01\
\xd8\x88\x9a\xd5\xe2\x00\x90B[gO\xd4S\x87 \x8f\
\x9eV\xba\xac\xba\x8e\xae\xd4\x09\xa0z\xee\xce\xa5N\x00\
\x94Mm>\x22\x94.!\x95\x17\x9e\xdf\x1bg\xff\xf7\
\xff/u\x0c\xb6haj2>\x1b?\x13\x9f\x8d\x9f\
\x89\x88\xe55\xe4=O\x0cG\xef\x13\xc3\xd1\xff\x9d\xd1\
\xe8\xda3\x98\xe94\xcc\xe9O.\xc4\xc2\xe7\x93\xb10\
5\x19\xb7?\xb9\x10sW.)Y\x96\xc4\xd0`g\
\x1c=\xe8\xfb1\x00\xf9g\xdae\xf1\xadL\xc0\x8c\xe5\
\x97\xb0\xd1\xff\x9d\xd1\xe8\x19\x1a\x8e\xee\xbd\xcb\xafe{\
\x86\x863\xbbLT\x9b\x9d\x89\xb9\xab\x97b\xee\xca\xa5\
\x98\xbd\xb2\xfc\xbfJ\x96\xe5q\xfc\xc8\x8e\x18\x1a\xecL\
\x1d\x03\xd8\x08\xa5K`\xb3\x9c\x1dA6:\xbaS'\
 \x9fvZ/^qm\x8f)]\x02@\xe1\xf9\xc0\
\x0d\x922\xed\xb2\x5c\x16\xa6\x96\x0b\x917\xcf\x9f\xfb\xf2\
\x10;b\xb9\x8c\xd9\xb5w\xb9|\xb9}\x83\xd3\x84\xee\
\xde;\xa0\x8e\x08\xe5\xca\x0ax\xf1\xf9\xbd\xa9#\x00\xc0\
\x86\x99vY._\x960\x1f\xd2\xff\x9d\xe5\xd7\xad]\
{\x06\xa3{\x83\x17\x89f\xaf\x5c\x8a\xda\xdc\xccr\xd9\
R\xb9\xb2\xf4\xbc\x86\x85\x02Y\xf4\xb9\x13\xb0I\xce\x8e\
 \x1b\xb6\x0d\xb2\x86\x95\xd2\xe57\x93\xa6 \x1d\xeb\xc5\
\x01\xa0\xf0\xea\xf3\xd3\xd1\xe6\xf5>$e\xdae\xf9\xad\
\x941#b\xd5\x03m\xaa\xed\xd0h\xaf\xb5\x8c\x00\x14\
\x8ai\x97\xd5\xe0u+\x8fb\xca%\x14K}\xd1\x16\
5\x00H\xa6\xbd#b\xa9\x96:\x059\xd3~\xef\x7f\
\xf7\xa7\x0cABm\x1d\xa9\x13@\xf5\xb8\x8d\x08d\xad\
~7u\x02\xa8\xbc\x95i\x97@5\xbd`B\x10\x00\
\x05d\xc2\x1dT\xd7@_G\x9c>\xf9x\xea\x18\xc0\
f\x98X\x07\x00\xe9<\xe6\xfc\x87\xaf\xd9\xd1\xbe\xfe\xd7\
Pj\x9d=\xa9\x13@\xf5\xd4\xdd\x80\x002\xe6\x963\
\xe4\xc2\xef:\xb0\x82JR\xba\x06\xa0\xa8V\xa6]\x02\
\xd5s\xf2\xd9]1\xd0\xe7\x88\x10\x0ae\xe1v\xea\x04\
@\xc1\xd4\xe7\xa7SG\x80\xf2\xd0\xad\xe2\xeb\x9e^y\
G\xb53i\x0c\xd2\xf0\xa4\x00\x00\xe5\xa1x\x09\xc9\x8d\
\x0cw;\xb4\x86\x0a2\xe5\x12\x80\x22{\xf1\xf9\xbd1\
\xd0g\x1b\x12T\xc9@_G\x9c8\xb6;u\x0c`\
3L\xb9\x04\x80\xa4\xda\xda\xbdo\xe6\xebVJ\x97O\
'MA\x1am\x8f\xa5N\x00\x95T\xbf\xeb\xcd1\xd0\
\x04\xb5\xf9\xd4\x09\x80ph\x0dUs\xfc\xc8\x0eS.\
\x01(\xb4\xa1\xc1\xce8\xf9\xec\xae\xd41\x80\x16Z~\
\xdfj\xca%\x14\x8a\xd2%\x00\xa4\xd5\xb5=u\x02r\
\xc8\xbb\xaa*3\xe9\x12\xd2\xf0\xe6\x18h\x86\xbb&]\
B\x1e8\xb4\x86jy\xd1\x94K\x00J\xe0\xc4\xb1\xdd\
.\x0eAE\x0c\x0dv\xc6\x89c\xde\xb3B\xe1X-\
\x0el\x85a\x1d\x00M\xa5tYa\xc6\xdf\x02@y\
\xd4\xad\x17\x87\xdcph\x0d\xd5\xf0\xe2\xf3{ch\xb0\
3u\x0c\x00h\xd8@_{\x9c>9\x98:\x06\xd0\
\x02\xa7O>\x9e:\x02\xb0\x05>\xfb\x05\xb6\xc4  \
\xc8NW\x7f\xea\x04\xe4\x90\xd2e\x95=f\xd2%\x00\
\x94\x86\x1b\x8b\x90\x1b\x0e\xad\xa1\xfc\x06\xfa:\xe2\xc4\xb1\
\xdd\xa9c\x00@f\x8e\x1f\xd9\x11#\xc3\xdbR\xc7\x00\
\x9a\xe8\xd0ho\x1c=\xe8\xb0\x18\x0a\xc9g\xbf\x00\x00\
\xb9\xd3>=~\xe0p\xea\x10$\xd2\xfeX\xea\x04P\
MwgS'\x00\xca\xc8mg\xc8\x95\xe3Gv\xc4\
\xa1\xd1\xde\xd41\x80&9}r0\x06\xfa\xdcc\x05\
\xa0\x5c~\xd7\xc5!(\xb5WN\xedK\x1d\x01\xd8*\
\x9f\xfd\x02@z\x9d\x06\xdb\xf1 '\x04U\xd6\xd1\x95\
:\x01T\xd3R-u\x02\xa0\xac|\xf8\x06\xb9\xf2\xbb\
\xd6\xb6A)\x1d\x1a\xed\x8d\xe3Gv\xa4\x8e\x01\x00\x99\
\xf3=\x0e\xca\xeb\xc5\xe7\xf7\xc6\xd0`g\xea\x18\xc0V\
,L\xa7N\x00\x14\x99\x15\xe3\x90\x9d6\x83\xedx\x90\
\xd2e\x95)]\x02@\xb9X3\x03\xb922\xdcm\
\xfd0\x94\x90\x09A\x00\x94\xd9\xe9\x93\x8f\xc7@_G\
\xea\x18@\x86\x86\x06;\xbd7\x85\x22[\xb4=\x0dh\
\x80\xd2%dG\xc7\x8a\x87(]\x02\x00\x94\xc5]\x93\
.!oL\x13\x81r\xf1\xff\xd3\x00\x94\xdd@_{\
\x9c\xb6f\x1cJe\xb9L\xed8\x10\x8a\xaa\xae0\x05\
\x00\xb9\xd0\xf6\x98\xd2%\x0f\xf2.\xab\xaa\xba\xb6\xa7N\
\x00\xd5d\xf5/\xd0D\xf5y\xabf o\x06\xfa\xda\
M\xc5\x83\x92\x18\x1a\xec\x8c\x17\x9e\xdb\x9b:\x06\x004\
\xdd\xf1#;\xe2\xd0ho\xea\x18@\x06\x8e\x1e\xdc\x1e\
G\x0f\xf6\xa7\x8e\x014\xc2\xb9\x12\x00@.)]\x02\
\xb4R\xbd\x96:\x01Pf\xd6\x8bC.\x1d\x1a\xed\x8d\
\xa3\x07]z\x82\xa2S\xa0\x06\xa0J^9\xb5\xcf\x9a\
q(\xb8\x81\xbe\x0e\xafa\xa1\x0c\x16n\xa7N\x00\x14\
\x99s#\xc8\xcec=\xa9\x13\x903J\x97\x00\x00e\
a\xd5\x0c\xe4\x96Ck(\xb6\x13\xc7v\x9b\xf8\x05@\
\xa5\x0c\x0dv\xc6\x8b\xcf\x9b\xf0\x0cE\xb6\xfc>\xd41\
 \x14\x9a)\x97@\xa3\x9c\x1bAv\xda\x1fK\x9d\x80\
\x9c\xf1n\xab\xaa:5\xb0\x01\xa0\x94\x16\xac\x18\x87<\
\xb2f\x1c\x8aK\xe9\x04\x80\xaa:ql\x97K\x07P\
P\xd6\x8aCI\xdc\x9dM\x9d\x00\x00\x805\xb4G\xc4\
\xe1\xd4!h\xbd\xb6vSv \x89Eo\x90\x81&\
\xf3<\x03\xb9u\xf4`\x7f\x9c8\xb6;u\x0c`\x93\
^{i\xc8\x84 \x00*\xcb\xc4v(\x1ek\xc5\xa1\
<\xea&]\x02@~\xb4yo\xcc\x83\x9c\x1a\x00\xb4\
R\xbd\x96:\x01Pr>\x88\x83|{\xf1\xf9\xbd1\
4\xd8\x99:\x06\xb0A/>\xbf7F\x86\xbbS\xc7\
\x00\x80d\x86\x06;\xe3\xf4\xc9\xc1\xd41\x80M\xb0V\
\x1cJ\xc4g\xbd@\x83\xeaK\xce\xa6!36\x0a\xf3\
\x10\xef\xba\x00\x00\xca\xc4\xca\x19\xc8\xb5\x81\xbe\xf6x\xed\
\xa5\xa1\xd41\x80\x0d\x18\x19\xde\x16/<g\xad8\x00\
\x1c?\xb2#\x8e\x1e\xdc\x9e:\x06\xb0\x01'\x8e\xed\xb6\
V\x1c\xcad\xe1v\xea\x04@\xd1)o\x034\x8d\xd2\
eUut\xa5N\x00\x004\x837\xd0\x90{#\xc3\
\xdd\xf1\xe2\xf3\x8a\x5c\x90g\x03}\x1d\xf1\xdaK\xdfH\
\x1d\x03\x00r\xe3\x95S\xfbLl\x87\x9c\x1b\x19\xde\xe6\
\xbd&\x94\xc9\xc2t\xea\x04\x00\x00<\x82\xd2eUu\
X\x8f\x06)\x18\xe1\x0e\xb4\x84\xe2%\xe4\xde\x0b\xcf\xed\
\x8dC\xa3\xbd\xa9c\x00kP,\x01\x80\x07\x0d\xf4\xb5\
\xc7+\xa7\xf6\xa5\x8e\x01\xaca\xa0\xaf#\xfe\xc0Zq\
(\x97E\x1b\x8d\x00\x00\xf2\xcc\xbb/\x80VR\x84\x02\
Z\xc1\x8aq(\x84\xd7^\x1a\x8a\x81\xbe\x8e\xd41\x80\
\x87X\xc9\x08\x00\xab;4\xdak\x8a\x1e\xe4\xd4\xe9\x93\
\x8312l\xd8\x06\x94I\xddy\x12\x00@\xae)]\
\x02\x00\x94\x8c\x0f\xe4\xa0\x18\x06\xfa\xda\xad/\x86\x9c\x19\
\x19\xde\x16\xa7O\x0e\xa6\x8e\x01\x00\xb9\xf5\xc2s{\xe3\
\xe8\xc1\xed\xa9c\x00\xf79~dG\x1c?\xb2#u\
\x0c k\x0b\xb7S'\x00\xca\xa06\x9f:\x01\x94K\
\x97\xf7\xc3|\xa5=\x22n\xa4\x0e\x01\x00@\x86\x94.\
\xa10\x0e\x8d\xf6\xc6\xe9\x93\x8f\xa7\x8e\x01\xc4\xf2JF\
Eh\x00X\xdf+\xa7\xf6\xc5\xd0`g\xea\x18@\xac\
\x5c\x1a\xf2\x9e\x12Jg\xa9\x16Q[H\x9d\x02(\x03\
\xcf%\x00\xcdr\xb9=\x22\xce\xa7N\x01\x00@\x86\xdc\
\x82\x86B9ql\x97\xa9$\x90\x03\xaf\xbd\xf4\x0d\x05\
\x12\x00\xd8\x80\xe5\x89\xedC1\xd0\xd7\x91:\x0aT\xda\
\xca\xa5\xa1\x81>K\xed\xa0t\xee\xbaT\x0f\x00\x90s\
\x9fz'\x06\xd0JF\xb8\x03\xadb\xda%\x14\xca\xe9\
\x93\x8f\xc7\xc8\xf0\xb6\xd41\xa0\xb2^9\xb5/\x0e\x8d\
\xf6\xa6\x8e\x01\x00\x8512\xdc\x1d\xa7O\x0e\xa6\x8e\x01\
\x95\xe6\xd2\x10\x94\x98K\xf5\x00\x00\xb9\xa7t\x09\xd0J\
F\xb8\x03\xad\xe2\x839(\x94\xe5iA\xdf0-\x08\
\x128~d\x87i\xb3\x00\xb0\x05\xc7\x8f\xec\x88\x13\xc7\
v\xa7\x8e\x01\x95t\xfa\xe4\xe3.\x0dA\x89\xd5\xe7\xa7\
SG\x00\x00`\x1dJ\x97\x00\x00%T7\xe9\x12\x0a\
gh\xb03\xdez\xf9\xc9\xd41\xa0RF\x86\xb7\xc5\
+\xa7\xf6\xa5\x8e\x01\x00\x85u\xfa\xe4`\x1c=\xb8=\
u\x0c\xa8\x94\xe5\xc2\xf3\xae\xd41\x80fr\xa1\x1e\xc8\
\xd2R-u\x02\x80RR\xba\x04\x00(\xa3\xbb\xb3\xa9\
\x13\x00[02\xdc\xad\x00\x06-22\xbcM\xd1\x19\
\x002\xf0\xca\xa9}12\xbc-u\x0c\xa8\x84C\xa3\
\xbd\xde3B\xd9\xb9L\x0fd\xed\xae\xe7\x15\x80&x\
_\xe9\x12\x00\xa0\x8c|8\x07\x85u\xfc\xc8\x8e8}\
\xf2\xf1\xd41\xa0\xd4\x06\xfa:\xe2\x0fN\xed\x8b\x81>\
\x1f\x8b\x00@\xa3\x06\xfa\xda\xe3\xad\x97\x9f\x8c\xa1\xc1\xce\
\xd4Q\xa0\xd4F\x86\xb7\xc5k/\x0d\xa5\x8e\x014\x9b\
)\x97\x00\x00\x85\xe0t\x01\x00\xa0\xac\x16\xa6S'\x00\
\xb6\xe8\xc4\xb1]q\xfc\xc8\x8e\xd41\xa0\x94\x06\xfa:\
\xe2\xad\x97\x9f\x8c\x91\xe1\xee\xd4Q\x00\xa04\x06\xfa\xda\
\xe3\xb5\x97\x86b\xa0\xaf#u\x14(\xa5\x81\xbe\x8ex\
\xed\xa5o\xb84\x04\x15P\xf7\x99.\x00@!\xb4G\
\xc4\x8d\xd4!\x00*\xc1\x1be\xa0\xd5\xdc\x8a\x86B{\
\xe5\xd4>\xc5Kh\x82\xe5\x15\xa8\x0a\x97\x00\x90\xb5\x91\
\xe1\xeex\xeb\xe5'\x15/!c+\x97\x86L\x93\x85\
\x8aX\x9cM\x9d\x00\x00\x80\xf5]n\xef\x1f\x9b8\x9f\
:\x05\x00\x00\xd9\xab[1\x0e\x85\xb7\x5c\x0e\xdb\x96:\
\x06\x94\xc6+\xa7\xf6\xc5\xd1\x83\xfd\xa9c\x00@i\x8d\
\x0cw\xc7\xe9\x93\x83\xa9c@i\x98\xd2\x0e\x15S[\
X\xfe\x07\x00\x80\x5c\xeb\x1f\x9b\xb8l\x0f\x01\x00@Y\
\x99t\x09\xa5\xb0|\xc0\xa6x\x09\x8d2=\x16\x00Z\
\xe3\xf8\x91\x1d\xf1\xca\xa9}\xa9c@)\x9c>9\xa8\
p\x09U\xe2\xf3\x5c\xa0\x19\x96\xee\xa6N\x00PJJ\
\x97\x00\x00e\xb5Ts3\x1aJ`\xa0\xaf]\xf1\x12\
\x1a\xa4p\x09\x00\xad\xa5x\x09\x8d\xf3\x1a\x16\xaa\xa7>\
?\x9d:\x02PFwmE\x83\xcc\xdc\x9dM\x9d\x80\
|\xb8\x1c\xa1t\x09\x00PnnGC)(^\xc2\
\xd69\xac\x06\x804\x14/a\xeb\xbc\x86\x85\x8a\xf2Y\
.\x00\xe4\xdbR-u\x02\xf2\xe1r\xc4W\xa5\xcb\xf7\
\x93\xc5 \x0d#\xa4\x01\xa0\x12\xea\x8bn0BY(\
^\xc2\xe6\x9d8\xb6\xdba5\x00$\xa4x\x09\x9b\xa7\
p\x09\x15U[\xb0\xb5\x08\x00\xa0@L\xba\xac*#\
\xa4\xa1\xf5\x16\x8d\x9a\x06\x12p;\x1aJE\xf1\x126\
\xee\xf4\xc9\xc7\xe3\xf4\xc9\xc1\xd41\x00\xa0\xf2\x14/a\
\xe3\x14.\xa1\xc2|\x8e\x0b\x00P\x14\xe7#\x94.\x01\
Z\xa7n\xd44\x90\xc0\xe2\x9cQ\xf7P2\x8a\x97\xb0\
\xbeWN\xed\x8b\x13\xc7v\xa5\x8e\x01\x00\xdc\xa3x\x09\
\xebS\xb8\x84j\xab\xcfO\xa7\x8e\x00\x00\xc0\xc6\xdc\x8c\
\xf8\xaaty9]\x0e\x00\x00\x9a\xca\x84k(\x1d\xc5\
KX\x9b\xc3j\x00\xc8'\xc5KX\x9b\xd7\xb0\x80I\
\x97\x00\x90s\xb5\x85\xd4\x09\xc8\x8f\xcb\x11_\x95.?\
M\x97\x03\x00\x80\xa6\xf2\x81\x1d\x94\xd2J\xf1\xf2\xe8\xc1\
\xed\xa9\xa3@n8\xac\x06\x80|S\xbc\x84\x07\x0d\xf4\
u\xc4[/?\xe95,T]mA\x91\x03h\x9a\
\xbamh\x90\x0d\xdf\xab\xf9\xca\xe5\x08\xeb\xc5+\xcb\x88\
z\x00\xa8\x0e\xdf\xf7\xa1\xbc\x06\xfa\xda\xe3\xb5\x97\xbe\xe1\
\x80\x8e\xca\x1b\xe8\xeb\x88\xd7^\x1a\xf2\xff\x0b\x00P\x00\
\xc7\x8f\xec\x88\xb7^~2\x06\xfa:RG\x81\xa4V\
\x0a\x97\x87F{SG\x01Rsi\x1eh\xa6E\xdb\
\xd0\x002v#\xc2zq\x00\x80\xf2\xf3\xa1\x1d\x94\x9e\
\xe9~T\xd9\xcaa\xf5\xd1\x83\xfd\xa9\xa3\x00\x00\x1bt\
h\xb4W\xf1\x92J\x1b\x1a\xec\x8c\xb7^~2F\x86\
\xbbSG\x01r\xc0\xa5y\x00(\x80\xda|\xea\x04\xe4\
D\xff\xd8\xc4\xf9\x08\xa5\xcb\xea\xba;\x9b:\x01\x00\xd0\
J\x0b>\xb8\x83\xb2{\xe5\xd4>\xab\x1a\xa9\x9c\x91\xe1\
m\x0e\xab\x01\xa0\xa0F\x86\xbb\xe3\x9dW\xf7\xc7\xc8\xf0\
\xb6\xd4Q\xa0\xa5F\x86\xb7\xc5;\xaf\x0e{\x0d\x0b|\
\xc5\xa5y\x00\xc8?\xeb\xc5Yvc\xe5\x07\xd6\x8bW\
\xd5Rm\xf9\x1f\xa0e\xeaw}\x13\x06\x12\xf2\xc1\x1d\
T\xc2\xf1#;\xe2\xb5\x97\x86L\x0c\xa2\x12\x14.\x01\
\xa0\xf8\xbe\x9a\xf6\xa7xI5\x1c=\xb8\xfd\xde\x94W\
\xc7s\xc0=\x8bsJ\x1c\x00P\x00\xf5\xc5\xb9\xd4\x11\
\xc8\x87\xf3+?h\x8f\x88\xe8\x1f\x9bx?Y\x14\xd2\
\xb9\xeb\x09\x01Z\xca\x9bf !+j\xa0:\x8e\x1e\
\xec\x8f\xb7^~2\x86\x06;SG\x81\xa69~d\
G\xfc\xf4\xd5\xfd\x0e\xab\x01\xa0\x04\x06\xfa\xda\xe3\xa7\xaf\
\xee\x8f\xe3Gv\xa4\x8e\x02Mu\xe2\xd8\xeex\xed\xa5\
ox\x0d\x0b<\xc8ey\x00(\x06\x83\xedXf\xd2\
%\x11Q\x9bO\x9d\x00\x00h\x15\x1f\xdeA\xa5,\xaf\
j\x1c\x8eC\xa3\xbd\xa9\xa3@\xe6N\x9f|<^9\
\xb5/u\x0c\x00 c\xaf\x9c\xda\x17\xa7O>\x9e:\
\x064\xc5\xf2\xdf\xef\xc1\xd41\x80\x1c\xaa/\xb8,\x0f\
\x00\x85\xe0\xac\x95e\xbfX\xf9\xc1\xfd\xa5\xcb\xcb\xad\xcf\
AJF\xdf\x02@\xc5\xf8\x00\x0f*e\xa0\xaf=\xde\
z\xf9\xc98qlw\xea(\x90\x89\x81\xbe\x8e{\x7f\
\xa7w\xa5\x8e\x02\x004\xc9\x89c\xbb\xee\xad^\xeeH\
\x1d\x0521\xd0\xd7\x11?}u\xd8$W`m\x0a\
\x1c\x00\x90\x7f\xb6\x9a\xf2\x95\xcb+?P\xba\xac2\xa5\
K\x00\xa8\x16\x1f\xe0A%\x9d>9\x18\xaf\x9c\xda\xe7\
\xe0\x9aB\x1b\x19\xde\x16\xef\xbc\xba\xdf\xf4V\x00\xa8\x80\
C\xa3\xbd\xf1\xce\xab\xfbcdx[\xea(\xd0\x90C\
\xa3\xbdq\xf6\xc7\xdf\x8a\x91\xe1\xee\xd4Q\x80\xbcZ\x98\
\xb6\xaa\x14\x00\x8a`q6u\x02\xf2\xe3\xf2\xca\x0f\x94\
.\xab\xec\xae'\x05\x00\xa8\x92\xfa\xbcI\x97PU\xc7\
\x8f\xec\x88\xb7^~\xd2\xc15\x85t\xe2\xd8\xee\xf8\xe9\
\xab\xfbch\xb03u\x14\x00\xa0E\x86\x06;\xe3\xa7\
\xaf\xee7\x1d\x90\xc2z\xf1\xf9\xbd\xf7\xa6\xb6\xb6\xaf\xff\
\xc5@u\xb9$\x0f\xb4\x82^\x084\xee\xae\xa1v|\
\xe9\xfc\xca\x0f\xee\x7f\xb7\xf7i\x82 \xa4\xb4T3\x02\
\x17\x00\xaa\xc4\x87xPi#\xc3\xdd\xf1\xd6\xcbO:\
\xb8\xa60\x06\xfa:\xe2\xb5\x97\x86\xe2\xf4\xc9\xc1\xd4Q\
\x00\x80D^9\xb5\xcf\xd4v\x0ae\xe55\xec\x0b\xcf\
\xedM\x1d\x05(\x80\xfa\x9d\x1b\xa9#\x00U`\xa2.\
4\xacn\x930\xcbn\xf4\x8fM|\xf9\x02\xee\xfe\xd2\
\xa5WuUd\x04.\x00T\xcb\x82i\x97Pe\x03\
}\xed\x0e\xae)\x84\x95u\xe2G\x0f\xf6\xa7\x8e\x02\x00\
$v\xfc\xc8\x0e\xeb\xc6)\x84\x95u\xe2^\xc3\x02\x1b\
\xb2T\x8bP\xe0\x00\x80b\xd0\xadb\xd9\xf9\xfb\xff\xa5\
}\xad\x9f\xa0\x22\x8c\xc0\x05\x80Jq{\x1a\x88pp\
M\xbe\xbd\xf8\xfc\x22\xf0f\xca\x00\x00 \x00IDA\
T^\xeb\xc4\x01\x80\x07\xac\xac\x1b\x7f\xf1y\xd3\x03\xc9\
'\xeb\xc4\x81M\x9b\xf79-\x00\x14\x82-\xc2|e\
\xcd\xd2\xe5\xe5\xd6\xe6 \x0f\xea\xf3\xa6]\x01@\xa5X\
1\x0e\xdc\xe3\xe0\x9a\xbcY\xfe;9l\x15#\x00\xb0\
\xa6\x17\x9e[.\xb6\xb9\x9cA^\x8c\x0co\xf3\x1a\x16\
\xd8\x12g\xb4\x00P\x10\x86\xd9\xf1\x95\x9b\xf7\xff\xcb\x97\
\xa5\xcb\xfe\xb1\x89\xcb-\x8fBzw\x8d\xc0\x85\x96\xa9\
\xcd\xa7N\x00\xb0\xbc\xb2f\xa9\x96:\x05\x90#/<\
\xb77~\xfa\xea\xb0\xa9\x97$u\xe2\xd8\xeex\xe7\xd5\
\xe1\x18\x19\xeeN\x1d\x05\x00\xc8\xb9C\xa3\xbd\xf1\xce\xab\
\xc3q\xe2\xd8\xee\xd4Q\xa8\xb8\x13\xc7v\xc7O_\xdd\
\xef5,\xb05&]\x02@1\x18h\xc3W\xde\xbf\
\xff_\x1e\xdes`\xc5x\xd5,\xd5\x96\xcb\x17@\xf3\
\x199\x0d\xe4\x857\x07\xc0CF\x86\xbbM\xbd$\x89\
\xa1\xc1\xcex\xeb\xe5'\xe3\xf4\xc9A\xab\x18\x01\x80\x0d\
\x1b\xe8k\x8f\xd3'\x07M\xbd$\x89\x91\xe1m_\xbe\
\x86\x05\xd8\x12\x17\xe3\x01\xa00\xea:U|e\xcd\xf5\
\xe2\x11\x11\xae\xd4T\x91i\x97\x00P)\xf5;7\xd7\
\xff\x22\xa0\x92V\xa6^\x1e\x1a\xedM\x1d\x85\x0ax\xf1\
\xf9\xbdq\xf6\xc7\xdf\xf2\xf7\x0d\x00\xd82S/i\xb5\
\x17\x9f\xdf\x1b?}u\xbf\xd7\xb0@C\xeasS\xa9\
#\x00\x00\x1be\x98\x0d\xcbn\xf4\x8fM<\xd0\xab|\
\xb8t\xf9\x97-\x0cCN\xd4\xe7\xa7SG\x00\x00Z\
\xc9\x9b\x03\xe0\x11F\x86\xbb\xefMmy<\x06\xfa:\
R\xc7\xa1\x84\x0e\x8d\xf6\xc6\xd9\x1f\x7f+^x\xced\
U\x00\xa0q+S/\x7f\xfa\xeap\x8c\x0coK\x1d\
\x87\x92\xf2\x1a\x16\xc8\x94\xcfg\x01\xa0\x18j\x0b\xa6S\
\xb3\xe2k\xdb\xc3M\xba\xc4\x0b{\x00\xa8\x9a\xda\xc2\xf2\
?\x00\x8fp\xe2\xd8\xae8\xfb\xe3o\xc5\xf1#;R\
G\xa1$\x06\xfa:\xe2\x95S\xfb\xac\x01\x05\x00\x9ab\
d\xb8;~\xfa\xea~\x97\x87\xc8\x94\xd7\xb0@\xe6j\
\x0b\xcb\xeb\xc5\x01\x80\xfc\xd3\xa7\xe2+\xeb\x96.\xbf\xf6\
\x05T\x80\xe2\x05\x00T\xcf\x1dwm\x80\xf5\x0d\xf4\xb5\
\xc7+\xa7\xf6Y9N\xc3VV\x89+\xf1\x02\x00\xcd\
\xe6\xf2\x10Y\xf1\x1a\x16h\x0a\xe5\x0d\x00(\x0c\x9b\x83\
\xb9\xcf/\x1e\xfe\x0fJ\x97,\xf3\x02\x1f\x00*\xa5\xbe\
\xe0M\x02\xb0q++\xc7_9\xb5\xcft\x176\xe5\
\xe8\xc1\xed_\xaea\x1c\xe8{\xf8#\x08\x00\x80\xe6p\
y\x88Fx\x0d\x0b4S\xfd\xce\xcd\xd4\x11\x00\x80\x8d\
\xd2\xa5\xe2+_\xebT\xb6=\xfc\x1f\xa6\xc7\x0f\x5c\x8f\
\x88\x9d-\x89C~\xf4\xec\x89\xb6\x9d\xdfL\x9d\x02J\
\xad~\xed\xbf\xa5\x8e\x00\xf0\x80\xb6}\xff,u\x04\xa0\
\xa0\xfe\xfd\x9b\x9f\xc7k\xff\xf9z\xdc\x9a\xa9\xa5\x8eB\
N\x1d\x1a\xed\x8d\x17\x9e\xdf\xab\xe4\x00\x00\xe4\xc2\xd9\x0b\
\xb3\xf1\xe2\x1f^\x8b\xab\x93\x8b\xa9\xa3\x90c^\xc3\x02\
M\xb7T\x8b\xfa\x7f\xff\xda\x90$\x80\xa6s\x1e\x04[\
P[\x88\xfa\xe4\x85\xd4)\xc8\x89\xfe\xb1\x89\xafu,\
W+]\xfeED\x1cnE r\xa4\xa3+\xda\x06\
GS\xa7\x80RS\xba\x04\xf2\xa6m\xd7S\x11\xdb\xdc\
\xb5\x01\xb6\xe6\xd6\xccR\xbc~\xe6\x0b\xe5K\x1e02\
\xbc-~\xf7\xe4\xa0\x83j\x00 \x97\xde~\xeff\xbc\
\xf2'\x9f+_\xf2\x80\xa1\xc1\xce8}\xf2\xf18z\
\xb0?u\x14\xa0\xec\xee\xdc\x88\xfa\xf5\x8b\xa9S\x00\x15\
\xa4t\x09[07\x15\xf5\x1b\x9f\xa6NA>\xbc\xdf\
?6\xf1[\x0f\xff\xc7\xd5\xf6\x22X1^E\xb5\x85\
\xe5\x7f\x00\x80\xca\xb0b\x1ch\xc4@_{\xbc\xf0\xdc\
\xde8\xfb\xe3o\xc5\x8b\xcf\xef\x8d\x81\xbe\x8e\xd4\x91H\
hh\xb0\xf3\xde\x0a\xcf\xfd\x0a\x97\x00@n\x1d?\xb2\
#\xce\xfe\xf8[\xf1\xca\xa9}14\xd8\x99:\x0e\x89\
\xad\xbc\x86=\xfb\xe3o)\x5c\x02-a\xb58\x90\xcc\
\x92K\xf3\xb0Y\xf5y\xe7\xa8|i\xd5.\xe5c\xab\
\xfc75\xdd\xaaZ\xb8\x1d\xd1\xb3'u\x0a\x00\xa0U\
\xee\xdc\x88\x18\x18J\x9d\x02(\xb8\x95\xf2\xe5\x89c\xbb\
M\xbe\xac\xa0C\xa3\xbdq\xe2\xd9\xdd\x0e\xa9\x01\x80B\
9~dG\x1c?\xb2\xc3\xe4\xcb\x8a\x1a\x1a\xec\x8c\x17\
\x9f\xdf\x1b\xc7\x8f\xecH\x1d\x05\xa8\x9a\xf9\x1b\xa9\x13\x00\
Uuw.\xa2\xcb\xe7w\xb0)\x0b\xb7S' ?\
~\xb1\xda\x7f\x5cm\xbd\xf8\xe1\x88\xf8\x8bf\xa7!\x87\
\xb6\xed\x5c^3\x0a4\x85\xf5\xe2@\x1e\xb5\x0d\x8eF\
tt\xa5\x8e\x01\x94\xc8\xca\xda\xf1\xb7\xc6o:\xbc.\
\xb1C\xa3\xbd\xf1\xc2\xf3{M\xb5\x04\x00JA\xf9\xb2\
\x1a\x0e\x8d\xf6\xc6\xf1\xb1\x1d\xca\x96@\x1a\x0b\xd3Q\x9f\
\xfa$u\x0a\xa0\xa2\xda\xf6|[\xe9\x126cq.\
\xea\x9f\x7f\x94:\x05\xf9\xf1O\xfb\xc7&\xbe6\xed\xf2\
k\xa5\xcb\x88\x88\xe9\xf1\x03\xf5\xe6\xe7!w\xda;\xa2\
\xed\xf1\xdfL\x9d\x02JK\xe9\x12\xc8\xa3\xb6\x81\xa1\x88\
\xbe\xc1\xd41\x80\x92z\xfb\xbd\x9b\xf1\xfa\x7f\xbe\x1e\x1f\
^\xba\x93:\x0a\x199~dG\x9cxvw\x8c\x0c\
w\xa7\x8e\x02\x00\x90\xb9\xb3\x17f\xe3\xdf\xff\xc9\xe7q\
\xf6\xc2l\xea(d\xe8\xe8\xc1\xedq\xe2\xd9].\x0c\
\x01I\xd5o]\x8d\x98\x99L\x1d\x03\xa8(\xa5K\xd8\
\xa4\x99\xc9\xe5\xef\xdd\x10q\xa3\x7flb\xd7j?\xb1\
V\xe9\xf2RD\xecof\x22\xf2\xc97[h\x1e\xa5\
K \x97L\xba\x06Z\xe0\xec\x85\xd9x{\xfcf\xbc\
\xfd\xde\xcd\xd4Q\xd8\x82\xa1\xc1\xce\xf8\x9d\xb1\x1dq\xe2\
\xd8\xee\x18\xe8kO\x1d\x07\x00\xa0\xe9\xaeN.\xc6+\
\x7f\xf2y\xbcsn:n\xcd\xd4R\xc7a\x0b\x06\xfa\
:\xe2\xf8\x91\x1dq\xf2\xd9]14\xd8\x99:\x0e@\
\xd4'/D\xd4\x16R\xc7\x00*J\x0f\x046\xa7~\
\xfdb\xc4\x9d\x1b\xa9c\x90\x0f\xef\xf7\x8fM\xfc\xd6j\
?\xf1\xd8\x1a\xbf\xe0|(]VR\xfd\xce\x8dh\xf3\
\xcd\x16\x00\xaa\xe3\xce\x8d\x88\xa5ZD{G\xea$@\
\x89\x1d\x1a\xed\x8dC\xa3\xbd\xf1\xe2\xf3{\xe3\xed\xf7n\
Z=^\x10G\x0fn\x8f\xe3c;\xe2\xe8A\xef\x11\
\x01\x80j\x19\x1a\xec\x8cWN\xed\x8b[3K\xf1\xce\
\xb9\xdbV\x8f\x17\xc8\xc8\xf0\xb68\xf1\xec\xae8zp\
\xbb\x0bC@~,\xce)\x5c\x02@Q,\xd5\x14.\
\xb9\xdf_\xae\xf5\x13kM\xba<\x1d\x11\xbf\xdb\xac4\
\xe4XGW\xb4\x0d\x8e\xa6N\x01\xa5d\xd2%\x90W\
m\xbb\x9e\x8a\xd8\xb63u\x0c\xa0b\xde97\x1d\xef\
\xfc\xf5m\xd3/sfe\xaa\xe5\xf1#;L\x04\x02\
\x00\xb8\xcf\x87\x97\xe6\xe3\xf5\xff\xfc\x85\xe9\x979\xb42\
\xd5\xf2\xf8\xd8\x8e\x18\x19\xeeN\x1d\x07\xe0k\xac\x16\x07\
R3\xe9\x126\xe1\xce\x8d\xe5I\x97\xb0\xec\xb7\xfa\xc7\
&\xde_\xed'\xd6*]\x1e\x8e\x88\xbfhb r\
\xacmp4\xa2\xa3+u\x0c(\x1d\xa5K \xb7z\
\xf6D\xdb\xceo\xa6N\x01T\xd4\xca\xf4\xa0w\xfez\
:\xde9w;u\x9cJ\x1a\xe8\xeb\x88\xa3\x07\xfb\xe3\
\xc4\xb3\xbb\x1dR\x03\x00l\xc0\xdb\xef\xdd\xf4\xfa5\x07\
Lf\x07\x8a\xc2jq 5\xa5K\xd8\xb8\xfa\x8dO\
#\xe6\xa6R\xc7 ?v\xf5\x8fM\xac:\xfat\xad\
\xd2\xe5\xce\x88\xb8\xde\xd4H\xe4V\xdb\xc0PD\xdf`\
\xea\x18P:J\x97@n\xb5wD\xdb\xe3\xbf\x99:\
\x05@\xdc\x9aY\xbaw\x80};\xce^\x98M\x1d\xa7\
\xd4V\x8a\x96G\x9f\xd9\xee\x90\x1a\x00`\x8b\x5c j\
\xbd\xa3\x07\xb7\xc7\xd1g\xfa\xad\x0f\x07\x8acq.\xea\
\x9f\x7f\x94:\x05PqJ\x97\xb0q\xf5\xff\xfe\x8b\xe5\
\x15\xe3\x10q\xbe\x7fl\xe2\x9f\xae\xf5\x93\xab\x96.#\
\x22\xa6\xc7\x0f\x5c\x8a\x88\xfd\xcdHD\xceu\xf6D\xdb\
\xde\xef\xa6N\x01\xa5\xa3t\x09\xe4\x997\xdc@\xde\xdc\
\x7f\x80}\xf6\xc2\xac\x15\x8e\x19\x18\x1a\xec\xfc\xf2\x90\xfa\
\xd0ho\xea8\x00\x00\xa5\xa2\x80\xd9\x1c\x03}\x1dq\
h\xb4W\xd1\x12(,\xab\xc5\x81<p\x06\x04\x1b\xe4\
\xb2\x04\x0fz\xb5\x7fl\xe2\x85\xb5~\xf2Q\xa5\xcb\xff\
3\x22~\xd0\x8cD\xe4\x9f\x15\xe3\x90=\xa5K \xd7\
\xfa\x06\x97\xa7]\x03\xe4\xd4;\xe7\xa6\xe3\xec\xdf\xce\xc6\
__\x98\x8d\x0f/\xddI\x1d\xa70\x8e\x1e\xdc\x1e\x87\
\xbe\xd7\x1bG\x0f\xf6\xc7\xd0`g\xea8\x00\x00\x95\xb1\
\xf2\xfa\xf5\x9ds\xb7\xe3\xea\xe4b\xea8\x8522\xbc\
-\x9e\xb9W\xb4tY\x08(:\xab\xc5\x81<P\xba\
\x84\x8dqY\x82\x87\xfc\xab\xfe\xb1\x89?]\xeb'\x1f\
U\xba\xfc\xdf\x22\xe2\xdf7%\x12\xb9g\xc58dO\
\xe9\x12\xc8\xb5\x8e\xae\xe5K\x17\x00\x05pur1\xce\
^\x98\x8d\xb3\x7f;\x1b\x13\x97\xe6\x950\xefsh\xb4\
7\x0e}\xaf7\x9e\x19\xedu@\x0d\x00\x90\x13\xf7\xbf\
~={aV\x09\xf3!C\x83\x9d_\xbe\x8e=4\
\xda\xeb\xb2\x10P\x1e\xa6e\x019\xa1t\x09\x1b\xe3\xb2\
\x04\x0f\xd9\xd5?6qc\xad\x9f|T\xe9\xf2\xe9\x88\
\xf8\x7f\x9b\x12\x89\xfc\xb3b\x1c2\xa7t\x09\xe4]\xdb\
\xde\xefFt\xf6\xa4\x8e\x01\xb0i\xb7f\x96\xe2\xec\x85\
\xd9\x98\xb8t'\xce\xfe\xedl|xi\xbe\x12\xeb\xc8\
\x87\x06;cdx[\x1c\xfa^o\x1c\x18\xeeV\xb2\
\x04\x00(\x88\x95\x12\xe6\x87\x17\xe7+9\xc9\xfd\xd0h\
o\x1c\xb8\xf7:vd\xb8[\xc9\x12(-\xd3\xb2\x80\
\xbcP\xba\x84\x0dpY\x82\x07\x9d\xef\x1f\x9b\xf8\xa7\x8f\
\xfa\x825K\x97\x11\x11\xd3\xe3\x07\xea\xd9\xe6\xa1H\xac\
\x18\x87l)]\x02yg\xd25P&W'\x17\xe3\
\xc3K\xf3_\x161\xafL.\x16z\xa2\xd0\xca\xc4\x9f\
\x91\xa7\xb6\xc5\x81\xe1\xee\x18\x19\xde\x16\x03}\xed\xa9c\
\x01\x00\x90\x91\xe5KD\xf3\xf1\xe1\xc5;_\x962\xcb\
`\xa5`9\xf2T\xf7\x97\x13-\x01\xaa\xc2\xb4, \
/\x94.a}.K\xf0\x90W\xfb\xc7&^x\xd4\
\x17\xacW\xba\xfc\x8b\x888\x9ce\x22\x8aC\xf1\x02\xb2\
\xa5t\x09\xe4\x9eI\xd7@\x05|xi>\xaeN.\
\xc6\xc4\xa5;qsz)&.\xdd\x89[3K\xc9\
\xa7\x0b\x0d\xf4u\xc4\xc8p\xf7\xf2\xff>\xb5\xfc\xbf\x07\
\x86\xbb\xe3\x89\xc1N\x93\x7f\x00\x00*\xea\xea\xe4b\x5c\
\x99\x5c\x8c\xbf\xbe0\x9b\xab\xd7\xae\x0f[\xb9\x10t\xe8\
{\xbd^\xc7\x02\xac0-\x0b\xc8\x11\xa5KX\x9f\xcb\
\x12<\xe4_\xf5\x8fM\xfc\xe9\xa3\xbe\xe0\xb1u\x1e\xe0\
/C\xe9\xb2\xb2\xeasS\xd1\xa6t\x09\x00\xd5\xb18\
\xb7\xfcf\xc2\xa4k\xa0\xc4F\x86\xbbcd\xb8;\x8e\
\x1e\x5c\xfdC\xc6\xfbW\x93\xff\xf5C\xd3\x85>\xbc\xb8\
\xb5\xb5\xe5C\x83\x9d\xf1\xc4\xe3\x9d\x0f\xfc\xfb\xca\x01\xb4\
\x89\x95\x00\x00\xace\xe5u\xe3j\xd3!\xef/_N\
\xdc\xf7\x1a\xf6\xe1\xd7\xac[)i>\xfc\xfb\xdd\xffz\
\xf6\xfe\xd7\xb2\xa6V\x02\xac\xad>7\x95:\x02\x00\xb0\
Q+g\xa4\xf0\x95\xf7\xd7\xfb\x82\xf5J\x97\xe7\xb3\xc9\
A!)^\x00@\xf5\xdc\xb9a\xd25Pi#\xc3\
\xdd_\xfe\xd8!2\x00\x00y5\xd0\xd7\xfe\xe5\xebU\
\xaf[\x01r\xe8\xce\x8d\xd4\x09\x00\x80\x0drY\x82\x87\
\x9c\xef\x1f\x9bX\xf7\xc5\xdcz\xe34\xde\xcf&\x0bE\
U\x9f\x99L\x1d\x01\x00h!o*\x00\x00\x00\x00\x00\
\x1a`Z\x16\x00\x14\x8b\xf3Q\x1e\xf4g\x1b\xf9\xa2G\
\x96.\xef\xb56M\xbb\xac2\xb7\xb0\x00\xa0Z| \
\x08\x00\x00\x00\x00\xb0e\x86\xda\x00@\x81\xdc\xb9\x11\xb1\
TK\x9d\x82|y\x7f#_\xb4\xde\xa4\xcb\x0d?\x10\
%U[\x88X\x98N\x9d\x02\x00h%\x97.\x00\x00\
\x00\x00\x00\xb6f\xde\xe7\xab\x00P\x14\xf5;7SG\
 _n\xf4\x8fM\xbc\xbf\x91/\xdcH\xe9\xf2/\x1b\
\xcbB\xd1\xd5g\x8d\xd1\x05\x80*\xb1b\x1c\x00\x00\x00\
\x00`\x0bL\xcb\x02\x80\xe2X\xaaY-\xce\xc3\xde\xdf\
\xe8\x17\x9at\xc9\xfa\xe6\xa6\xbc9\x00\x80*\xb1b\x1c\
\x00\x00\x00\x00`\xd3L\xcb\x02\x80\x021\x9d\x9a\xaf\xfb\
\xb3\x8d~\xe1\xba\xa5\xcb\xfe\xb1\x89\x1b\x11q\xbe\xa18\
\x14\x9f'\x1a\x00\xa8\x16+\xc6\x01\x00\x00\x00\x006\xce\
\xb4, \xaf\x1e\xebI\x9d\x00r\xa9>3\x99:\x02\
\xf9\xf3\xfeF\xbfp#\x93.7\xf5\x80\x94\x93'\x1a\
\x00\xa8\x16+\xc6\x01\x00\x00\x00\x006\xc1\x10\x1b \xaf\
\xda;R'\x80\xfcY\x9c[\xfe\x07\xber\xbe\x7fl\
\xe2\xf2F\xbfx\xa3\xa5\xcb\x0d\x8f\xce\xa4\xa4<\xd9\x00\
@\xb5X1\x0e\x00\x00\x00\x00\xb0a\xf5\xd9/RG\
\x00\x006\xc8\xf09V\xb1\xa9~\xe4\x86J\x97\xfdc\
\x13\xefo)\x0a\xa5\xe2\x09\x07\x00*\xc6\x8aq\x00\x00\
\x00\x00\x80\xf5\xd5\x16\x22\x16n\xa7N\x01\x00l\xc4R\
\xcd\x84jV\xf3\xa7\x9b\xf9\xe2\x8dN\xba\xdc\xf4\x03S\
BsS\xcbO<\x00@%X1\x0e\x00\x00\x00\x00\
\xb0\x01>K\x05\x80\xe2\x98\xbf\xa1\xff\xc4\xc3.\xf7\x8f\
M\x9c\xdf\xcc/\xd8L\xe9\xf2/7\x19\x862\xf2\x86\
\x01\x00\xaa\xc3\x8aq\x00\x00\x00\x00\x80u\xd5g\x9d\xa1\
\x02@Q\xd8\xf4\xcb*6=\x8c\xd2\xa4K6\xc5\x13\
\x0f\x00T\x8c\x0b\x17\x00\x00\x00\x00\x00k[\x98vy\
\x1d\x00\x8abazy\xf0\x0c<h\xd3\xc3(7\x5c\
\xba\xec\x1f\x9b\xb8\x1c\x11\x977\xfb\x1bP2\xb5\x05\xe5\
\x0b\x00\xa8\x107\xb4\x01\x00\x00\x00\x00\xd6\xe63T\x00\
(\x0e\xdf\xb7Y\xc5\x8d\xfe\xb1\x89\xa6N\xba\x8c0\xed\
\x92\x88\xa8\xcf~\x91:\x02\x00\xd0*\xb5\x05\xb7\xbd\x00\
\x00\x00\x00\x00V\xb3T\x8b\x98\xbf\x91:\x05\x00\xb0\x11\
\x06\xcd\xb1\xba-\xf5!7[\xba\xdc\xf4(MJh\
\xe1\xf6\xf2\xb8]\x00\xa0\x12\xea\xde|\x00\x00\x00\x00\x00\
|\xdd\xfc\x8d\xe5\xe2%\x00\x90\x7f\xce<Y\xdd\x9fm\
\xe5\x17m\xaatyo\x94\xa6\xab:\x18\xb7\x0b[\xd1\
\xb5=u\x02\x80\xad\xf1\x06\x04\x00\x00\x00\x00\xe0k\xea\
3\x93\xa9#\x00\x00\x1b\xb1T\xf3}\x9b\xd5li\xb5\
x\xc4\xe6']FD\xbc\xbf\x95\xdf\x88\x92\x99\x9bZ\
\x1e\xbb\x0b\x00\x94\xdfR-\xe2\x8e{7\x00\x00\x00\x00\
\x00_\xaa-D,\xce\xa5N\x01\x00l\xc4\xdc\x94\xe9\
\xd4\xacfK\x85\xcb\x88\xad\x95.\xb74R\x93\xf2\xa9\
\xdf\xbe\x96:\x02\x00\xd0\x22\xf5;7SG\x00\x00\x00\
\x00\x00\xc8\x0d\xd3\xb2\x00\xa08|\xdff\x0d[\xeeA\
n\xa5t\xb9\xe5\x86'%\xa3\x05\x0e\x00\xd5\xe1\xfb>\
\x00\x00\x00\x00\xc0W\xe6\xa6R'\x00\x006\xc26_\
V\xb7\xe5\xd5\xe2\x11[(]\xf6\x8fM\xdc\x08\xc5K\
V\xccj\x82\x03@e\xcc[1\x0e\x00\x00\x00\x00\xe0\
\x92:P\x18\x1d]\xa9\x13@r6\xf9\xb2\x86\x86\xfa\
\x8f[\x99t\x19\x11\xf1\x97\x8d\xfc\xa6\x94G}f\xd2\
\x1b\x0a\x00\xa8\x88\xfa\xec\x17\xa9#\x00\x00\x00\x00\x00$\
\xe7\xb3R\xa00:\xbaS'\x80\xb4L\xb9dm\x7f\
\xdc\xc8/\xdej\xe9\xd2\xa4K\x96-\xd5L\xbb\x04\x80\
\xaaX\xb8\xedM\x09\x00\x00\x00\x00Pm\xb5\x85\xe5\xcf\
J\x01\x80\xdcsQ\x825\x5c\xee\x1f\x9bx\xbf\x91\x07\
\xd8R\xe9\xb2\x7fl\xe2rD\x9co\xe47\xa6<L\
\xbb\x04\x80\x0a\x99\x9bJ\x9d\x00\x00\x00\x00\x00 \x99\xfa\
\x8c\x814\x00P\x08\x0b\xd3.J\xb0\x96\x86\x07Nn\
u\xd2eD\x83#6)\x11\xd3.\x01\xa02\xea\xb3\
J\x97\x00\x00\x00\x00@\x85\xb9\x98\x0e\x00\x85P\xbf}\
-u\x04\xf2\xab\xe1\xdec#\xa5K+\xc6\xf9\x92i\
\x97\x00P\x11\xb5\x85\xe5[a\x00\x00\x00\x00\x00U3\
7\xe5L\x14\x00\x8a\xe0\xce\x0dS.Y\xcb\xf9\xfe\xb1\
\x89\x867|o\xb9ti\xc58\x0fX\xaaE}Z\
C\x1c\x1e\xa5\xad\xbb?u\x04\x80L\x98v\x09\x00\x00\
\x00\x00T\x91\xd5\xe2\x00P\x0c\xf5[WSG \xbf\
2\xd9\xee\xdd\xc8\xa4\xcb\x88\x88?\xcc\x22\x04%13\
\xb9<\xfd\x0a\x00(7\xb7\xb9\x01\x00\x00\x00\x80\xaaY\
\x9c[\xfe\x07\x00\xc8\xb7\xb9)\xfd%\x1e\xe5\x8d,\x1e\
\xa4\xd1\xd2\xa5\x15\xe3<\xa0~\xdb\xb4K\x00\xa8\x84\xf9\
\x1b\xa9\x13\x00\x00\x00\x00\x00\xb4\x8c)\x97\x00P\x0c\xba\
K<\xc2\x9f\xf6\x8fMdr\xd0\xddP\xe9\xf2^\x08\
\xc5K\xbe\xa2-\x0e\x00\x95\xe0\x03F\x00\x00\x00\x00\xa0\
2\x96j.\xa2\x03\x85\xd4\xd6\xdd\x9f:\x02\xb4\x96\xde\
\x12\x8f\x96\xc9j\xf1\x88\xc6']FD\xfcY\x06\x8f\
A\x89\xd4o|\x9a:\x02\x00\xd0lV\xe9\x00\x00\x00\
\x00\x00U17\xb5\x5c\xbc\x04\x00\xf2k\xa9\x16\xf5[\
WS\xa7 \xbf.\xf7\x8fMd6\x5c2\x8b\xd2\xe5\
\x9fF\x84k=|e\xe1v\xc4\xc2t\xea\x14\x00@\
\x93\x99v\x09\x00\x00\x00\x00T\x81\xcfB\x01\xa0\x00f\
']\x92\xe0Q2\xdd\xe6\xddp\xe9\xd2\x8aqVS\
\xbfq9u\x04\x00\xa0\xd9\xe6ox\xe3\x02\x00\x00\x00\
\x00\x94\xdb\x9d\x1b\xd6\x94\x02@\xde\xd5\x16\x5c\x92`=\
\x7f\x98\xe5\x83=\x96\xd1\xe3\xfcqD\xfc \xa3\xc7\xa2\
\x0cj\x0b\x113\x93\x11}\x83\xa9\x93@~tt\xa5\
N\x00\x90\xad\xa5\xdar\xf1\xb2gO\xea$\x00\x00\xb9\
sq\xe2z\xfc\xea\xe2\xad\xf8\xec\x1ff\xe3\xf3k3\
1?\xf7\xf5\xcb*\xdd=\x1d\xb1w__\x0c=5\
\x10{\xffqo<u`W\x82\xa4\xe4\xd1\xad\xeb\xf3\
_\xfe\x1d\xbau}>>\xff\x87\xd9U\xbfn\xef?\
\xee\x8d\xdf\xd8\xd7\x17\xdfxj{<5\xb2;\xba\xb7\
u\xb48)\x00@\xf9\xd5g>K\x1d\x01\x00XG\
\xfd\xf65\xc3bx\x94\xf7\xfb\xc7&.g\xf9\x80m\
Y=\xd0\xf4\xf8\x81K\x11\xb1?\xab\xc7\xa3\x04\xda;\
\xa2\xed7F#\xda}\xd8\x0b\x11\x11\xb10\x1d\xf5\xa9\
OR\xa7\x00\xc8VgO\xb4\xed\xfdn\xea\x14\x00\x00\
\xb9p\xeb\xfa|\xfc\xe2\xaf~\x1d\x1f\xfd\xfc\xb3UK\
\x96\xeb\xe9\xee\xe9\x88\xa7\x0e\xec\x8e\xa7\xff\x87\x7f\x14{\
\xf7\xf56!!y\xf7\xd1\xcf?\x8b\xf3\x7f\xf5\xeb5\
K\x96\xebyjdW|\xf7\x9f\xff\x86\x02/\x00@\
Vj\x0bQ\x9f\xbc\x90:\x05\xc0\x96\xb5m\xdf\x17\xd1\
\xbf/u\x0ch.]\x0c\xd6\xf7\xaf\xfa\xc7&2\xdd\
\xe4\x9de\xe9\xf2tD\xfcnV\x8fGI\xf4\x0dF\
\xdb\xc0P\xea\x14\x90\x0f\xbe\xd1\x03%\xd5\xb6\xf7\xbb\x11\
\x9d=\xa9c\x00\x00$3\x7f\xa7\x16?;\xf3i|\
\xf4\xf3\xec&\xe0|\xe3\xa9\x818\xf8\xfdo\xc47\x9e\
\x1a\xc8\xec1\xc9\xaf\x8f~\xfeY\xfc\xcd\xbb\xbf\x8a[\
\xd7\xe73y\xbc\x81]\xdd\xf1\xfd\xe3O\xf9\xfb\x03\x00\
\xd0\xa0\xfa\x8dO#\xe6\xa6R\xc7\x00\xd8\xb2\xb6\x81!\
\x1bJ)\xbd\xfa\xd4/#\x16n\xa7\x8eA~]\xee\
\x1f\x9b\x18\xce\xfaA\xb3,]\xee\x8f\x88KY=\x1e\
\xe5\xa1\x88\x01\xf7(]\x02e\xd5\xb3'\xdav~3\
u\x0a\x00\x80$>\xfa\xf9g\xf1\xb3?\xfftK\x93\
-7\xe2\xbb\xff\xfc7\xe2\x7f<\xf6Mk\xa3K\xea\
\xf3k\xb3\xf1\x7f\xbf\xfd\xf7[\x9el\xb9\x9e\xa7Fv\
\xc5\xf7\x8f\x7f\xcb\xdf\x1f\x00\x80\xadX\xaaE\xfd\xbf\xff\
\x22u\x0a\x80\x86\xb4\xed\xf9vDW\x7f\xea\x18\xd0<\
sS\xcb\x97$`m\xff\xb6\x7fl\xe2t\xd6\x0f\x9a\
Y\xe92\x22bz\xfc\xc0_D\xc4\xe1,\x1f\x93\x12\
\xe8\xda\x1em{\xfeI\xea\x14\x90\x9e\xd2%PV\xed\
\x1d\xd1\xf6\x1b\xa3\x11\xed\x0er\x01\x80\xeah\xc6t\xcb\
\xb5t\xf7t\xc4\xf7\x8f\x7f\xcb\xca\xe8\x929\xffW\xbf\
\x8e\x9f\x9di\xfe\xa1@wOG\xfcO\xff\xcb\xb7M\
\xbd\x04\x00\xd8\xac\xe9kQ\xbf}-u\x0a\x80\x86(\
]RjK\xb5\xa8\x7fv!b\xa99\x97\xa1)\x8d\
\xe1\xfe\xb1\x89\xcbY?h{\xc6\x8f\xf7\xc7\x19?\x1e\
e\xb0p\xdb\xd8}\x00(\xb3\xa5\x9a\xef\xf5\x00@\xa5\
\xcc\xdf\xa9\xc5\x7f\xfa\x0f\x13-)\x5cFD\xcc\xcf\xd5\
\xe2\xbf\xfc\xc7O\xe2g\x7f\xee\xd6~Y\xbc\xfb\xf6\xc5\
\x96\x14.#\x96\xff\xfe\xfc\xa7\xff\xf0Q\xcb\xfe\xbe\x02\
\x00\x94E}f2u\x04\x00\xe0\x11\xea\xd3\xd7\x14.\
Y\xcf\x1b\xcd(\x5cFd\x5c\xba\xec\x1f\x9bx#\x22\
nd\xf9\x98\x94C\xfd\xd6UOt\xd0\xd1\x95:\x01\
@\xd3\xf8\x00\x12\x00\xa8\x8a\x95\xc2e\xb3\xd6A?\xca\
\xf9\xff\xfa\xebx\xf7\xed\x8b-\xff}\xc9\xce\xf2\xdf\x9f\
4\x05\xc8w\xdf\xbe\xa8x\x09\x00\xb0QsS\xce6\
\x01 \xcf\x16\xa6#\x9cO\xb2\xbe\xa6\x0d\x90\xccz\xd2\
eD\xc4\x1bMxL\x8an\xa9\x16\xf5\x9b\xa61P\
qJ\x97@\x99\xd5\x16\x96\xdf\xdc\x00\x00\x94\x5c\xaa\xc2\
\xe5\x8a\x8f~\xfeY\xfc\xc9\x8f\xfe6\xe6\xef8\x00.\
\xa2\xff\xf4\x1f&\xe2W\x17o%\xfb\xfd\x15/\x01\x00\
6\xc6Zq\x00\xc8\xb7\xfa\xad+\xa9#\x90\x7f\xe7\xfb\
\xc7&\xdeo\xd6\x837\xa3t\xf9\x87MxL\xca\xe0\
\xce\x0de\x0c\x00(1\xd3.\x01\x80\xb2{\xf7\xed\x8b\
I\x0b\x97+>\xff\x87\xd9\xf8/\xff\xf1\x93\xd41\xd8\
\xa4\xbc\xfc\xfdQ\xbc\x04\x00X\xc7\xc2\xf4\xf2%s\x80\
2h\xebH\x9d\x00\xb27}-bq.u\x0a\xf2\
\xaf\xa9\x1d\xc6\xccK\x97\xf7\xf6\xa0\xbf\x9f\xf5\xe3R\x0e\
\xf5\x1b\x97\x8d\xe2\x07\x80\xb2\xbas\xc3\x87\x91\x00@i\
]\x9c\xb8\x9e\xab\xa2\xda\xaf.\xde\xb2j\xbc@\xfe\xe6\
\xdd_\xe5\xea\xef\xcf\xcf\xfe\xfc\xd3\xf8\xfcZ\xfa\x02(\
\x00@\x1e\x99r\x09\x94JgO\xea\x04\x90\xad\xda\x82\
A0l\xc4\x8d\xfe\xb1\x897\x9a\xf9\x1b4c\xd2e\
D\x13\xf7\xa1Sp\xb5\x85\xa8O{\xa3\x02\x00\xa55\
7\x95:\x01\x00@\xe6\xe6\xef\xd4\xe2\xdd\xb7\xff>u\
\x8c\xaf\xf9\xe8\xe7\x9f\xc5\xf9\xbf\xfau\xea\x18\xac\xe3W\
\x17o\xc5\xb9w\xaf\xa6\x8e\xf1\x80\xf9\xb9Z\xfc\xdf9\
\xfc;\x0d\x00\x90\xdc\xe2\x5c\xc4\xc2\xed\xd4)\x00\x805\
\xd4o|j\xd8\x1b\x1b\xd1\xf4M\xddM)]\xdek\
\x8a\xdeh\xc6cS\x023\x93\xd6\x8c\x03@I\xb9Y\
\x06\x00\x94\xd1\xcf\xce|\x1a\xf3s\xf9\xfc0\xf7gg\
>\x8d_]\xbc\x95:\x06kX.\xec\xe6s\x22\xe9\
\xe7\xff0\x1b\x7f\xf3\xee\xafR\xc7\x00\x00\xc8\x15\x9fo\
\x02@\x8e\xcdL\xba\x1c\xc1F\xbd\xda\xec\xdf\xa0Y\x93\
.#Z\xd0\x18\xa5\xb8\xac\x19\xa7\xb2\xba\xb6\xa7N\x00\
\xd0\x5cK5\xd3.\x01\x80R\xf9\xfc\xdal\xae\xd6B\
\xaf\xe6\xdd\xb7/\xc6\xfc\x1d\x9f\xb3\xe4\xd1\xdf\xbc{5\
n]\x9fO\x1dcM\xe7r\x9e\x0f\x00\xa0\xa5j\x0b\
>\xdb\x04\x80\xbc\xb2Y\x97\x8d{\xa3\x7fl\xa2\xe9\xc3\
\x22\x9bY\xba|\xa3\x89\x8fM\xd1y2\x04\x80\xd2\xaa\
\xdf\xf6=\x1e\x00(\x8f\xbc\xad\x85^\xcd\xad\xeb\xf3\xf1\
7\x05\xc8Y5\xb7\xae\xcf\xc7\xf9\xff\x9a\xff\xf5\xef?\
\xfb\xf3OSG\x00\x00\xc8\x05\x9fk\x02@~Y+\
\xce&\xfc\xdbV\xfc&M+]\xf6\x8fM\x5c\x0e\xc5\
K\x1e\xc5\x9aq\x00(\xa7\xda\x82\xef\xf1\x00@)\xdc\
\xba>\x1f\x17?\xbc\x9e:\xc6\x86\x9c\xff\xaf\xbf\x8e\xcf\
\xaf\xcd\xa6\x8e\xc1}\xf2\xbaV\xfca\x17?\xbcnE\
=\x00\xc0R-b\xbe\xe9\x03\x91\x00Z\xcb\x16F\xca\
\xc2Zq6\xeeO\xefu\x16\x9b\xae\x99\x93.#\x22\
\xfe\xb8\xc9\x8fO\xc1\xd5\xaf\xff\xbd&:\x00\x94P}\
f2u\x04\x00\x80\x86\xfd\xe2\xaf\xf2?\xa5\xf0~\xff\
\xcf\x19\x13\x0b\xf3\xe2W\x17o\x15\xaa\xc8\xf8\xd1\xcf?\
O\x1d\x01\x00 \xad\xd9Ig\x96\x00\x90G\x8bs6\
\xe9\xb2\x19\x7f\xd8\xaa\xdf\xa8\xa9\xa5\xcb\xfe\xb1\x89\xf7#\
\xe2\xfdf\xfe\x1e\x14\xdcR-\xea7\x1d\x08\x00@\xe9\
\xdc\xb9\xb1<\xf1\x12\x00\xa0\xc0>\xfa\xf9g\xa9#l\
J\xd1\x8a~eV\xb4\x12\xe3G?\xff,n]\x9f\
O\x1d\x03\x00 \x8d\xa5\x9aK\xe4\x00\x90S\xf5\x9b\x97\
]\x8c`\xa3\xde\xbf\xd7Ul\x89fO\xba\x8c0\xed\
\x92\xf5\xdc\xb9\xb1<\x0a\x18*\xa0\xad\xbb?u\x04\x80\
\x96\xa9\xdfv\xeb\x0c\x00(\xae\x8b\x13\xd7c~\xaex\
\x1f\xe8\x9e{\xf7W\xa9#T\xde\xad\xeb\xf3\x85+\xec\
FD\xfc]\xc1\x8a\xa2\x00\x00\x991\xe5\x12\x00r\xa9\
~\xebj\xc4\xe2\x5c\xea\x18\x14\xc7\xbfm\xe5o\xd6\xf4\
\xd2e\xff\xd8\xc4\x1b\x11q\xb9\xd9\xbf\x0f\xc5V\x9f\xbe\
\xe6\x89\x12\x00\xcaf\xfe\x86\x0f+\x01\x80\xc2\xba\xf8\xe1\
\xf5\xd4\x11\xb6\xc4\xb4\xcb\xf4\x8aZ^,bQ\x14\x00\
 \x0b\xa6\x5c\x02\xa5\xd5\xd1\x95:\x01l\xdd\xc2\xb4\x01\
nl\xc6\xe5VN\xb9\x8ch\xcd\xa4\xcb\x88\x16\xeeK\
\xa7\xa0\x96jF\x02\x03@\xd9,\xd5\x96o\x89\x03\x00\
\x14P\x91\x8b\x8bE[m]6E-/\xde\xba>\
\x1f\x9f_\x9bM\x1d\x03\x00\xa0\xb5\xe6\xa6\x9cO\x02\xa5\
\xd5\xf6\x98\xd2%\x05\xb5T\x8b\xfa\xf5\xbfO\x9d\x82b\
i\xe9\x94\xcb\x88\xd6\x95.\xdf\x88\x88\x1b-\xfa\xbd(\
\xaa\xc5\xb9\xe5\xd1\xc0\x00@i\xd4g\xa7RG\x00\x00\
\xd8\xb4[\xd7\xe7\xe3\xd6\xf5\xf9\xd41\xb6\xec\xa3\x9f\x7f\
\x16\xf3w\x1c\x1c\xa7\xf0\xf9\xb5\xd9B\xff\xdd)\xea\x84\
W\x00\x80\xad\xaa\xdf\xbe\x96:\x02\x00\xf0\x90\xfa\xf5\x8b\
.E\xb0\x19\x97\xefm\xe2n\xa9\x96\x94.\xfb\xc7&\
n\x84i\x97l\xc4\xdc\xd4\xf2?PV\x8f\xf5\xa4N\
\x00\xd0Z\xb5\x05\xdf\xdb\x01\x80\xc2)\xc3\xb4\xbf\x8b\x1f\
~\x91:B%]-\xf0\x84\xd4\x88\xe2\xe7\x07\x00\xd8\
\x94\xb9\xa9\xe5\xcf/\x01\x80\xfc\x98\xbe\x16\xb1p;u\
\x0a\x8a\xa5\xe5S.#Z7\xe92by\xda%\xac\
\xab~\xebj\xc4\xe2\x5c\xea\x18\xd0\x1c\xed\x8f\xa5N\x00\
\xd0r\xff?{w\x13\x1b\xe7}\x9e\x8d\xfe\xa6(i\
Dy\xc4\x8a1\xe5cI\x06\xe4\xd0\xa8qD\xd7\x88\
\x5c\x01\xce\xc2\xf1\xfbF\x18e\x95\x04\xafm@@\xb3\
hjm\xbcl\xaa\xd5Y\xd6^vU\xb9Ko\xa2\
\xa6\x8b\x06\x10\xe0\xea\xc0\xf1\xaa\x22\xaa\xb7\x8e\x171\xa0\
\x86A\xd2!\xa0\xc0<$\x8e$\xfaH\xa49\xa6F\
\x1c~d\xf8\x9c\xc5P\xfe\xd4\x17\xa9\x99\xf9?\xcf\xcc\
\xef\x07\x08\x89\x1d\x87sI\x96Dq\xe6\x9a\xeb\xf6n\
q\x00\xa0h\xe6\xaf\xf7@\xe9\xb2j\xb10\x85\xa2/\
E^S\xba\x04\x00\xfa\x88\xe7-\x01 g\xd6\xea>\
?\xb3UIV.#\xbaX\xba,W\xaa3\xa1x\
\xc9\xc3\xd8hF\xb6\xf8\xb1\xa9`\x00\xe8\x15\xcd\xb5\x88\
\xb5z\xea\x14\x00\x00\x0f\xad\xc8\xe7\xa1\xef(z\xf9\xaf\
\xa8z\xa1\xb4\xd8\x0b\xdf\x07\x00\x80\x07\xb2r\x09\xf4\x83\
\xdd\xfbR'\x80\x87\xd7\x5cku\x85`k\x92\xac\x5c\
Ftw\xe92\x22\xe1w\x94\x82i\xaeE\xf6\xd9l\
\xea\x14\x00@\x9bxW\x1a\x00P$\xbdP\xba\x8cP\
\x9e\xeb\xb6^8K\x1f\x11q\xb3G\xbe\x1f\x00\x00\xf7\
\xe3\xf9J\x00\xc8\x11\xe3llO\xb2\x95\xcb\x88.\x97\
.\xad]\xb2%+\xb5\x88\xba/x\xe81\x83\xbbS\
'\x00Hc\xed\x96\xb5K\x00\xa00VW\xfe\x94:\
B[\x5c\x9b\xbe\x95:B_\xb9y\xfdv\xea\x08m\
\xb1\xd6\xf0\x02\x07\x00\xd0\xe3\xac\x5c\x02@\xaedKW\
#\xd6\x1b\xa9cP<I\xc7\x1f\xbb\xbdt\x19\x11\xf1\
v\x82\xc7\xa4\xa0\xb2[s\xad/|\xa0W(]\x02\
},[\xf69\x1d\x00(\x86\xf9\xeb\xbd\xb1\xf4w\xd5\
\xd2eW\xddZ\xec\x8d\x17\xee\xfd\xbc\x01\x00z\x9d\x95\
K\x00\xc8\x91\xdb7\xf4\x82\xd8\x8e\xa4+\x97\x11\x09J\
\x97\xe5Ju2\x22.u\xfbq).\x8dv\x00\xe8\
\x11\xdeA\x0e\x00\xd0U\xf3s\xbd\xb1\xbcX\x147\xfd\
x\x03\x00\xe4\x9f\xe7(\x81~\xb2\xbb\x9c:\x01\xdc\xdf\
J\xad\xd5\x09\x82\xadK\xbar\x19\x91f\xe92\x22\x07\
\xdfq\x0ad\xa3\x19\xd9\xe2\xc7\x11\x1bN\x1b\x01@\xd1\
y\x179\x00@\xf7\xac6\x9a\xb1\xba\xe2\xf9\x94nY\
\xed\x91\xb3\xdc\xb7\x16WSG\x00\x00\xe8\x18\xcfO\x02\
@N\xac7\x22\xfbl6u\x0a\x8a)\xf9\xcaeD\
\xa2\xd2e\xb9R\xbd\x14\xd6.\xd9\x8a\xe6Zd\x9f^\
Q\xbc\xa47\xec\x1aJ\x9d\x00 \x1d\xef$\x07\x00\xe8\
\xaa\xf9\xeb\xd6\x17\xd9\x9a%\xa5K\x00\xa0Wyn\x12\
\x00\xf2\xc1\xf8\x1a\x8f\xe6L\xea\x00\x11\xe9\x96.#\xac\
]\xb2U\xeb\x0d\xb3\xc2\xf4\x86\x81\x9d\xa9\x13\x00$\x95\
\xdd\xbe\x91:\x02\x00@\xdf\xb0t\xd9=\xce\xb9\x03\x00\
\xe4\x9b\x95K\xa0\xaf\xec\x18L\x9d\x00\xeen\xa3\xd9\x1a\
]\xf3F\x08\xb6\xe7R\xb9R\xbd\x90:DD\xc2\xd2\
\xa5\xb5K\xb6\xa5\xb1\x10Y\xcd\xbc0\x00\x14Zc\xc1\
;\xd7\x00\x80\x5c\x1b=\xb47u\x84\xb6\x99\xbf\xbe\x9c\
:B\xdf\xe8\x95\xf3\xe2\x00\x00=\xc9\xca%\xd0ov\
\xf6\xces\x1b\xf4\x96l\xe9j\xc4z#u\x0c\x8a+\
7#\x8f)\x97.#r\xf4\x03A\x814\x16Z\xdf\
\x00\x80b\xdahF,[\xbb\x04\x00\xf2\xab\xb4\xc7\x85\
\x02\x00\x00\xe8\x19\x1bM\xd7\xf4\x00 \x07\xb2\xda\xac\xbe\
\x0f\x8f\xe2\xd2\xe6\xc8c.$-]Z\xbbd\xbb\xfc\
FL\x91\x0d\x94\xca\xa9#\x00$\x97\xdd\xbea\xed\x12\
\x00\xc8\xad\xd2\x90\x13\x5c\x00\x00\xd03\x96=\x17\x09\x00\
\xc9\x19X\xe3\xd1\x9dI\x1d\xe0\xcbR/]F\xe4\xec\
\x07\x84\xe2\xc8j\xb3&\x87\x01\xa0\xa8\xac]\x02\x009\
v\xe0\xe0c\xa9#P@\xc3#\xa5\xd4\x11\xda\xe2\xf0\
\xd8p\xea\x08\x00\x00\xed\xb3\xd1l\xbd\x01\x1c\xa0\xdf\x0c\
\xeeN\x9d\x00\xbe\xd0Xhu|`\xfb\xce\x95+\xd5\
\xc9\xd4!\xbe,y\xe9r\xf3\x07\xe4\x5c\xea\x1c\x14S\
\xf6\xe9\x15\xc5K\x00((k\x97\x00@^\xed\x1b\xf1\
\xc2\x04[\xb7\xafGJ\x97\x00\x00=\xc5\xca%\xd0\xa7\
\x06vzn\x83\x9cP\xb8\xa4=\xdeJ\x1d\xe0\xeb\x92\
\x97.7\xe5\xee\x07\x86\x82\xd8h*^R<\xdeU\
\x04\xd0b\xed\x12\x00\xc8\xa9\x03\x87,]\xd2\xbfze\
\xb1\x13\x00\xc0\xca%\x00$\xb6\xde\x88l\xe9j\xea\x14\
\x14\xdf[\xe5Ju&u\x88\xaf\xcbE\xe9r\xf3\x07\
\xe6\x5c\xe2\x18\x14\x95\xe2%E3\xe8\xc5\x0b\x80;\xac\
]\x02\x00y4zpo\x94\x86\x06S\xc7\xa0`z\
\xa5\xac\xd8+\xdf\x0f\x00\x80l\xe9\xaa\xe7\x1e\x81\xfe5\
\xe0y\x0d\x12[o\xb4\xba<>\x17\xf3hj\x11q\
6u\x88\xbb\xc9E\xe9r\xd3[\xd1\xfa\x81\x82\xad\xdb\
hF\xb6\xf8\xb1\xdf\xac\x01\xa0h\xac]\x02\x009u\
xl8u\x84\xb68<\xb6/u\x84\xbe\xd1+e\
\xc5\xd1C{SG\x00\x00xt\xcd\xb5\x88\xc6B\xea\
\x14\x00\xe9\xec\xf2\xb5\x1d\x09)\x5c\xd2>g\xca\x95j\
.\xfb\x84\xb9)]n\xae]\xbe\x9d:\x07\x05\xd6\x5c\
\xf3\x9b6\xc5\xe0]E\x00_a\xed\x12\x00\xc8\xa3^\
)]\xd2=\xbdRp\x1d=\xe8\x859\x00\xa0\xf8\x9c\
2\x05\x80D\x14.i\x9f\x99r\xa5z.u\x88{\
\xc9M\xe9r\xd3\xd9\xb0v\xc9\xa3\xf0\x9b7E\xb0k\
(u\x02\x80|\xb1v\x09\x00\xe4\xd0\xd8\xf8H\xea\x08\
m1z\xe8\xb1\xd4\x11\xfaF/\xfcX\x0f\x8f\x94z\
f\xb1\x13\x00\xe8ck\xf5\x88\x15/9\x03@\xd7\xe9\
\xec\xd0^\xa7S\x07\xb8\x9f\x5c\x95.7\xe7@\xdfJ\
\x9d\x83\x82\xf3\x9b8\x00\x14\x8e\xb5K\x00 o\x86G\
J\x85?\xb3<<R\x8a\xd2\x1e\xd7\x16\xba\xa5\xb4g\
\xb0\xf0\x85E\x0b\xaf\x00@/\xc8n\xcd\xa5\x8e\x00\x90\
\xdeNC@t\x99\xae\x0e\xedu\xa1\x5c\xa9^J\x1d\
\xe2~rU\xba\x8c\x88(W\xaag#b&u\x0e\
\x0a\xceo\xe6\x00P,\xd6.\x01\x80\x1c:z\xfc@\
\xea\x08\x8f\xa4\xe8\xa5\xd1\x22*zi\xb1WN\xa4\x03\
\x00}l\xad\x1e\xb1v+u\x0a\x80\xf4vx\x13&\
]\xa4\xa3C\xfb\x9dI\x1d\xe0ArW\xba\xdc\x94\xfb\
\x1f8\x0a`\xbd\x11\xd9\xfcT\xc4z#u\x12\xf8\xa6\
\xdd^\xc4\x00\xf8:k\x97\x00@\xde\x14\xfd\xc4x\xd1\
\x0b\x80E4\xf6\x5c\xb1\x7f\xce\x8c=\xf7\xad\xd4\x11\x00\
\x00\x1eIV\x9bI\x1d\x01\x00\xfa\x8b\xc2%\xed\xf7V\
\xb9R\x9dI\x1d\xe2ArY\xba,W\xaa\x17\x22\xe2\
R\xea\x1c\xf4\x80\xe6Z\xeb7w\xc5K\x00\xc8?k\
\x97\x00@\xce\x0c\x8f\x94\x0a\xbdv\xf9\x94\xd2e\xd7\x15\
\xb9\xe8:\xf6\xdc\x88s\xf4\x00@\xb1\xdd\xbe\x11\xd1\x5c\
K\x9d\x02 \xbd]N\x8b\xd3%+5\x85K\xdam\
&\x22\xce\xa6\x0e\xf10rY\xba\xdc\xf4V\xea\x00\xf4\
\x88\x8d\xa6\xe2%\x00\x14\x84\xb5K\x00 o\x8e\x1e\x1f\
M\x1da[\x86GJ1z\xd0y\xf1n+\xed\x19\
,\xec\xdae\xd1\x97]\x01\x80>\xb7\xd1\x8c\xac>\x97\
:\x05@>\x0c\xecL\x9d\x80~\xd0X\x88lq\xda\
\xebz\xb4\xdb\x99r\xa5ZK\x1d\xe2a\xe4\xb6tY\
\xaeT/E\xc4\xb9\xc41\xe8\x15\x8a\x97\xe4\xcc@\xa9\
\x9c:\x02@>Y\xbb\x04\x00r\xe6\xf0\xd8p!\xd7\
\x0b\x8bZ\xfc\xeb\x05E\x5cG-\x0d\x0d\x1627\x00\
\xc0\xe7\x96\xbd\x99\x1b\x00\xba\xa6\xb1\x10Ym6u\x0a\
z\xcf\xa5\xcd\xeb\xd8\x85\x90\xdb\xd2\xe5\xa63\x11Q\x88\
\xf6*\x05\xb0\xd1\x8cl~*\xa2\xb1\x90:\x09\x00p\
\x1f\xd6.\x01\x80\xbc\xf9\xee\xc9\xc3\xa9#l\xd9w^\
z2u\x84\xbe56>\x12\xc3#\xa5\xd41\xb6\xe4\
\xd8K\x07SG\x00\x00\xd8\xbe\xe6Zd\xb7\xac\x5c\x02\
|\xceyq:([\xba\xaapI\xa7\x9cN\x1d`\
+r]\xba\xdc\x9c\x0b};u\x0ezKV\x9bU\
\xbc\x04\x80<\xdbhF\xb6t5u\x0a\x00\x80\xcf\x1d\
\x1e\xadk\xe9;\x00\x00 \x00IDAT\x1b.\xd4\
\x0a\xe0\xe1\xb1\xe1\xc2\x95\xfez\xcd\x8b\x05*\xea\x96\x86\
\x06\xe3;\xdfS\xd2\x05\x00\x8a\xcbs\x89\x00_5\xb0\
c0u\x04zTV\x9b\x8d\xb8\xedb\x1d\x1d\xf1V\
\xb9R\x9dI\x1db+r]\xba\x8c\x88(W\xaao\
F\xc4L\xe2\x18\xf4\x98\xac6\xabyOZ\xbb\xf7\xa5\
N\x00\x90o\x8d\x85\x88\xe6Z\xea\x14\x00\x00\x9f{\xf9\
\xc7G\xa24T\x8c\x17-\x8a\xb8\xcc\xd9k\x8e\x1e?\
P\x98\xe2\xeb\xb1\x97\x0eFiO1~n\x03\x00|\
\xc3Z=b\xc5\xe1D\x00\xe8\xa8\x8dfd\x0b\x7f4\
pF\xa7\xccD\xc4\xd9\xd4!\xb6*\xf7\xa5\xcbM\x85\
\x9a\x0f\xa5 \x1a\x0b\xad\xe2\xa5\xf3\xa5\x00\x90KN\x02\
\x01\x00yR\xda3\x18/\x9e|*u\x8c\x07:<\
6\x1c\x87\xc7\x86S\xc7 \x8a\xb1v9<R\xb2r\
\x09\x00\x14Z\xb6\xf4\xff\xa6\x8e\x00\x90?;\x9d\x17\xa7\
\x8d\xd6\x1b\x91}z%b\xedV\xea$\xf4\xae\xd3\x9b\
\xd7\xb0\x0b\xa5\x10\xa5\xcbr\xa5z)\x22.\xa4\xceA\
\x0fj,\xb4>9(^\x02@\xfe4\x16\x22\xd6\x1b\
\xa9S\x00\x00|\xee\xd8KO\xc6\xd8s#\xa9c\xdc\
\x97\x95\xcb\xfc8z\xfc@\x8c\x1e\xda\x9b:\xc6}\xbd\
\xfc\xe3#V.\x01\x80\xe2\xf2\xfc!\xc0\xdd\xed\xd8\x99\
:\x01\xbd\xe2N\xe1\xd2\xe7[:\xe7\xc2f/\xb0p\
\x0aQ\xba\xdct&\x22\x0a\xd7j\xa5\x00\xd6\x1b\x91\xdd\
\xfc\x83O\x12t\xd7\xeer\xea\x04\x00\x85\x90-]M\
\x1d\x01\x00\xe0+N\x9ez&\xb7g\xa3\x8f\x1e?`\
\xe52g~p\xea\x99\xd4\x11\xeei\xec\xb9\x91\x18\x1b\
\xcfw\x89\x18\x00\xe0\x9e6\x9a\x9e;\x04\x80Nj,\
D6?e\xc4\x8cN\xaaE\x81\xaf_\x17\xa6tY\
\xaeTg\x22\xe2\xed\xd49\xe8Q\x1b\xcdV;\xbf\xb1\
\x90:\x09\x00\xf0ek\xb7\x22\xd6\xea\xa9S\x00\x00|\
\xae\xb4g0~\xf8\xd3g\xa34\x94\xafu\xc0\xe1\x91\
R\xbc\xfc\xe3#\xa9c\xf05\xa3\x07\xf7\xc6wsx\
\x96~x\xa4\x14's\x5c\x08\x05\x00x\xa0\xe5\x1bJ\
 \x00\xf7\xe2\xbc8\x8f(\xab\xcdFV\x9bM\x1d\x83\
\xdew\xa6\x88g\xc5\xef(L\xe92\x22\xa2\x5c\xa9\xbe\
\x19\x113\x89c\xd0\xab6\x9a\xadO\x1c\xde\x15G\xb7\
\xec\xc8\xd7\x0bt\x00y\x95\xdd\x9aK\x1d\x01\x00\xe0+\
F\x0f\xee\x8d\xd7\xde\x18\xcfU\xf1\xf2\x87?}\xd6\x99\
\xe8\x9cz\xf1\xe4\xe1\x5c\x9d\xa5/\x0d\x0d\xfa\xf9\x02\x00\
\x14[s\xcds\x86\x00\xf7\xe3uh\xb6k\xa3\xd9Z\
\xb74XF\xe7]*W\xaa\xe7R\x87x\x14\x85*\
]n*\xec\xac(\x05q\xfbFd\x0b\x7f\xf4\xee8\
:o\xe7\xde\xd4\x09\x00\x8aa\xed\x96/\xee\x00\x80\xdc\
\x19=\xb87^\xfe\xd1\x91\x5c\x14/O\x9e\x1a\x8b\xd1\
\x83\xbe\xc6\xcc\xb3\x93\xa7\x9e\x89\xd1C\xf9\xf8wt\xf2\
\xd43~\xbe\x00\x00\x85fy\x0b\x00:`\xbd\x11\xd9\
\xcd?D\xac7R'\xa1\xf7\x15\xfa\xac\xf8\x1d\x85+\
]\x96+\xd5K\x11q.q\x0cz\xdd\xda\xadV{\
\xdf'\x13\x00\xc8\x05\xef\x5c\x07\x00\xf2\xe8\xe8\xf1\x03\xc9\
\x17/O\x9e\x1a\x8b\xa3\xc7\x0f${|\x1eNi\xcf\
`\xbc\xf6\xc6x\xf2\xe2\xe5\xc9Sc16\x9e\x9f\xd5\
M\x00\x80-[\xa9\xb5\xde\xa4\x0d\xc0\xdd\xed\xde\x97:\
\x01Et\xfbF\xab#c\x9c\x8c\xeex\xab\x5c\xa9\xce\
\xa4\x0e\xf1\xa8\x0aW\xba\xdct&Z\xadW\xe8\x9c\xe6\
Zd\x9f^\xb1\xacE\xe7\x0c\xeeN\x9d\x00\xa08\x9a\
k\x11\xb7o\xa4N\x01\x00\xf0\x0dwN\x8d\x0f\x8f\x94\
\xba\xfe\xd8\x0a\x97\xc5\x92\xbax\xe9\xe7\x0b\x00Px\x1b\
\xcd\xc8\x96\xae\xa6N\x01\x00\xbdc\xa3\x19\xd9\xe2\xb4\xcf\
\xaft\xd3d\xb9R=\x9b:D;\x14\xb2tY\xae\
Tk\xd1*^Bgm4#\xab\xcd\xb6\xce\x14h\
\xf4\xd3f\x03;\x95.\x01\xb6\x22\xab\xcf\xf9|\x0c\x00\
\xe4\xd2\xe8\xc1\xbd\xf1W?{>\xc6\x9e\xeb\xce\x82`\
ihP\x81\xae\xa0\xee\x14/\x0f\x8f\x0dw\xef1\x87\
\x06\xe3'?{\xde\xcf\x17\x00\xa0\xf8\x96o\xb4\xde\x9c\
\x0d\xc0\xbd\x19\xfe\xe1a\xad7Z\xeb\x96+6\xef\xe8\
\xaa\xc2\x9f\x15\xbfc u\x80GQ\x9f\x18\xff\x8f\x88\
\xf8~\xea\x1c\xf4\x89]C1\xf0gOG\xec\x1aJ\
\x9d\x84^Q\x9fs.\x17`\x8b\x06\xf6\x1d\x8c(\x1f\
L\x1d\x03\x00\xe0\x9e\xa6\xab\x8b\xf1\xc1{\xb3\xb1\xb4\xb8\
\xda\x91\x8f?zho\xfc\xe0\xd431z0\xed\x99\
j\x1e\xddG\x17\xaf\xc5o.vvI\xe2\xf0\xd8p\
\xfc\xf0\xa7\xcfFi\xcf`G\x1f\x07\x00\xa0\xe3\x9ak\
\x91\xdd\xf8C\xea\x14\x00\xb9\xe7u\x14\x1e\x8a\xae\x02i\
\xbcU\xaeT\xdfL\x1d\xa2]\x8a^\xba|:\x22~\
\x1b\x11\xfb\x13G\xa1\x8f\x0c\x0c?\x15\xf1\xd8\x13\xa9c\
\xd0\x0b\xd6\xea\x91-\x5cI\x9d\x02\xa0p\x06\x9e\xf8\x0b\
\xef\xd4\x04\x00rmu\xa5\x19\xbf\xfb\xf5'1\xf9\xe1\
\x5c\xac6\xda\xb3\xd4]\x1a\x1a\x8c\x17O>\x15\xc7^\
z\xb2-\x1f\x8f|\x98\x9f[\x8e\xff|o6\xaeM\
/\xb5\xf5\xe3\x96\x86\x06\xe3\xe5\x1f\x1d\xb1n\x09\x00\xf4\
\x8cl\xe1\x8f\x11k\xb7R\xc7\x00\xc8=\xa5K\xee\xab\
\xb9\xd6\xba\xf4\xeas*\xdd7Y\xaeT_H\x1d\xa2\
\x9d\x0a]\xba\x8c\x88\xa8O\x8c\xff]D\xfcc\xea\x1c\
\xf4\x99=\xfbc\xe0\xcf\x8eD\xec\xb0\x12\xc0#P\xba\
\x04\xd8\x9e=\xfbc`d,u\x0a\x00\x80\x07Z]\
i\xc6\xd4\xe5\x9b1u\xf9f\xcc__\xde\xd6\xc7\x18\
\x1e)\xc5w\xbe\xf7d\x1c=~\xc0Za\x0f\x9b\xba\
|3&?\xfcd\xdb?O\xee\x18\x1e)\xc5\xd1\xe3\
\x07\xe2;\xdf{\xd2\xcf\x17\x00\xa0w\xac\xd4\x22[\x9c\
N\x9d\x02\xa0\x10\x06F\xc6\x22\xf6\xd8-\xe3.Vj\
\x91}6\x1b\xb1\xd1\x9e7\x08\xc3\x16\xd4\x22\xe2D\xb9\
R\x9dL\x1d\xa4\x9d\x0a_\xba\x8c\x88\xa8O\x8c\xff6\
\x22\x8e\xa5\xceA\x9f\xd91\xd8*^\xfa\x03\x0b\xdb\xe5\
\x14\x06\xc0\xb6\x0d<\xfel\xc4\xeer\xea\x18\x00\x00\x0f\
miq5\xa6\xab\x8bqmz)\xe6\xaf/\xdf\xf3\
\xfcxih0F\x0f>\x16O\x8d\x0d\xc7\xd8s#\
\xce\x88\xf7\x99\xf9\xb9\xe5\x98\xfc\xf5'qmz\xe9\xa1\
O\xd4\x97\x86\x06\xe3\xf0\xd8p\x1c=~ \xc6\xc6G\
:\x9c\x10\x00\xa0\xcb6\x9a\x91\xcdOE4\xd7R'\
\x01(\x04\xaf\x9f\xf0\x0d\x1b\xcdV\xd9r\xa5\x96:\x09\
\xfd\xebL\xb9R=\x9b:D\xbb\xf5J\xe9\xf2X\xb4\
\xce\x8cC\xf7=\xf6D\x0c\x94\x0fZ\xbdd[\xb2\xb9\
\xffJ\x1d\x01\xa0\x98v\xef\x8b\x81\xc7\xff<u\x0a\x00\
\x80G\xb2\xb4\xb8\x1a\xb76\x8bu\xa5\xa1\x9d\x0a\x96|\
\xc5\xd2\xe2j\xcc\xcf-\xc7\xfc\xf5\xe5X]\xf9S\xdc\
\xdc\x5c\xc1<pho\x94\xf6\xec\x8c}#\xbb\xe3\xc0\
\xa1\xc7\xfc\xbc\x01\x00zZ\xb6t5\xe2\xf6\x8d\xd41\
\x00\x0ac`\xf4h\xc4\xae\xa1\xd41\xc8\x0b\xeb\x96\xa4\
w\xa9\x5c\xa9\x9eH\x1d\xa2\x13z\xa2t\x19\x11Q\x9f\
\x18\x7f3\x22\xfe>u\x0e\xfa\xd4\xe0\xee\x18\xd8\xff\xb4\
w\x8c\xb0eJ\x97\x00\xdb7\xb0\xffH\xc4\xd0\xe3\xa9\
c\x00\x00\x00\x00\x00\x9d\xb0\xdeh\xad\x5c\x02\xf0\xd0\x06\
\x0e\xfee\xea\x08\xe4\x81uK\xf2\xa1\x16\x11/\x94+\
\xd5\x99\xd4A:aG\xea\x00\xedR\xaeT\xdf\x8c\x88\
\x9e\xba\xfdN\x814\xd7\x22[\xb8\xd2z\xb7\x9dw\x08\
\xb0\x15\xbb\xf7\xa5N\x00PX\xd9\xad9\x9fw\x01\x00\
\x00\x00\xa0Ge\x9f\xcd\xa4\x8e\x00\x00\xc5\xd3X\x88\xec\
\xe6\x1f\x14.\xc9\x833\xbdZ\xb8\x8c\xe8\xa1\xd2\xe5\xa6\
\xd3\xa9\x03\xd0\xe7n\xdfh\xbd\xe3\xce'/\x00\xe8\xbc\
\xe6Z\xc4\xb2\xd3B\x00\x00\x00\x00\xd0sn\xdf\x88X\
o\xa4N\x01P,\xce\x8a\xf7\xb7\xe6Zd\x0b\x7f\x8c\
\xac\xe6\x9c8\xb9p\xa1\x5c\xa9\x9eK\x1d\xa2\x93z\xaa\
tY\xaeT'#\xe2L\xea\x1c\xf4\xb9\xe6Zd\x8b\
\xd3\x91-N\xfbD\xc6\x83\x0d\xeeN\x9d\x00\xa0\xd0\xb2\
[s\xad\xf2%\x00\x00\x00\x00\xd0\x1b\x9ak\x91\xd5\xe7\
R\xa7\x00(\x9e\x81\x9d\xa9\x13\x90J}.\xb2\x1b\x7f\
\x88X\xbb\x95:\x09DD\xccD\x1f\x0c'\xf6T\xe9\
2\x22\xa2\x5c\xa9\x9e\x8d\x88K\xa9s@\xac\xd4Z\x93\
\xcd\xb7-pqo\x03;\x95.\x01\x1eU\xb6t5\
u\x04\x00\x00\x00\x00\xa0M\xb2\xa5\xab\x86M\x00\xb6\xc3\
\xe0O\xffY\xabGv\xe3\x0f\xad\x91\x12\xc8\x8f\xd3\xe5\
J\xb5\xe7O\x04\xf7\x5c\xe9r\xd3\xe9\x88\xe8\xf9\x7fy\
\x14\xc0F3\xb2\xa5\xab\x91-\xfc\xd1\x09\x04\xeen`\
0u\x02\x80\xe2[\xa9E\xac\xd5S\xa7\x00\x00\x00\x00\
\x00\x1e\xd5J\xad\xf5\x0d\x80-3\xf8\xd3G\xee\x9c\x12\
_\xb8\xe2\x22\x1cy\xf3V\xb9R\xbd\x94:D7\xf4\
d\xe9\xb2\x5c\xa9\xceD\xc4[\xa9s\xc0\xe7\xd6nE\
6?\xe5\x9dy|\xd3\xae\xbd\xa9\x13\x00\xf4\x84\xac6\
\x93:\x02\x00\x00\x00\x00\xf0(6\x9a\x91}6\x9b:\
\x05\x00\xe4\xd7F\xd3)q\xf2l\xb2\x5c\xa9\xbe\x99:\
D\xb7\xf4d\xe92\xe2\xf33\xe3\x17R\xe7\x80\xaf\xb8\
}\xc3\xc9q\x00\xe8\x84\xe6\x9a\xcf\xaf\x00\x00\x00\x00P\
`Y}\xcex\x09\xc0\xa3\xd8\xbd/u\x02:i\xb3\
o\xe2\x9489U\x8b\x88WS\x87\xe8\xa6\x9e-]\
nrf\x9c\xfc\xb9sr\xfc\xc6\x1f\x9cB%b\xe7\
P\xea\x04\x00=\xc3\x93\xb2\x00\x00\x00\x00PPku\
o\xaa\x06\x80\xbbi,Dv\xe3\x0f.\xab\x92w\xa7\
7/S\xf7\x8d\x9e.]\x96+\xd5\xbek\xd1R \
\xcd\xb5\xc8\x16\xaeD\xb6\xf0\xc7\x88\xf5F\xea4\xa4\xb2\
c0u\x02\x80\xde\xb1\xf9\xc6\x06\x00\x00\x00\x00\xa0@\
6\x9a\x91\xd5fR\xa7\x00(>\x83?\xbde\xad\x1e\
\xd9\xc2\x1f#\xab\xcd\xb6.\xbeA~\x9d+W\xaa}\
w\x8d\xba\xa7K\x97\x11\x11\xe5J\xf5RD\x9cM\x9d\
\x03\xeei\xedVd\xf3S>Q\xf6\xb3\xc1\xdd\xa9\x13\
\x00\xf4\x8e\xc6\x82%i\x00\x00\x00\x00(\x90\xac>\xe7\
52\x80v0\xf8\xd3\x1b\xee\x94-\x17\xaeD\xac\xdd\
J\x9d\x06\x1ed2\x22\xce\xa4\x0e\x91\xc2@\xea\x00\xdd\
R\x9f\x18\xffmD\x1cK\x9d\x03\x1e\xe8\xb1'b\xa0\
|\xd0\x1f\x88\xfaH\xb6\xf0G\x7fX\x02h\xa7]C\
10z4u\x0a\x00\x00\x00\x00\xe0A\xd6\x1b\x91\xcd\
O\xa5N\x01P|\x83\xbbc\xe0\x89\xbfH\x9d\x82G\
\xb1V\x8f\xec\xd6\x9c\xee\x00ER\x8b\x88\x13\xe5Ju\
2u\x90\x14z~\xe9\xf2KNG\xeb_6\xe4\xdb\
\xed\x1b\x91\xdd\xfcCD}.b\xa3\x99:\x0d\xdd\xa0\
`\x0b\xd0^\xeb\x8d\x88\xdb7R\xa7\x00\x00\x00\x00\x00\
\x1e \xfbl&u\x04\x80\xde0XJ\x9d\x80\xed\xb2\
lIq\x9d\xe9\xd7\xc2eD\x1f\x95.7\xff%\xf7\
\xe5\x9c)\x05\xb4\xd1\x8c\xec\xd6\x9c\xf2e\x9f\x18\xd85\
\x94:\x02@\xcfq\x92\x08\x00\x00\x00\x00r\xae>\xd7\
z\x035\x00\x8f\xce\xd0O\xf14\x16\x94-)\xb2\xb3\
\xe5J\xf5\x5c\xea\x10)\xf5\xcdy\xf1;\xea\x13\xe3?\
\x8f\x88\xd7S\xe7\x80-\xd91\x18\x03\x8f=\x11\xb1\xf7\
\x09\x7fX\xeaE\xb7oD\xb6t5u\x0a\x80\xde\xb3\
g\x7f\x0c\x8c\x8c\xa5N\x01\x00\x00\x00\x00|\x9d\xb3\xe2\
\x00m5\xb0\xef`D\xf9`\xea\x18<\xc8F3b\
\xb5\xd6:#n<\x84\xe2\x9a,W\xaa/\xa4\x0e\x91\
\xda\xce\xd4\x01\x128\x13\x11\xc76\xbfA1l._\
\xc6\xad\xb9\x88\xa1\xc7[\x7f`\x1a\xdc\x9d:\x15\xed\xb2\
ko\xea\x04\x00\xbdi\xa5\x16\xb1V\x8f\xd8]N\x9d\
\x04\x00\x00\x00\x00\xf8\x12g\xc5\x01\xe8+\xcd\xb5\xd6\xb2\
\xe5\xed\x1b.\x9dRt\xb5\x88x5u\x88<\xe8\x9b\
\xf3\xe2w\x94+\xd5ZD\x9c\x8e\xd6O\x02(\x9e\xc6\
Bd7\xfe\x10Ym\xb6U$\x01\x00\xee)\xab\xcd\
\xf8\xe2\x15\x00\x00\x00\x00\xf2\xc4Yq\x80\xf6\xdb\xbd/\
u\x02\xeef\xad\x1e\xd9\xe2t\xab\xe3qk\xcekV\
\xf4\x82W\xcb\x95\xeaL\xea\x10y\xd0w\xa5\xcb\x88\x88\
r\xa5:\x19\xad\xc5K(\xae\xc6Bd\x0bW\x22[\
\xf8cDc!u\x1a\x1e\x85\x056\x80\xcei\xaeE\
,\xdfH\x9d\x02\x00\x00\x00\x00\x88h\x95On\xcd\xa5\
N\x01\x00\x9d\xb3\xd1\x8c\xb8}\xa3U\xb4\x5c\xb8\xd2\xba\
\xcc\x06\xbd\xe1\xadr\xa5z)u\x88\xbc\x18H\x1d \
\xa5\xfa\xc4\xf8\xcf#\xe2\xf5\xd49\xa0-\x06w\xc7\xc0\
\xde\xc7#\xf6>\x11\xb1c0u\x1a\xb6(\x9b\xfb\xaf\
\xd4\x11\x00z\xda\xc0\xe8\xd1\x88]C\xa9c\x00\x00\x00\
\x00@\xff\xdahF6?\xd5z\xa34\x00m5p\
\xf0/SG`\xa5\x16\xd9\xcagF\xb3\xe8U\x17\xca\
\x95\xaa\xb3\xe2_\xb23u\x80\xc4\xceD\xc4\xb1\xcdo\
Pl\xcd\xb5\xd6;\x03o\xcdE\x0c=\xde*`Z\
P,\x8e\xdd\xfb\x22\xd6n\xa5N\x01\xd0\xb3\xb2\xa5\xab\
1\xf0\xf8\x9f\xa7\x8e\x01\x00\x00\x00\x00}+\xab\xcf)\
\x5c\x02\xd0[\x9ak\x91\xdd\xbe\xd1Z\xb3\xf49\x8e\xde\
5\x19\x11\xa7S\x87\xc8\x9b\xbe^\xba\x8c\x88\xa8O\x8c\
?\x1d\x11\xbf\x8d\x88\xfd\x89\xa3@\xfb\x0d\xee\x8e\x81\xc7\
\x9e\x88\x18z\xdc\xfae\xcee\x0b\x7fT\xba\x04\xe8\xb0\
\x81\xe1\xa7\x22\x1e{\x22u\x0c\x00\x00\x00\x00\xe8?k\
\xf5\xd6\x89U\x00\xdao\xd7P\xeb\xe2\x17\xdd\xd1\x5ck\
\xadZ6\x16\x22\xd6\x1b\xa9\xd3@\xa7\xd5\x22\xe2D\xb9\
R\x9dL\x1d$o\xfa\xbet\x19\x11Q\x9f\x18\x7f%\
\x22\xfe-u\x0e\xe8\xa8\xa1\xc7c`\xcf\x9fE\xec\xd1\
/\xce\xa3l\xe9j\xc4\xed\x1b\xa9c\x00\xf4\xb6\x1d\x83\
1p\xe0/\xbc\x11\x01\x00\x00\x00\x00\xbai\xa3\x19\xd9\
\xcd?Dl4S'\x01\xe8M\xbb\xf7\xb9\xf6\xd5i\
\x8a\x96\xf4\xafW\xcb\x95\xea\x85\xd4!\xf2H\xe9rS\
}b\xfc\xcd\x88\xf8\xfb\xd49\xa0\xe3\x06wG\xec\xd9\
\x1f\x03C\x8fG\xec\x1aJ\x9d\x86;\xeas\xad\xf3\xf0\
\x00t\xd6\x9e\xfd102\x96:\x05\x00\x00\x00\x00\xf4\
\x8dlq\xbauv\x15\x80\xcex\xec\x89\xd6\xb5/\xda\
K\xd1\x12\xce\x94+\xd5\xb3\xa9C\xe4\x95\xd2\xe5\x97\xd4\
'\xc6\xff-\x22^I\x9d\x03\xba\xe6\xce\xf9\xf1=\xfb\
[eL\xd2Y\xa9\xb5\x9et\x00\xa0\xe3\x06F\xc6,\
?\x03\x00\x00\x00@7x\xfd\x03\xa0\xe3\x06\xf6\x1d\x8c\
(\x1fL\x1d\xa37\xac\xd5#[\xa9\xb5\xde,\xd0\x5c\
K\x9d\x06R:W\xaeTO\xa7\x0e\x91g;S\x07\
\xc8\x99\xd3\x11\xf1tD\x1cK\x9c\x03\xba\xa3\xb9\xd6:\
k\xbdt5b\xd7Pk\xfdR\x013\x8d\x1d~;\
\x06\xe8\x96\xec\xb3\xd9\x18\xd8\xbd\xcf\x99q\x00\x00\x00\x00\
\xe8\xa4\xe6Zd\x9f\xcd\xa6N\x01\xd0\xfbv\xbap\xb9\
m\xcd\xb5\x88\xb5[\x91\xad|\x16\xb1v+b\xa3\x99\
:\x11\xe4\xc1\xa4\xc2\xe5\x83Y\xba\xfc\x9a\xfa\xc4\xf8\xb1\
\x88\xf8\x8f\x880\x7fD\xffr\x82\xbc\xfb6\x9a\x91\xfd\
\x7f\xbfK\x9d\x02\xa0\x7f8\xb5\x01\x00\x00\x00\x00\x1d\x95\
-\xfc\xb1U`\x01\xa0\xa3\x06\x1e\x7f6bw9u\
\x8cb\xb8S\xb2\x5c\xad\xb7>GY\xb3\x84\xaf\x9b\x89\
\x88\x17\xca\x95j-u\x90\xbcS\xba\xbc\x8b\xfa\xc4\xf8\
+\x11\xf1o\xa9s@.\xec\x18\x8c(\xed\x8f\x81=\
\x7f\x16a\x15\xac\xa3\xb2\xb9\xffJ\x1d\x01\xa0\xafx\x12\
\x02\x00\x00\x00\x00:\xa4>\x17\xd9\xad\xb9\xd4)\x00\xfa\
\xc2\xc0\xff\xf1\x1d\xaf\xe3\xdf\xcbz\xa3U\xb2\xdc\xfcO\
%K\xb8\xafZD\x9c(W\xaa\x93\xa9\x83\x14\x81\xd2\
\xe5=\xd4'\xc6\xff.\x22\xfe1u\x0e\xc8\x9d]C\
1\xb0g\x7f\xab\x80\xa9\xa8\xd2V\xd9\xfcT\xeb\x0f}\
\x00t\xc7\xe0\xee\x18\x18=\xea\x89\x08\x00\x00\x00\x00h\
\xa7\xf5F\xeb5\x0f\x00\xbab\xe0\xe0_\xa6\x8e\x90\x0f\
\xcd\xb5\x88\xf5\xe5\x88?5\xbeX\xb2\x04\xb6\xe2\xd5r\
\xa5z!u\x88\xa2P\xba\xbc\x8f\xfa\xc4\xf8\xcf#\xe2\
\xf5\xd49 \xb7v\x0cF\xec\xde\x17\x03\xbb\xcb\xad\x12\
\xa6S\xe4\x8f\xc4\x99\x0d\x80\x04\x9c\x19\x07\x00\x00\x00\x80\
\xf6\xd9h\xb6\x0a\x97\x96\xc4\x00\xbac\xd7Pk`\xa2\
\xdf\xac\xd5#\xd6\x97#k\xae}\xbef\x09<\x92\xd3\
\xe5J\xf5\x5c\xea\x10E\xa2t\xf9\x00\xf5\x89\xf1\xdfF\
\xc4\xb1\xd49\xa0\x10v\x0cF\xec\xdc\x1b\x03\xa5\xb2%\
\xcc\xedpj\x03 \x09g\xc6\x01\x00\x00\x00\xa0=\xb2\
\xdalDc!u\x0c\x80\xfe\xb1k(\x06F\x9e\x89\
\x18\xdc\x9d:I\xfb\xad7\x22\xb2f\xeb<\xf8F\xb3\
\xf5\xd7\x7fZ\x8e\xd8h\xa6N\x06\xbd\xe6\x5c\xb9R=\
\x9d:D\xd1(]>@}b|\x7fD\xfc6\x22\
\x9eN\x1c\x05\x8ai\xd7P\xab\x88\xb9k\xc8\x1a\xe6\x83\
(]\x02\xa4\xe1\xcc8\x00\x00\x00\x00<\xba\xc6B\xab\
t\x09@\x1a\x83\xbb#\x06K\xad\xd7=v\xee\x8e\x18\
\x18\x8c\xd8\xb5\xf7K\xff[\x8e\x8a\x99k\xf5\xd6\x7fn\
\xfc)\xe2O\x8d\x88\x88\xd6I\xf0\x08\xc5J\xe8\xae\x0b\
\xe5J\xf5\xd5\xd4!\x8aH\xe9\xf2!\xd4'\xc6\x8fE\
\xc4\x7fD\xc4\xfe\xd4Y\xa0'|\xb9\x88\xb9ko\xc4\
\xce!E\x97\x88\x88\xb5zd\x0bWR\xa7\x00\xe8O\
\xce\x8c\x03\x00\x00\x00\xc0\xf65\xd7Zg\xc5\x95d\x00\
\xf2\xefN9\xf3K\x7f=\xb0\xf3>\x85\xcc\x9dC\x11\
;v~\xf5\xef}\xa9,y7\x9f/S~\xfe7\
\xfe\xf4\xd5\xbf\x06\xf2`2\x22N\x94+\xd5Z\xea \
E\xa4t\xf9\x90\xea\x13\xe3\xdf\x8fV\xf1\x12\xe8\x84\xcd\
\xd3\xe4\xb1k(\x06v\x0c\xb6V1\x07\x06\xfbk\x19\
S\xe9\x12 )g\xc6\x01\x00\x00\xba\xef\xda\xf4\xd2W\
\xfez\xf4\xd0cQ\xda\xe3\x0d\xda\x00E\x93\xcdO)\
\xd3\x00\x00\x14\xc7LD\xbc\xa0p\xb9}J\x97[P\
\x9f\x18\x7f=\x22~\x9e:\x07\xf4\x9d\xaf\xcf\xa0\xdf\xf9\
\xeb\xa2\x9627\x9a_\xbc\xebg\xedVDlN\xa5\
{w\x0f@Z\xce\x8c\x03\x00\x00t\xc5\xfc\xdcrL\
\xfe\xfa\x93\x98\xae~\x1a\xab\x8do.\xa2\x1d\x1e\x1b\x8e\
\xa3\xc7G\xe3\xe8\xf1\x03\x09\xd2\x01\xb0U\xd9\xd2\xd5\x88\
\xdb7R\xc7\x00\x00\xe0\xe1\xd4\xa2\xb5p9\x99:H\
\x91)]nQ}b\xfc\x1f#\xe2\xefR\xe7\x00\xbe\
f\xd7P\xc4\xc0\xce\xcf\xff\xfb\xc0\x9d\xc2\xcc\xc0`\xeb\
\x84\xf9\x97\x0dn\x167\xdb\xa1\xb9\xd6\xfa\xf6e\xeb\xcb\
\x11Y\xeb\xc9\xe2\xecO_\xfa\xdf\x9b\xab\xdf\xfcg\x01\
\xc8\x17g\xc6\x01\x00\x00:f~n9\xfe\xf3\xbd\xd9\
o\xac[\xde\xcb\xe1\xb1\xe1\xf8\x1f?>\x12\xa3\x07\xf7\
>\xf8\x1f\x06 \x8d\x95Zd\x8b\xd3\xa9S\x00\x00\xf0\
p\x14.\xdbD\xe9r\x1b\xea\x13\xe3?\x8f\x88\xd7S\
\xe7\x00\x00\xa0\xfd\x9c\x19\x07\x00\x00h\xbf\xc9\x0f?\x89\
\x0f\xde\x9b\xdd\xf2\xff\xaf44\x18/\xff\xe8\x88\xd5K\
\x80<j\xae\xb5\xce\x8ao|s\xb5\x18\x00\x80\x5cz\
\xb5\x5c\xa9^H\x1d\xa2\x17(]nS}b\xfc\xb7\
\x11q,u\x0e\x00\x00\xda\xcc\x99q\x00\x00\x80\xb6Y\
]i\xc6\xc5\xf3\x1f\xc7\xf4\x7f/>\xd2\xc79z\xfc\
@\x9c<5\xd6\xa6T\x00\xb4C6?\x15\xb1\xdeH\
\x1d\x03\x00\x80\x87s\xba\x5c\xa9\x9eK\x1d\xa2W(]\
nS}b|\x7fD\xfcG(^\x02\x00\xf4\x9e\xa1\
\xc7c`\xff\x91\xd4)\x00\x00\x00\x0am~n9\xde\
\xff\xc5\x95XZ\x5cm\xcb\xc7\x1b=\xb47~\xf8\xd7\
\xcf\xc6\xf0H\xa9-\x1f\x0f\x80\xed\xcb\x96\xaeF\xdc\xbe\
\x91:\x06\x00\x00\x0fG\xe1\xb2\xcd\x94.\x1f\xc1f\xf1\
\xf2\xff\x89\x88\xfd\xa9\xb3\x00\x00\xd0^\x03#c\x11{\
\xfc1\x0f\x00\x00`;\xb6{N\xfcAJC\x83\xf1\
\xc3\xbf~6\x0e\x8f\x0d\xb7\xfdc\x03\xf0\x90Vj\x91\
-N\xa7N\x01\x00\xc0\xc39W\xaeTO\xa7\x0e\xd1\
k\x94.\x1fQ}b\xfcX\xb4\x16/\xbd\x22\x0f\x00\
\xd0Kv\x0c\xc6\xc0\x81\xbfpf\x1c\x00\x00`\x0b\xda\
uN\xfcA\xbe{\xf2\xa9x\xf1\xe4\xe1\x8e>\x06\x00\
w\xd1\x5ck\x9d\x15\xdfh\xa6N\x02\x00\xc0\x83)\x5c\
v\x88\xd2e\x1b(^\x02\x00\xf4\xa8=\xfb[\x8b\x97\
\x00\x00\x00<P\xbb\xcf\x89?\xc8\xd8s#q\xf2\xd4\
3Q\xda\xe3\xcdr\x00\xdd\x92\xcdOE\xac7R\xc7\
\x00\x00\xe0\xc1\x14.;H\xe9\xb2M\xea\x13\xe3\xafG\
\xc4\xcfS\xe7\x00\x00\xa0\xbd\x06\x86\x9f\x8ax\xec\x89\xd4\
1\x00\x00\x00r\xadS\xe7\xc4\x1fd\xf4\xd0\xde\xf8\xc1\
\xa9gb\xf4\xe0\xde\xae?6@\xbf\xc9j\xb3\x11\x8d\
\x85\xd41\x00\x00x\xb0\x0b\xe5J\xf5\xd5\xd4!z\x99\
\xd2e\x1b)^\x02\x00\xf4\xa0\x1d\x831\xf0\xadg#\
v\x0d\xa5N\x02\x00\x00\x90;\xdd:'~?\xa5\xa1\
\xc18y\xea\x99\x18\x1b\x1fI\x96\x01\xa0\xe75\x16Z\
\xa5K\x00\x00\xf2n2\x22N\x94+\xd5Z\xea \xbd\
L\xe9\xb2\xcd\x14/\x01\x00z\xd0\xae\xa1\x18\x18=\x9a\
:\x05\x00\x00@\xaet\xfb\x9c\xf8\x83|\xf7\xe4S\xf1\
\xe2\xc9\xc3\xa9c\x00\xf4\x9e\xf5Fd\x9f^\x89\xd8h\
\xa6N\x02\x00\xc0\xfd)\x5cv\x89\xd2e\x07\xd4'\xc6\
\xdf\x8c\x88\xbfO\x9d\x03\x00\x80\xf6\x19\xd8w0\xa2|\
0u\x0c\x00\x00\x80\x5c\xb86\xbd\x14\xef\xff\xcb\x95X\
m\xe4\xab\x803\xf6\xdcH\x9c<\xf5L\x94\xf6\x0c\xa6\
\x8e\x02\xd0\x1b6\x9a\x91\xcdOE4\xd7R'\x01\x00\
\xe0\xfe\x14.\xbbH\xe9\xb2C\xea\x13\xe3?\x8f\x88\xd7\
S\xe7\x00\x00\xa0}\x06\x1e\x7f6bw9u\x0c\x00\
\x00\x80\xa4\xa6\xab\x8b\xf1\xfe/\xae\xa4\x8eqO\xa3\x87\
\xf6\xc6\x0fN=\x13\xa3\x07\xf7\xa6\x8e\x02Px\xd9\xe2\
t\xc4\x8a\xd7\xed\x01\x00rN\xe1\xb2\xcbv\xa4\x0e\xd0\
\xab\xca\x95\xea\xe9\x888\x97:\x07\x00\x00\xed\x93\xd5f\
\x9cQ\x02\x00\x00\xfa\xda\xfc\xdcr\x5c<\xffq\xea\x18\
\xf75\x7f}9\xde}\xa7\x1a\xd3\xd5\xc5\xd4Q\x00\x8a\
\xad>\xa7p\x09\x00\x90\x7f\x0a\x97\x09(]v\x90\xe2\
%\x00@\x8fi\xaeE\xf6\xd9l\xea\x14\x00\x00\x00\xc9\
\xfc\xe7{\xb3\xb9;)~7\xab\x8df\xbc\xff\x8b+\
\xf1\xd1\xc5k\xa9\xa3\x00\x14\xd3J-\xb2[s\xa9S\
\x00\x00p\x7f\x0a\x97\x89(]v\x98\xe2%\x00@\x8f\
Y\xa9E\xdc\xbe\x91:\x05\x00\x00@\xd7M]\xbe\x19\
\xd7\xa6\x97R\xc7\xd8\x92\xdf\x5c\xbc\x1a\x17\xcfO\xc7\xea\
J\xfe\x8b\xa2\x00\xb9\xb1\xde\xf0\xc6c\x00\x80\xfcS\xb8\
LH\xe9\xb2\x0b\x14/\x01\x00zKV\x9f\x8bXo\
\xa4\x8e\x01\x00\x00\xd0US\x97\xe7SG\xd8\x96\xa9\xcb\
7\xe3\xddw\xaa\xb1\xb4\xb8\x9a:\x0a@\xfem4#\
\xfbl&bCY\x1d\x00 \xc7\x14.\x13S\xba\xec\
\x12\xc5K\x00\x80\x1e\xe2\xc9g\x00\x00\xa0\xcf\xac\xae4\
\x0b\xb7r\xf9e\xf3\xd7\x97\xe3\x97\xff\xf4\xfb\x98\x9f[\
N\x1d\x05 \xd7\xb2\xcff\xbd\xd9\x18\x00 \xdf\x14.\
s@\xe9\xb2\x8b\x14/\x01\x00z\xc8z#\xb2\xa5\xab\
\xa9S\x00\x00\x00t\xc5\xfc\xf5\xdb\xa9#<\xb2\xd5F\
3\xfe\xf5\xed\xdf\xc7\xd4\xe5\x9b\xa9\xa3\x00\xe4S}.\
b\xc5k\xf7\x00\x009\xa6p\x99\x13J\x97]\xa6x\
\x09\x00\xd0C\x1a\x0b\x9e\x88\x06\x00\x00\xfa\xc2\xcd\x1eZ\
\x88\xbcx~:>\xf8\xd5l\xea\x18\x00\xf9\xd2X\x88\
\xec\xd6\x5c\xea\x14\x00\x00\xdc\x9b\xc2e\x8e(]&\xa0\
x\x09\x00\xd0;\xb2\xcff#\x9ak\xa9c\x00\x00\x00\
t\xd4Z\xa3\x99:B[M\xfe\xfa\x93x\xff_\xae\
\xc4\xeaJo}\xbf\x00\xb6\xc5E\x17\x00\x80\xbcS\xb8\
\xcc\x19\xa5\xcbD\x14/\x01\x00z\xc4F3\xb2\xc5\x8f\
S\xa7\x00\x00\x00`\x8b\xa6\xff{1\xde}\xa7\x1aK\
\x8b\xab\xa9\xa3\x00\xa4s\xe7\xb9\xad\x0d%t\x00\x80\x9c\
R\xb8\xcc!\xa5\xcb\x84\x14/\x01\x00z\x845\x00\x00\
\x00\xa0\xc7\xed\x1b\xd9\x9d:BG\xcc__\x8e_\xfe\
\xd3\xefc\xbe\x87\xce\xa7\x03lE\xf6\xe9\x15W\x5c\x00\
\x00\xf2\xeb\x5c(\x5c\xe6\x92\xd2eb\x8a\x97\x00\x00=\
\xe2\xf6\x8d\x88\x15_\xef\x00\x00\x00\xbdix\xa4\x94:\
B\xc7\xac6\x9a\xf1\xee;\xd5\x98\xba|3u\x14\x80\
\xae\xcaj\xb3\x11\xeb\x8d\xd41\x00\x00\xb8\xbbs\xe5J\
\xf5\xb4\xc2e>)]\xe6\x80\xe2%\x00@o\xc8>\
\xf3D5\x00\x00\xd0\x9b\x0e\x8f\x0dGih0u\x8c\
\x8eYm4\xe3\xe2\xf9\xe9\x98\xfc\xf0\x93\xd4Q\x00\xba\
\xe3\xf6\x8d\x88\xc6B\xea\x14\x00\x00\xdc\xdd\xb9\xcd>\x19\
9\xa5t\x99\x13\x8a\x97\x00\x00=`\xa3\x19\xd9g3\
\x11\x1b\xcd\xd4I\x00\x00\x00\xdanl\xfc[\xa9#t\
\xdc\x07\xef\xcd\xc6\xc5\xf3\xd3\xa9c\x00t\xd6J-\xb2\
\xa5\xab\xa9S\x00\x00pw\x0a\x97\x05\xa0t\x99#\x9b\
\xbf`\xce\xa4\xce\x01\x00\xc0#Xox\xd2\x1a\x00\x00\
\xe8IG\x8f\x8f\xa6\x8e\xd0\x15S\x97o\xc6\xbb\xefL\
\xc5\xea\x8a7\xd4\x01=h\xbd\xd1\xba\xd6\x02\x00@\x1e\
\x9dV\xb8,\x06\xa5\xcb\x9c)W\xaag#\xc2/\x1e\
\x00\x80\x22k,8\xcf\x04\x00\x00\xf4\x9c\xc3c\xc3q\
\xec{O\xa6\x8e\xd1\x15\xd7\xa6\x97\xe2\xddw\xaa\xb1\xb4\
\xb8\x9a:\x0a@\xfbl4#\xfb\xf4\x8a+-\x00\x00\
\xf9t\xba\x5c\xa9\x9eK\x1d\x82\x87\xa3t\x99C\x9b\xbf\
\x80\x14/\x01\x00\x0a,[\xba\x1a\xb1\xdeH\x1d\x03\x00\
\x00\xa0\xad^<\xf9T\x8c\x1e\xda\x9b:FW\xcc_\
_\x8e_\xfe\xd3\xefc~n9u\x14\x80G\xa7p\
\x09\x00\x90W\xb5\x88xU\xe1\xb2X\x06R\x07\xe0\xde\
\xea\x13\xe3\xafD\xc4\xcf#b\x7f\xea,\x00\x00l\xc3\
\xe0\xee\x18\x18=\x1a\xb1c0u\x12\x00\x00\x80\xb6Y\
]i\xc6\xbb\xefTc\xfez\x7f\x94\x11KC\x83q\
\xf2\xd4316>\x92:\x0a\xc0\xb6e\x8b\xd3\x11+\
\xb5\xd41\x00\x00\xf8\xaaZD\x9c(W\xaa\x93\xa9\x83\
\xb05\x96.s\xac\x5c\xa9^\x88\x88\x13\xd1\xfa\x05\x06\
\x00@\xd14\xd7\x22\xfbl6u\x0a\x00\x00\x80\xb6*\
\xed\x19\x8c\xd7\xde\x18\x8f\xd2P\x7f\xbc\xc1l\xb5\xd1\x8c\
\xf7\x7fq%\xa6.\xdfL\x1d\x05`[\xb2\xda\xac\xc2\
%\x00@\xfeL\x86\xc2ea)]\xe6\xdc\xe6/,\
\xc5K\x00\x80\xa2Z\xa9E\xd4\xe7R\xa7\x00\x00\x00h\
\xab\xd2\x9e\xc1x\xf9GGR\xc7\xe8\xaa\x8b\xe7\xa7\xe3\
\xa3\x8b\xd7R\xc7\x00\xd8\x9a\xc6B\xeb\x1b\x00\x00y\xa2\
pYpJ\x97\x05\xb0\xf9\x0b\xec\xdb\xd1\xfa\x05\x07\x00\
@\xc1d\xb7\xe6\xac\x09\x00\x00\x00=\xe7\xe8\xf1\x03q\
xl8u\x8c\xae\xfa\xcd\xc5\xabq\xf1\xfct\xea\x18\
\x00\x0f\xa7\xb1\xd0Z\xb9\x04\x00 O.D\xabp\xe9\
\xc5\xc3\x02S\xba,\x88\xcd_h'B\xf1\x12\x00\xa0\
\x90\xb2\xcff#\x9ak\xa9c\x00\x00\x00\xb4\xd5\xff\xf8\
q\x7f\xad]FDL]\xbe\x19\xef\xff\xcb\x95X]\
i\xa6\x8e\x02po\xeb\x8d\xc8\x96\xae\xa6N\x01\x00\xc0\
W\x9d+W\xaa\xaf*\x5c\x16\xdf@\xea\x00l]}\
b\xfc\xe7\x11\xf1z\xea\x1c\x00\x00l\xd1\xae\xa1\x18\xf8\
\xd6\xb3\x11;\x06S'\x01\x00\x00h\x9b\x8f.^\x8b\
\xdf\x5c\xec\xbfb\xcf\xe8\xa1\xbd\xf1\xda\x1b\xe3Q\xda\xe3\
k< g\xd6\x1b\x91}z%bC9\x1c\x00 \
GN\x97+\xd5s\xa9C\xd0\x1e\x96.\x0b\xa8\x5c\xa9\
\x9e\x8e\x88\xb3\xa9s\x00\x00\xb0E\x16\x06\x00\x00\x80\x1e\
\xf4\x9d\xef=\x19\xc3#\xa5\xd41\xban\xfe\xfar\xbc\
\xfbN5\x96\x16WSG\x01\xf8\xc2F3\xb2\xc5\x8f\
\x15.\x01\x00\xf2\xa3\x16\x11\xaf*\x5c\xf6\x16\xa5\xcb\x82\
*W\xaag\x22\xe2t\xea\x1c\x00\x00lQc!\xe2\
\xf6\x8d\xd4)\x00\x00\x00\xda\xa6\xb4g0N\x9e\x1aK\
\x1d#\x89\xf9\xeb\xcb\xf1\xcb\x7f\xfa}\xcc\xcf-\xa7\x8e\
\x02\xd0*\x5c~z%\xa2\xb9\x96:\x09\x00\x00-3\
\x11q\xa2\x5c\xa9^H\x1d\x84\xf6R\xba,\xb0\xcd\x06\
\xf4\x89h5\xa2\x01\x00(\x88l\xe9j\xc4Z=u\
\x0c\x00\x00\x80\xb69<6\x1c\xc7\xbe\xf7d\xea\x18I\
\xac6\x9a\xf1\xee;U\xc5K \xb9lq:b\xbd\
\x91:\x06\x00\x00-\x93\x11\xf1B\xb9R\x9dL\x1d\x84\
\xf6\x1bH\x1d\x80GW\x9f\x18?\x16\x11\xff\x16\x11O\
'\x8e\x02\x00\xc0\xc3\xda1\x18\x03\xdfz6b\xd7P\
\xea$\x00\x00\x00m\xb1\xba\xd2\x8c_\xbe\xfd\xfb\xbe=\
\xb7]\x1a\x1a\x8c\x97\x7ft$\x8e\x1e?\x90:\x0a\xd0\
\x87\xb2\xdal\xeb\xc2\x0a\x00\x00yp\xae\x5c\xa9\xba`\
\xdc\xc3,]\xf6\x80\xcdF\xf4\x0b\xd1jH\x03\x00P\
\x04\x1b\xcd\xc8>\x9b\x89\xd8h\xa6N\x02\x00\x00\xd0\x16\
\xa5=\x83\xf1\xc3\x9f>\x9b:F2\xab\x8df\x5c<\
?\x1dS\x97o\xa6\x8e\x02\xf4\x19\x85K\x00\x80\x5c9\
\xa3p\xd9\xfb\x94.{D\xb9R\xad\x95+\xd5\x17\x22\
\xe2\x5c\xea,\x00\x00<\xa4\xf5Fd\x9f\xcd\xa6N\x01\
\x00\x00\xd06\xa3\x07\xf7\xc6\xcb?>\x92:FR\x8a\
\x97@W5\x16\x14.\x01\x00\xf2\xa1\x16\x11\xaf\x96+\
\xd5\xb3\xa9\x83\xd0yJ\x97=f\xb3)}&u\x0e\
\x00\x00\x1e\xd2J-\xb2\xa5\xab\xa9S\x00\x00\x00\xb4\xcd\
\xb1\x97\x9e\x8c\xc3c\xc3\xa9c$u\xf1\xfct|t\
\xf1Z\xea\x18@\xafk,\xb4V.\x01\x00Hm2\
\x22N\x94+\xd5\x0b\xa9\x83\xd0\x1dJ\x97=h\xb31\
}\x22Z\x0dj\x00\x00\xf2\xee\xf6\x0d\x8b\x04\x00\x00@\
O\xf9\xe1O\x9f\x8d\xd2\xd0`\xea\x18I\xfd\xe6\xe2\xd5\
\xb8x~:u\x0c\xa0W)\x5c\x02\x00\xe4\xc5\x85h\
\x15.'S\x07\xa1{\x94.{T\xb9R\xbd\x14\xad\
\xe2\xa5_\xd0\x00\x00\x05\x90\xd5f#\xd6\x1b\xa9c\x00\
\x00\x00\xb4Ei\xcf`\xbc\xf6\xc6x\xea\x18\xc9M]\
\xbe\xa9x\x09\xb4\xdfz\xc3\xe5\x14\x00\x80|x\xab\x5c\
\xa9\xbeZ\xaeT\x0d\xe3\xf5\x19\xa5\xcb\x1e\xb6\xd9\xa0>\
\x11\xadF5\x00\x009\x97}z%\xa2\xb9\x96:\x06\
\x00\x00@[\x8c\x1e\xdc\x1b'O\x8d\xa5\x8e\x91\x9c\xe2\
%\xd0V\xeb\x8d\xd6sH\x1b\xcd\xd4I\x00\x00\xfaY\
-\x22^-W\xaao\xa6\x0eB\x1a\x03\xa9\x03\xd0\x1d\
\xf5\x89\xf17#\xe2\xefS\xe7\x00\x00\xe0\x01v\x0d\xc5\
\xc0\xb7\x9e\x8d\xd8\xd1\xdfg\xf8\x00\x00\x80\xdeq\xf1\xfc\
tL]\xbe\x99:FrG\x8f\x1f\x88\x97\x7f|$\
J{|\xbd\x07l\x93\xc2%\x00@\x1eLF\xabp\
9\x93:\x08\xe9(]\xf6\x91\xfa\xc4\xf8\xf7#\xe2\xdf\
\x22b\x7f\xe2(\x00\x00\xdc\xcf\x9e\xfd10b\x0d\x06\
\x00\x00\xe8\x1d\xff\xfaO\xbf\x8f\xf9\xeb\xcb\xa9c$7\
zho\xbc\xf6\xc6\xb8\xe2%\xb0u\x0a\x97\x00\x00y\
p.\x22\xce8'\x8e\xd2e\x9f\xa9O\x8c?\x1d\xad\
\xe2\xe5\xb1\xc4Q\x00\x00\xb8\x9f\xc7\x9e\x88\x81\xe1\xa7R\
\xa7\x00\x00\x00h\x8b\xd5\x95f\xfc\xf2\xed\xdf\xc7\xd2\xe2\
j\xea(\xc9)^\x02[\xb6\xd1l\x15.\xd7\x1b\xa9\
\x93\x00\x00\xf4\xabZ\xb4\xca\x96\xe7R\x07!\x1fv\xa4\
\x0e@wmN\xdb\x9e\x88V\xf3\x1a\x00\x80\xbc\xba}\
#\xa2\xb1\x90:\x05\x00\x00@[\x94\xf6\x0c\xc6\x0f\x7f\
\xfal\x94\x86\x14\x0d\xe7\xaf/\xc7\xbb\xefTcu\xc5\
Z\x1d\xf0\x10\x14.\x01\x00R\x9b\x8c\x88\x13\x0a\x97|\
\x99\xa5\xcb>V\x9f\x18\x7f=\x22\xfe1\x9c\x1b\x07\x00\
\xc8\xad\x81\xc7\x9f\x8d\xd8]N\x1d\x03\x00\x00\xa0-\xe6\
\xe7\x96\xe3_\xdf\xfe}\xea\x18\xb9`\xf1\x12x \x85\
K\x00\x80\xd4\xce\x85s\xe2\xdc\x85\xa5\xcb>\xb6\xd9\xc0\
>\x11\xadF6\x00\x009\x94-~\xec\x89u\x00\x00\
\xa0g\xec\x1b)\xc5\xf0H)u\x8c\x5c\xb0x\x09\xdc\
\x97\xc2%\x00@J\xb5\x888]\xaeTO+\x5cr\
7J\x97}\xae\x5c\xa9N\x86s\xe3\x00\x00\xf9u\xe7\
\x09\xf6\x0d/\xc2\x01\x00\x00\xc5\xf7\xbb_\x7f\x12K\x8b\
\xab\xa9c\xe4\x86\xe2%pW\x0a\x97\x00\x00)9'\
\xce\x03)]\x12\xe5J\xb5V\xaeTOG\xc4\xe9h\
5\xb5\x01\x00\xc8\x13\xc5K\x00\x00\xa0\x07\xac\xae4c\
\xf2\xc3\xb9\xd41rG\xf1\x12\xf8\x0a\x85K\x00\x80\x94\
\xceF\xabp\xe9j0\xf7\xa5t\xc9\xe7\x9c\x1b\x07\x00\
\xc8\xb1\xf5Fd\x9f\xcd\xa6N\x01\x00\x00\xb0m\xbf\xfb\
\xf5'\xb1\xdaP,\xbc\x1b\xc5K\xe0\x8elqZ\xe1\
\x12\x00\xa0\xfbj\x11\xf1j\xb9R=\xe3\x9c8\x0fC\
\xe9\x92\xaf\xf8\xd2\xb9\xf1\xb3\xa9\xb3\x00\x00\xf05+\xb5\
\xc8j\x8a\x97\x00\x00@\xf1X\xb9|0\xc5K \xab\
\xcdF\xac\xddJ\x1d\x03\x00\xa0\xdf\x5c\x8a\x88o\x97+\
\xd5\x0b\xa9\x83P\x1c\x03\xa9\x03\x90_\xf5\x89\xf1W\x22\
\xe2\xe7\x11\xb1?u\x16\x00\x00\xbe00\xfcT\xc4c\
O\xa4\x8e\x01\x00\x00\xf0\xd0\xa6.\xdf\x8c\x8b\xe7\xa7S\
\xc7(\x84\xc3c\xc3\xf1\xda\x1bGS\xc7\x00\xba,\xab\
\xcdF4\x16R\xc7\x00\x00\xe87g\xca\x95\xaaa:\
\xb6\xcc\xd2%\xf7\xb4\xd9\xe0\xfev\xb4\x1a\xdd\x00\x00\xe4\
D\xb6t\xd5\x93\xf0\x00\x00@\xa1|t\xf1Z\xea\x08\
\x85qmzIA\x15\xfa\x8c\xc2%\x00@\xd7MF\
\xc4\x0b\x0a\x97l\x97\xd2%\xf7U\xaeTk\xe5J\xf5\
DD\x9cI\x9d\x05\x00\x80/\xb4\xceM\xd5S\xc7\x00\
\x00\x00x\xa0\xa9\xcb7ciq5u\x8cB\x99\xba\
|SQ\x15\xfa\x84\xc2%\x00@\xd7\x9d-W\xaa/\
\x94+\xd5\xc9\xd4A(.\xa5K\x1e\xcaf\xb3\xfb\x85\
h5\xbd\x01\x00\xc8\x81l\xf1\xe3\x88\xf5F\xea\x18\x00\
\x00\x00\xf7\xa5<\xb8=\xbf\xb9x5\xa6.D\x04\xdb\
u\x00\x00 \x00IDAT\xdfL\x1d\x03\xe8 \x85\
K\x00\x80\xae\x9a\x89\x88\x13\xe5J\xd5\xf0\x1c\x8fL\xe9\
\x92\x87V\xaeT'\xcb\x95\xea\x0b\x11\xf1V\xea,\x00\
\x00D\xc4F3\xb2O\xaf(^\x02\x00\x00\xb9e\xe5\
\xf2\xd1|\xf0\xab\xd9\x98\x9f[N\x1d\x03\xe8\x00\x85K\
\x00\x80\xae:\x1b\xads\xe2\x97R\x07\xa17(]\xb2\
e\xe5J\xf5\xcd\x888\x11\xad\x068\x00\x00)m4\
#\xfbl&b\xa3\x99:\x09\x00\x00\xc07X\xb9|\
4\xab\x8df\xfc\xfb\xf9\x8fcu\xc5\xd7|\xd0K\x14\
.\x01\x00\xbaf&6\xd7-\xcb\x95j-u\x18z\
\x87\xd2%\xdb\xb2\xd9\xfc~!ZMp\x00\x00RZ\
o\xb4\x16/\x15/\x01\x00\x80\x1c\xb1r\xd9\x1e\xf3\xd7\
\x97\xe3\x83\xf7fS\xc7\x00\xdaa\xa3\x19\xd9\xfc\x94\xc2\
%\x00@wX\xb7\xa4c\x06R\x07\xa0\xf8\xea\x13\xe3\
\xdf\x8f\x88\x9fG\xc4\xd3i\x93\x00\x00\xf4\xb9]C1\
0z4u\x0a\x00\x00\x80\x88\x88\xf8\xe7\x7f\x98T\xba\
l\xa3\x1f\xfe\xf4\xd9\x18\x1b\x1fI\x1d\x03\xd8\xae\x8df\
\xebM\xb3\xeb\x8d\xd4I\x00\x00z\xddLD\x9cV\xb6\
\xa4\x93,]\xf2\xc8\xac^\x02\x00\xe4\xc4z\xa3u\x9e\
\x0a\x00\x00 1+\x97\xedw\xd1\x99q(.\x85K\
\x00\x80n\xb1nIWX\xba\xa4\xad6W/\xff1\
\x22\x8e%\x8e\x02\x00\xd0\xbf\x86\x1e\x8f\x81\xfdGR\xa7\
\x00\x00\x00\xfa\xd4\xeaJ3\xfe\xf9\x1f~\x1b\xab\x0d\x05\
\xc1v;z\xfc@\x9c<5\x96:\x06\xb0\x15\x0a\x97\
\x00\x00\xdd0\x19\x11g\x94-\xe9\x16K\x97\xb4U\xb9\
R\xbdT\xaeT_\x88\x88\xb7Rg\x01\x00\xe8[\x8d\
\x85\xc8\x96\xae\xa6N\x01\x00\x00\xf4\xa9\xdf\xfd\xfa\x13\x85\
\xcb\x0e\x99\xba|3\xaeM/\xa5\x8e\x01<,\x85K\
\x00\x80nx\xab\x5c\xa9Z\xb7\xa4\xab\x94.\xe9\x88r\
\xa5\xfaf\xb4N\x8e_J\x9b\x04\x00\xa0O\xdd\xbe\x11\
\xd1XH\x9d\x02\x00\x00\xe83\xab+\xcd\x98\xfcp.\
u\x8c\x9e\xf6\x9b\x8b\xd7RG\x00\x1e\x86\xc2%\x00@\
\xa7]\x8a\x88oov\x94\xa0\xab\x94.\xe9\x98r\xa5\
:Y\xaeTOD\xc4\x99\x88\xa8\xa5\xce\x03\x00\xd0o\
\xb2\xda\xac\xe2%\x00\x00\xd0U\x1f\xbc7k\xe5\xb2\xc3\
\xaeM/Y\xbb\x84\xbc[o(\x5c\x02\x00tN-\
\x22N\x97+\xd5\x13\xe5Ju&u\x18\xfa\x93\xd2%\
\x1dW\xaeT\xcfF\xc4\xb7#\xe2B\xea,\x00\x00\xfd\
F\xf1\x12\x00\x00\xe8\x96\xa5\xc5\xd5\x98\xba|3u\x8c\
\xbe`\xed\x12rL\xe1\x12\x00\xa0\x93\xceEk\xdd\xf2\
\x5c\xe2\x1c\xf49\xa5K\xba\xa2\x5c\xa9\xd6\xca\x95\xea\xab\
\x11q\x22\x22f\x12\xc7\x01\x00\xe8+Ym6b\xc5\
\xf08\x00\x00\xd0Y\x17\xcfO\xa7\x8e\xd07\xaeM/\
\xc5\xfc\xdcr\xea\x18\xc0\xd7\xdd)\x5cnX\xfc\x05\x00\
h\xb3\xc9\x888Q\xaeTO\x97+U/z\x91\x9c\
\xd2%]U\xaeT/E\xc4\x0b\x11\xf1V\xe2(\x00\
\x00}%\xfbl\xd6\xc2\x02\x00\x00\xd01\xd3\xd5E'\
\xaf\xbb\xcc\xaa(\xe4\x8c\xc2%\x00@'\xd4\x22\xe2L\
\xb9R}a\xb3s\x04\xb9\xa0tI\xd7m\xae^\xbe\
\x19\xad\x93\xe3\x97\xd2\xa6\x01\x00\xe8\x13\x1bM\xa7\xad\x00\
\x00\x80\x8e\xf9\xe0\xbd\xd9\xd4\x11\xfa\xce\xf4\x7f/\xa6\x8e\
\x00\xdc\xd1X\x88l~J\xe1\x12\x00\xa0\xbd\xceE\xeb\
\x94\xf8\xd9\xd4A\xe0\xeb\x94.I\xa6\x5c\xa9\xce\x94+\
\xd5\x13\xe1\xe48\x00@w(^\x02\x00\x00\x1d\xf0\xd1\
\xc5k\xb1\xb4\xb8\x9a:F\xdfYZ\x5cub\x1c\xf2\
\xa0\xb1\x10YM\xf1\x1c\x00\xa0\x8d.E\xc4\x0bN\x89\
\x93gJ\x97$W\xaeT/\x95+\xd5oG\xeb\xe4\
\xb8\xdf,\x01\x00:I\xf1\x12\x00\x00h\xa3\xa5\xc5\xd5\
\x98\xfcp.u\x8c\xbb:z\xfc@\xea\x08\x1dw\xd5\
IwH\xeb\xf6\x0d\x85K\x00\x80\xf6\x99\x89\x88\xd3\xe5\
J\xf5D\xb9R\x9dL\x1d\x06\xeeG\xe9\x92\xdc\xd8<\
9\xfeB\xb4\xe6\x81\x01\x00\xe8\x14\xc5K\x00\x00\xa0M\
.\x9e\x9f\x8e\xd5F\xfe\xce\xe9\x1e\x1e\x1b\x8e\x93\xa7\xc6\
\xe2\x87?}6JC\x83\xa9\xe3t\xcc-\x0b\xa3\x90\
LV\x9b\x8dl\xe9j\xea\x18\x00\x00\xbd\xa0\x16\xad\xa1\
\xb6\x17\xca\x95\xea\xb9\xc4Y\xe0\xa1\x0c\xa4\x0e\x00wS\
\x9f\x18\xff~D\xfc}D|?m\x12\x00\x80\x1e\xb6\
c0\x06\xbe\xf5l\xc4\xae\xa1\xd4I\x80mX]i\
\xc6\xfc\xf5\xdb\xdf\xf8\xfb\xa3\x87\x1e\x8b\xd2\x9e\xde-\x16\
\x00\x00\xf91]]\x8c\xf7\x7fq%u\x8c\xbbz\xed\
\x8d\xa3qxl8\x22Zk\x9c\xef\xff\xcb\x95\x98\xbf\
\xde{\xa7\xb8\x0f\x8f\x0d\xc7ko\x1cM\x1d\x03\xfaN\
V\x9b\x8dh,\xa4\x8e\x01\x00\xd0\x0b\xceE\xc4[\xe5\
Ju&q\x0e\xd8\x12\xa5Kr\xad>1\xfeJD\
\xfccD<\x9d8\x0a\x00@o\xda1\x18\x03\x07\xfe\
\x22b\x87\x82\x16\x14\xc1tu1\xa6\xff{1\xaeM\
/\xc5\xd2}V\x8d\x86GJqxl8\x0e\x8f\xed\
\xeb\x8b\xb3\x9a\x00@\xf7\xad\xae4\xe3\x9f\xff\xe1\xb7\xb9\
]\xb9\xfcz\x11qu\xa5\x19\x1f\xbc7\x1bS\x97o\
&J\xd5\x19J\x97\xd0e\x1b\xcd\xc8\x16\xa7#\xd6n\
\xa5N\x02\x00Pt\x97\x22\xe2\x8c3\xe2\x14\x95\xd2%\
\x85P\x9f\x18\x7f3\x22~\x16\x11\xfb\x13G\x01\x00\xe8\
=\xbb\x86Z\x8b\x97\x8a\x97\x90[\x1f]\xbc\x16\x93\x1f\
\xcem\xab\xd4P\x1a\x1a\x8cc/\x1d\x8c\x17O\x1e\xee\
@2\x00\xa0_}\xf0\xab\xd9\x98\xfc\xf5'\xa9c\xdc\
\xd5\x97W.\xbfn\xea\xf2\xcd\xb8x~\xba\xcb\x89:\
G\xe9\x12\xbah\xa3\x19\xd9\xa7W\x22\xd6\x1b\xa9\x93\x00\
\x00\x14\xd9LD\x9c.W\xaa\x97\x12\xe7\x80G\xa2t\
Ia\xd4'\xc6\xf7G\xc4\xdfE\xeb\xec8\x00\x00\xed\
\xa4x\x09\xb94?\xb7\x1c\xff~\xfe\xe3\xb6\x9c\xc2\x1c\
=\xb47~p\xea\x99\x18=\xb8\xb7\x0d\xc9\x00\x80~\
vmz)\xde}g*u\x8c\xbbz\x98\x12\xe2\xfc\
\xdcr\xbc\xff\x8b+\xf7]\x0e/\x0a\xa5K\xe8\x92\xf5\
Fd\x8b\x1fG4\xd7R'\x01\x00(\xaa\x99h\x9d\
\x11?\x978\x07\xb4\x85\xd2%\x85S\x9f\x18\x7f:Z\
\xc5\xcb\xd7\xd3&\x01\x00\xe81\x8a\x97\x90+S\x97o\
\xc6\x07\xbf\x9am\xeb\xc9\xce\xd2\xd0`\xbc\xfc\xa3#N\
\x8e\x03\x00\xdb\xb6\xba\xd2\x8c_\xbe\xfd\xfb\xdc\x16\x16\xef\
\xb7r\xf9e\xab+\xcdx\xff\x17W\xe2\xda\xf4R\x17\
Ru\xcewO>e\xd1\x1c:m\xbd\xd1Z\xb8\xdc\
h\xdf\xd7f\x00\x00}\xa4\x16\x11o\x97+\xd57S\
\x07\x81v\xda\x91:\x00lU\xb9R\x9d)W\xaa\xa7\
#\xe2\xdb\x11q!u\x1e\x00\x80\x9e\xb1\xde\x88\xf8\x93\
\x13Y\x90\x07w\xce^\xb6\xb3p\x19\x11\xb1\xdah\xc6\
\xc5\xf3\xd31u\xf9f[?.\x00\xd0?>\xbax\
5\xb7\x85\xcb\xb1\xe7F\x1e\xaap\x19\x11Q\xda3\x18\
\xaf\xbdq4\xbe{\xf2\xa9\x0e\xa7\xea\xac\xd1CV\xcc\
\xa1\xe3\xd6n)\x5c\x02\x00l]-\x22\xde\x8a\x88o\
+\x5c\xd2\x8b\x94.)\xac\xcd\xf2\xe5\xab\x11q\x22\x22\
.%\x8e\x03\x00\x00\xd0\x16\xf3s\xcb\xf1\xc1\xaff;\
\xfa\x18\x17\xcfO\xc7\xfc\xdc\xa3\x9f,\x07\x00\xfa\xcb\xb5\
\xe9\xa5\x98\xfc\xf5'\xa9c\xdc\xd3\xcb?:\xb2\xe5\xff\
\xcf\x8b'\x0f\xc7ko\x1c\x8d\xd2P1\x17\xff\x1f\xb6\
d\x0a<\x82]\xca\xcd\x00\x00[\xf0\x95\xb2e\xb9R\
\xad\xa5\x0e\x04\x9d\xa0tI\xe1\x95+\xd5K\xe5J\xf5\
D(_\x02\x00\x00=\xe0\xfd_\x5ci\xfb\xc2\xe5=\
\x1fg\xc5Z\x0b\x00\xf0pVWZ\x8b\xd9yu\xf4\
\xf8\x81\x18\x1e)m\xeb\xff{xl8\xfe\xe6\xffz\
\xa1p\x05\xc6\xa3\xc7\x0fDiO1\xcb\xa2P(\xbb\
\xcb\xa9\x13\x00\x00\x14\xc5\xb9\x88xA\xd9\x92~\xa0t\
I\xcfP\xbe\x04\x00\x00\x8a\xee\xa3\x8b\xd7\xbav\xaes\
iq5~\x97\xe3\xa5*\x00 _>xo6\xb7\
g\xc5#Z\x8b\x95\x8f\xa2\x88\xe7\xc6\x1f\xf5\xfb\x0cl\
\xc1\xae\xa1\xd4\x09\x00\x00\xf2\xec\x5c\xb4\x96-O\x97+\
\xd5\x99\xc4Y\xa0+\x94.\xe99\xca\x97\x00\x00@\x11\
\xad\xae4c\xf2\xc3\xb9\xae>\xe6\xe4\x87s\xd6.\x01\
\x80\x07\x9a\xae.\xc6\xd4\xe5\x9b\xa9c\xdc\xd3wO>\
\xb5\xed\x95\xcb\xaf{\xf1\xe4\xe1\xf8\xc9\xcf\x9e\x8f\xd1C\
\xf9>'|\xec{O\xb6\xed\xfb\x0c<\x84\x9d\xf9\xfe\
=\x01\x00 \x91s\xa1lI\x9fR\xba\xa4g)_\
\x02\x00\x00E2u\xf9fW\xce\x8a\x7f\xd9j\xa3\x99\
\xeb\x02\x05\x00\x90\xde\xd2\xe2j\x5c<\xffq\xea\x18\xf7\
T\x1a\x1a\x8c\xef|\xef\xc9\xb6~\xcc\xd1\x83{\xe3\xb5\
7\xc6\xe3X\x9b?n\xbb\x8c\x1e\xda\x1b/\x16h\x91\
\x13z\xc1\x80\xa5K\x00\x80;j\x11\xf1VD\x8c(\
[\xd2\xcf\x94.\xe9y\xca\x97\x00\x00@\x11\xa4*?\
*]\x02\x00\xf7s\xf1\xfct\xd7\xdf\x18\xb2\x15/\x9e\
|*J{\x06\xdb\xfeqK{\x06\xe3\xe5\x1f\x1d\x89\
\xd7\xde8\x9a\xab\xd5\xcb\xd2\xd0`\xbc\xf6\xc6xG\xbe\
\xcf\xc0}\xec\xca\xcf\xef\x03\x00\x00\x89\xdc)[~\xbb\
\x5c\xa9\xbeY\xaeTk\xa9\x03AJJ\x97\xf4\x8d/\
\x95/\xbf\x1d\xad\x89c\x00\x00\x80\x5cXZ\x5c\x8d\xf9\
\xeb\xcbI\x1e{\xfe\xfar,-\xae&yl\x00 \
\xdf>\xbax-\xaeM/\xa5\x8eqO\xc3#\xa58\
\xf6Rg\xd7(\x0f\x8f\x0d\xc7O\xfe\xf6\xf9\xf8\xee\xc9\
\xa7\xa24\x94\xb6\xe88<RR\xb8\x84TvZ\xba\
\x04\x00\xfa\xd6L([\xc27\xecL\x1d\x00\xbams\
\xda\xf8t}b\xfc\xad\x88\xf8\xfb\x88x=i \x00\
\x00\xa0\xef\xcd\xcf\xa5)\x5c~\xf9\xf1\x87GJI3\
\x00\x00\xf9rmz)~s\xf1j\xea\x18\xf7u\xf2\
\xd4X\xd7\x1e\xeb\xc5\x93\x87\xe3\xff<>\x1a\x1f]\xbc\
\x96d)|\xf4\xd0^\x85KHi\xc7`\xc4\xe0\xee\
\x88\xe6Z\xea$\x00\x00\xdd2\x13\x11o\x95+\xd5s\
\x89s@.Y\xba\xa4o\x95+\xd5\x99r\xa5z:\
\x22F\xa2\xd5\xca\xd7\xc6\x07\x00\x00\x92H\xb5r\x99\x97\
\xc7\x07\x00\xf2eu\xa5\x19\xef\xff\xcb\x95\xd41\xee\xeb\
\xf0\xd8p\x1c\x1e\x1b\xee\xeac\x0e\x8f\x94\xe2\xe4\xa9\xb1\
\xf8\xc9\xcf\x9e\xef\xeac\x7f\xf7\xe4S\xf1\x93\xbf}^\
\xe1\x12Rsb\x1c\x00\xe8\x0f\x97\x22\xe2\xd5r\xa5\xfa\
m\x85K\xb87K\x97\xf4\xbd\xcd\xe9\xe37\xeb\x13\xe3\
g#\xe2\x95h\xad_>\x9d4\x14\x00\x00\xd0WR\
\x9f\xf7N\xfd\xf8\x00@\xbe\xbc\xfbN5V\x1b\xcd\xd4\
1\xee\xab\x9b+\x97_7zpo\xbc\xf6\xc6\xd1\xb8\
6\xbd\x14S\x97\xe7;\xb6|9zho\xfc\xe0\xd4\
31zP\xd1\x0b\xf2``\xd7Pd+\xf6;\x00\
\x80\x9eu.\x22\xfe\xb9\x5c\xa9^J\x9c\x03\x0aA\xe9\
\x126m\x96/\xcfE\xc4\xb9\xfa\xc4\xf8+\x11\xf1\xb3\
\x88\xf8~\xcaL\x00\x00]7\xb8;u\x02\xe8K\xa9\
K\x8f\xa9\x1f\x1f\x00\xc8\x8f\x0f~5\x9b\xfb\x15\xec\xef\
\x9e|*\x86GJ\xa9c|\xbe\xb6\xf9\xe2\xc9\xc3\xf1\
\xbb\x0f?\x89\xe9\xff^l\xcb\x9f\xab\x86GJ\xf1\xe2\
\xc9\xc3q\xf4\xf8\x816\xa4\x04\xdaf\xe7P\xea\x04\x00\
\x00\xedv\xa7'\xf3v\xb9R\x9dI\x1b\x05\x8aE\xe9\
\x12\xee\xa2\x5c\xa9^\x88\x88\x0b\xf5\x89\xf1\xa7\xa3\xb5|\
\xf9JD\xecO\x1a\x0a\x00\xa0\x1b\x94.\x01\x00\xa0o\
M]\xbe\x19\x93\xbf\xfe$u\x8c\xfb\x1a\x1e)\xc5w\
\xbe\xf7d\xea\x18_1<R\x8a\x97\x7ft$^\xfe\
\xd1\x91\xb86\xbd\x14\xd3\xd5\xc5\xb8:\xbd\xb4\xa5\xf2j\
ih0\xc6\xc6\xbf\x15G\x8f\x8fv\xfdl:\xf0\x90\
\x06\xd3\x97\xbd\x01\x00\xdad&\x22\xde\x8a\x88\x0b\x9b\x03\
e\xc0\x16)]\xc2}l6\xf9O\xd7'\xc6\xcfD\
\xc4\xeb\xd1Z\xbf|:a$\x00\x00\x00\x00\x80\xb6\x9b\
\x9f[\x8e\x0f~5\x9b:\xc6\x03\xbd\xfc\xe3#Q\xda\
3\x98:\xc6=\xddY\xbf\x8c\x88X]i\xc6\xfc\xf5\
\xdbqm\xfaVDD\xdc\x9c\xbb\xfd\xf9\xd9\xf6\xe1\x91\
R\x0c\x8f\x94b\xdf\xc8\xee8p\xe81'\xc4\xa1\x08\
vY\xba\x04\x00\x0a\xefB\xb4V-/\xa5\x0e\x02E\
\xa7t\x09\x0fa\xb3\xd9\x7f6\x22\xce\xd6'\xc6\xbf\x1f\
\xad\xf2\xe5+IC\x01\x00\x00=cx\xa4\x14\xd7\x12\
?>\x00\xd0\xbfVW\x9a\xf1\xfe/\xae|^\x08\xcc\
\xab\xc3c\xc316>\x92:\xc6C+\xed\x19\xfcJ\
\x09\x13\xe8\x01\xbb\x86\x22\xd6\x1b\xa9S\x00\x00lE-\
\x22\xde\x8e\x88sN\x88C\xfb(]\xc2\x16m6\xfe\
/m\x9e\x1e\x7f=\x22\xfe&\xac_\x02\x00\x00\x8f \
u\xe91\xf5\xe3\x03\x00i\xbd\xfbN5\x96\x16WS\
\xc7\xb8\xaf\xd2\xd0`\x9c<5\x96:\x06\xd0\xef\x06K\
J\x97\x00@Q\x5c\x8a\x88\x7f.W\xaa\xe7\x12\xe7\x80\
\x9e\xa4t\x09\xdb\xb4\xf9\x0e\x807#\xe2\xcd\xfa\xc4\xf8\
+\xd1*_Z\xbf\x04\x00\x8am\xa3\x19\xb1#\xbf\xa7\
\xfa\xa0W\x8d\x1eJ{N2\xf5\xe3\x03\x00\xe9\x5c<\
?\x1d\xf3\xd7\x97S\xc7x\xa0c/\x1d\xf4F\x11 \
\xb9\x81]C\x91\xad\xd4R\xc7\x00\x00\xb8\x97ZD\x9c\
\x8b\xd6\x09\xf1\x99\xb4Q\xa0\xb7)]B\x1b\x94+\xd5\
\x0b\x11qas\xfd\xf2\x95h\x9d\x1f\x7f:e&\x00\
\x80m\xf9S#bw9u\x0a\xe8;\xa3\x07\x13\x97\
.\x13?>\x00\x90\xc6\xe4\x87\x9f\xc4\xd4\xe5\x9b\xa9c\
<\xd0\xe8\xa1\xbd\xf1\xe2\xc9\xc3\xa9c\x00D\xec\x1cJ\
\x9d\x00\x00\xe0n.Dk\xd5\xf2B\xea \xd0/\x94\
.\xa1\x8d6\xdf)p6\x22\xce\xd6'\xc6\x8fE\xab\
|\xf9JD\xecO\x99\x0b\x00\x00\xc8\xb7\xe1\x91R\x8c\
\x1e\xda\x9bdej\xf4\xd0^\xabQ\x00\xd0\x87\xa6.\
\xdf\x8c\x0f\xde\x9bM\x1d\xe3\xa1\xfc\xe0\xd43\xa9#\x00\
\xb4\xec\xf0\xd2*\x00\x90\x1b3\x11\xf1vD\x5c\xb0j\
\x09\xdd\xe7+\x03\xe8\x90r\xa5:\x19\x11\xa7#\xe2t\
}b\xfc\xf5\x88\xf8_\xe1\xfc8\x00\x00p\x0fG\x8f\
\x1f\x88\x0f\xaew\xbf\xf8p\xf4\xf8\x81\xae?&\x00\x90\
\xd6\xfc\xdcr\x5c<?\x9d:\xc6C\xf9\xee\xc9\xa7\xac\
r\x03\xf9\xe1:\x08\x00\x90V-Z\xab\x96oov\
R\x80D\x94.\xa1\x0b\xca\x95\xea\xb9\x888W\x9f\x18\
\xdf\x1f\x11\xafG\xc4\xdfD\xc4\xb1\x94\x99\x00\x00\x80|\
9z\xfc@|t\xf1j\xac6\x9a]{\xcc\xd2\xd0\
\xa0\xd2%\x00\xf4\x99\xf9\xb9\xe5x\xf7\x9dj\xea\x18\x0f\
\xc5Yq \x97\x06wG4\xd7R\xa7\x00\x00\xfa\x8b\
\xf3\xe1\x903J\x97\xd0E\xe5J\xb5\x16_\x9c\x1f\x7f\
:Z\xcb\x97\x0a\x98\x00\x00@\x94\xf6\x0c\xc6\xb1\x97\x0e\
\xc6o.^\xed\xdac\x1e{\xe9`\x94\xf6\x0cv\xed\
\xf1\x00\x80\xb4VW\x9a\xf1\xee;\xd5\xae\xbe\xc9\xe3Q\
8+\x0e\xe4\xd2`I\xe9\x12\x00\xe8\x86K\x11\xf1\xcf\
\xd1:\x1f^K\x9c\x05\xf8\x1a\xa5KH\xa4\x5c\xa9\xce\
\xc4\x17\x05\xccc\xd1*_\xbe\x12\x11O'\x8c\x05\x00\
\x00$\xf4\x9d\xef=\x19S\x97o\xc6\xd2\xe2j\xc7\x1f\
kx\xa4d9\x0a\x00\xfaH\xd1\x0a\x97\xce\x8a\x03\xb9\
\xb5k(b\xedV\xea\x14\x00@o\x9a\x8c/\x8a\x96\
3\x89\xb3\x00\xf71\x90:\x00\xf0U\x9b\x05\xccW\x22\
\xe2\x7f\x85\x05L\x00\xa0\xcb\x06\x1e\x7f6bw9u\
\x0c\xe8k\xf3s\xcb\xf1\xafo\xff\xbe\xa3\x8fQ\x1a\x1a\
\x8c\xd7\xde\x18Wd\x00\x80>q\xa7p9\x7f}9\
u\x94\x872zho\xfc\xe4o\x9fO\x1d\x03\xe0\xee\
\xeas\x91\xdd\x9aK\x9d\x02\x00\xe8\x1d\x8a\x96P@J\
\x97\x90cN\x90\x03\x00\xdd\xa6t\x09\xf90u\xf9f\
\x5c<?\xdd\xb1\x8f\x7f\xf2\xd4X\x1c=~\xa0c\x1f\
\x1f\x00\xc8\x8f\xa2\x15.KC\x83\xf1W\x7f\xfb|\x0c\
\x8f\x94RG\x01\xb8\xbb\x95Zd\x8b\x9d\xfbz\x0d\x00\
\xe8\x0b\x8a\x96PpJ\x97P\x10\xf5\x89\xf1\xfd\xf1\xc5\
\x02\xe6+\x89\xe3\x00\x00=J\xe9\x12\xf2c\xea\xf2\xcd\
\xf8\xe0W\xb3m=\x01Z\x1a\x1a\x8c\x97\x7ftD\xe1\
\x12\x00\xfa\xc8\xfb\xffr%\xa6\xff{1u\x8c\x87\xe6\
\xcd!@\xee\xad\xd5#[\xb8\x92:\x05\x00P<\x17\
\x22\xe2\xff\x8eV\xd1\xb2\x96:\x0c\xf0h\x94.\xa1\xa0\
\xea\x13\xe3w\x0a\x98\xdf\x8f\x88\xa7\x93\x86\x01\x00z\x86\
\xd2%\xe4\xcb\xfc\xdcr\xfc\xfb\xf9\x8f\xdb\xb2L5z\
ho\xfc\xe0\xd43N\x8a\x03@\x1f\xb9x~:\xa6\
.\xdfL\x1d\xe3\xa1\x8d=7\x12?\xfc\xebgS\xc7\
\x00x\xa0l\xee\xbfRG\x00\x00\xf2\xaf\x16_\x14-\
/)ZBoQ\xba\x84\x1eP\x9f\x18?\x16\xad\xf2\
\xe5\x9d\x12&\x00\xc0\xb6(]B>}t\xf1ZL\
~8\xb7\xad\xd5\xcb\xd2\xd0`\x1c{\xe9`\xbcx\xf2\
p\x07\x92\x01\x00yU\xb4\xc2\xe5\xf0H)\xfe\xeag\
\xcfGi\xcf`\xea(\x00\x0f\xa4t\x09\x00\xdc\xc3d\
|\xb1f9\x99:\x0c\xd09J\x97\xd0\x836W0\
\xffg\xb4\x0a\x98\xc7\xd2\xa6\x01\x00\x8ad`\xff\x91\x88\
\xa1\xc7S\xc7\x00\xeea\xea\xf2\xcd\xb86}+\xaeM\
/\xc5\xd2\xe2\xea=\xff\xb9\xe1\x91R\x1c\x1e\x1b\x8e\xb1\
\xe7Fbl|\xa4\x8b\x09\x01\x80<(Z\xe12\x22\
\xe2'?{\xde\x227P\x18\xd9\xc2\x1f#\xd6n\xa5\
\x8e\x01\x00\xa4wg\xcd\xf2\x7fGk\xcdr&m\x1c\
\xa0[\x94.\xa1\xc7\xd5'\xc6\xf7G\xc4\x97K\x98O\
\xa7\xcc\x03\x00\xe4\xdb\xc0\xbe\x83\x11\xe5\x83\xa9c\x00\x0f\
au\xa5\x19\xf3\xd7o\x7f\xe3\xef\x8f\x1ez\xccB\x14\
\x00\xf4\xb1\x22\x16._\xfe\xf1\x918\xf6\xd2\x93\xa9c\
\x00<4\xa5K\x00\xe8k\x97\xa2U\xb2\xb4f\x09}\
L\xe9\x12\xfaL}b\xfc\xe9h\x95/\x950\x01\x80\
oP\xba\x04\x00\x80bZ]i\xc6\x07\xef\xcd\x16\xae\
p9\xf6\xdcH\xfc\xf0\xaf\x9fM\x1d\x03`K\xb2\xa5\
\xab\x11\xb7o\xa4\x8e\x01\x00t\xc7dl\x16-\xcb\x95\
\xea\x85\xc4Y\x80\x9cP\xba\x84>\xb7\xb9\x84\xf9\xfdh\
\x950\x8fm\xfew\x00\xa0O)]\x02\x00@\xf1\xac\
\xae4\xe3\xddw\xaa1\x7f}9u\x94-\x19\x1e)\
\xc5_\xfd\xecy+\xdd@\xf1\xd4\xe7\x22\xbb5\x97:\
\x05\x00\xd0\x19\x9f\x97,\xa3u2\xbc\x966\x0e\x90G\
J\x97\xc07\xd4'\xc6\xbf\x1f\xad\xf2\xe5w\xa2U\xc4\
|:a\x1c\x00\xa0\x8b\x94.\x01\x00\xa0X\x8aZ\xb8\
\x8c\x88\xf8\xc9\xcf\x9e\x8f\xd1\x83{S\xc7\x00\xd8\xba\xc6\
Bd\xb5\xd9\xd4)\x00\x80\xf6\xb8\x14\x9b\x05\xcb\x88\x98\
T\xb2\x04\x1e\x86\xd2%\xf0@\x9b'\xc9\x8fm~\xbb\
\xb3\x88\xb9?e&\x00\xa03\x94.\x01\x00\xa08\x8a\
\x5c\xb8<yj,\x8e\x1e?\x90:\x06\xc0\xf6\xac\xd5\
#[\xb8\x92:\x05\x00\xb0u3\xd1*W\xfe.Z\
+\x96\x93I\xd3\x00\x85\xa5t\x09l\xcb\xd7\x8a\x98\x16\
1\x01\xa0W\xec\xd9\x1f\x03#c\xa9S\x00\x00\x00\x0f\
0?\xb7\x1c\xef\xff\xe2J,-\xae\xa6\x8e\xb2eG\
\x8f\x1f\x88\x93\xa7|\xdd\x01\x14\x98\xd2%\x00\x14A-\
Z\xa7\xc2\xff\xf7\xe6\x7f:\x15\x0e\xb4\x8d\xd2%\xd0V\
\x9b\xa7\xc9\x8fE\xc4\x91\xf8\xa2\x94i\x15\x13\x00\x8ab\
\xf7\xbe\x18x\xfc\xcfS\xa7\x00\x00\x00\xeec~n9\
\xde}\xa7\x1a\xab\x8df\xea([6zho\xfc\xe4\
o\x9fO\x1d\x03\xe0\x91es\xff\x95:\x02\x00\xf0\x85\
\x99\xcdow\x0a\x96\x93\xe5Ju&a\x1e\xa0\xc7)\
]\x02]\xb1Y\xc6|z\xf3\xdb\xff\x8cV\x11\xf3X\
\xbaD\x00\xc0])]\x02\x00@\xaeM]\xbe\x19\x1f\
\xfcj\xb6\x90\x85\xcb\xe1\x91R\xfc\xd5\xcf\x9e\x8f\xd2\x9e\
\xc1\xd4Q\x00\x1e\x99\xd2%\x00$s)Z\x05\xcb\xd9\
\xcd\xff>i\xc1\x12\xe8\xb6\x9d\xa9\x03\x00\xfd\xa1\x5c\xa9\
^\xba\xdb\xdf\xdf<S\xfet|\xb1\x88\xf9\x9d\xf8\xa2\
\x90i!\x13\x00\x00\x00\xe0\xffg\xefn~\xe3\xbc\xcf\
<_\xdf4\xdb\xa6$W8fG\xcaX\x92\x019\
\x0c\x10\xb4\x98\x06\xa2\x1c\x01\x99E\xecF\x1a\xa5Y%\
\x01z\x02x\xd9\x81\xbd\xc9:\xfa\x0b\x12-\xcf\xca\xd2\
v6\xa1z\x163\x80\x819\x0c0Y\x1d\x11\xe1A\
'\x8b\x0e 4\x83\x99\x94\x0e\xdc0Ca$+G\
/f\x89,\xa9\xc8\xa2\x8b\xcfY\x14e;\xb6,\xf1\
\xa5\xaa\xeez\xea\xb9.\xc0\xc8\xdb\xa2?\xbbV\xa9\xbe\
u\xff`\xd7\x8d\xeb\xf7\xe2\xda{+\xd9\x19\x072u\
t2~\xf0\x93o\x1a\x5c\x02\xe3\xe3\x85\xc9\x88\x9d\xf2\
\x0d\xe0\x01\xa0D\x96\xe2\xd3q\xe5rD\xac\xd6\xea\x8d\
\xe5\xcc \x80'\x5c\xba\x04FZkq\xee\xc9\xf8\xf2\
\xf5\xdd\x7f\xfe]|z!\xd30\x13\x00\xfa\xed\xc5\xa3\
1q\xfclv\x05\x00\x00\xf09\xd7\xde[\x89\x1b\xd7\
\xefeg\x1c\xd8\x85\xb7f\xe3\xec\xf9\x13\xd9\x19\x00}\
S<\xf8\xb7\x88\xceFv\x06\x00\x94\xddrD4\xa3\
\xf7,x3>\x1dW\xaefF\x01<\x8f\xd1%0\
\x16v\x9f/\x7f\xe2\xb3\xff\xfe\xc9\xe5\xcc'\xca4\xd4\
\x5c\xda\xfd\xd7\xd7w\xff\x01\x80\xa1\x988\xf9\x7fd'\
\x00\x00\x00\xbb\xb66\xbb\xf1\xeb\x7fz?n\xaf\xacg\
\xa7\x1c\xd8\x9b?:\x13\xe7\xbe\xf7jv\x06@_\x19\
]\x02\xc0\x9e\xac~\xe6\x9f\x9b\x9f\xfd\xcf\x86\x95@\x99\
\x19]\x02\x95\xd6Z\x9c{\xf2\x94\xf9\xd3<\xeb\x7f;\
\x88'\xbf\xd2y\xea\xffV\xab7\x9e\xfa\xbf\xb5\x16\xe7\
\xde\x8e\x88_\xf6\xb1\x03\x00\x9e\xc9\xe8\x12\x00\x00F\xc3\
\xfd;\x8f\xe3\xff~\xef\x83\xb8\xff\xe1\xe3\xec\x94\x03;\
{\xfeD\x5cxk6;\x03\xa0\xef\x8a\xb5\x95\x88\xcd\
/\xfb+\x7f\x00\x18{O\xaeRF|:\xa8\xfc\xec\
\x7f\xf7\xa5\xdf\x7f\x03\x8c\x03\xa3K\x80\x11\xb7;\x0c]\
\xcb\xee\x00\xa0:\x8c.\x01\x00 \xdfJc-\xae\xbd\
\xf7Al\xb5\xbb\xd9)\x07vzv:~\xfc\xd3\xb3\
\xd9\x19\x00\x83\xd1\xba\x13\xc5\xc6\x9d\xec\x0a\x00\xe8\x87\xa5\
\xcf\xfd\xe7\xff\xe73\xff\xfe\xb3C\xcaf\xad\xdeX\x0e\
\x00\xe2\xaf\xb2\x03\x00x\xb6Z\xbd\xd1l-\xce-D\
\xc4?d\xb7\x00P\x11\xdb\xed\x88\x17\x8ffW\x00\x00\
@e\xfd\xfe\xda\xed\xf8\x97k\xb7\xb23\x0e\xe5\xf8\xa9\
c\xf1\x83\x9f|3;\x03\x00\x00\xcaf>zW#\
\x0f\xe2Y//Fx\xd2\x1b\xa0o\x8c.\x01\xca\xe1\
Wat\x09\xc0\xb0\x14\xe5\xbd\xa4\x03\x00\x00e\xb6\xb5\
\xd9\x8dk\xef}\x10+\x7f,\xf7\xa3'\xd33S\xf1\
\xe3\x9f\xce\xc5\xd4\x91\xc9\xec\x14\x00\x00(\x9b\x8b\x9e\xe5\
\x06\x18}/d\x07\x00\xb0'\x0b\xd9\x01\x00\x00\x00\x00\
\x0c\xce\xfd;\x8f\xe3\xbf]\xf9\x9f\xa5\x1f\x5cN\x1d\x9d\
\x8c\x1f\xfc\xe4\x9b\x06\x97\xc0\xf8\xfb+\xaf\x84\x00\xd0w\
K\x06\x97\x00\xe5`t\x09P\x02\xbb\x7f\xb86\xbc\x04\
`8\xba[\xd9\x05\x00\x00P)7\xae\xdf\x8b\xffz\
\xe5\x7f\xc6\xfaZ\xb9\xff,>ut2~\xfc\xd3\xb9\
8~\xf2Xv\x0a\xc0\xe0\xbd\xe0AA\x00\xfa\xeeW\
\xd9\x01\x00\xec\x8dO\x03\x00\xe5\xe1\x89q\x00\x86\xa3\xdb\
\xc9.\x00\x00\x80J\x18\x97\xe7\xc4#\x0c.\x01\x00\xa0\
\x0f\x1c\xe1\x01(\x09\x97.\x01\xca\xc3\x1f\xb2\x01\x00\x00\
\x00\xc6\xc4\xb8<'\xfe\xc4\x9b?<cp\x09\x00\x00\
\x07\xb7Z\xab7V\xb3#\x00\xd8\x1b\xa3K\x80\x92\xf0\
\xc48\x00\xc3R|\xec\xd2%\x00\x00\x0c\xd2\xef\xaf\xdd\
\x1e\x8b\xe7\xc4\x9f\xb8\xf0\xd6l\x9c=\x7f\x22;\x03`\
\xb8&&\xb3\x0b\x00\x18/\xbe\x07\x06(\x11\xcf\x8b\x03\
\x94\x8b'\xc6\x01\x18<\xcf\x8b\x03\x00\xc0@\xac\xafm\
\xc5\xb5\xf7V\xe2\xf6\xcazvJ\xdf\x18\x5c\x02\x95\xf5\
\xe2\xd1\xec\x02\x00\xc6\xcb\xd5\xec\x00\x00\xf6\xce\xe8\x12\xa0\
\x5c\x16\x22\xe2\x97\xd9\x11\x00\x00\x00\x00\xec\xcfJc-\
\xae\xbd\xf7Al\xb5\xbb\xd9)}cp\x09\x00\x00}\
\xd1\xac\xd5\x1b\xcb\xd9\x11\x00\xec\x9d\xe7\xc5\x01J\xc4\x13\
\xe3\x00\x0c\xc5\xc7\x8f\xb3\x0b\x00\x00`llmv\xe3\
\xd7\xff\xe5\xfd\xf8\xf5?\xbdop\x09\x00\x00<\x8d\xef\
\x7f\x01J\xc6\xa5K\x80\xf2\xf1\xc48\x00\x83\xb53>\
_\x04\x03\x00@\xa6q\xbcn\x19ap\x09\x00\x00}\
\xf6\xab\xec\x00\x00\xf6\xc7\xe8\x12\xa0|<1\x0e\xc0\xe0\
\xedt#^\x98\xcc\xae\x00\x00\x80R\xda\xda\xec\xc6\xb5\
\xf7>\x88\x95?\xaee\xa7\xf4\x9d\xc1%\x00\x00\xf4W\
\xad\xdep\xe9\x12\xa0d</\x0eP2\xbbO\x8c\xcf\
gw\x000\xe6>ng\x17\x00\x00@)\xdd\xb8~\
/\xae\xfe\x9f\xffjp\x09\x00\x00\xec\x85\xc1%@\x09\
\xb9t\x09PN\xbf\x8a\x88\xb7\xb3#\x00\x00\x00\x00\xe8\
Y_\xdb\x8ak\xef\xad\xc4\xed\x95\xf5\xec\x94\x810\xb8\
\x04x\x8a\x17\x8fFl\xfb\xe1*\x00\x87\xe2iq\x80\
\x12\x9a\xc8\x0e\x00\xe0`Z\x8bsk\x11\xf1Jv\x07\
\x00\xe3i\xe2+'#j'\xb33\x00\x00\xa0\x14~\
\x7f\xedv\xfc\xcb\xb5[\xd9\x19\x031ut2~\xf0\
\x8f\xdf\x8c\xd3\xb3\xd3\xd9)\x00#\xa7x\xf0o\x11\x9d\
\x8d\xec\x0c\x00\xcamf\xf7\xa5C\x00J\xc4\xa5K\x80\
\xf2Z\x08\xd7.\x01\x00\x00\x00\xd2\xdc^Y\x8fk\xef\
\xad\xc4\xfa\xdaVv\xca@L\x1d\x9d\x8c\x1f\xfft.\
\x8e\x9f<\x96\x9d\x02\x00\x00\xe3h\xc9\xe0\x12\xa0\x9c\x8c\
.\x01\xca\xcb\x13\xe3\x00\x0cL\xb1\xddv\x16\x1f\x00\x00\
\xbe\xc4\xfa\xdaV\xfc\xf3\xff\xb8\x19+\x7f\x5c\xcbN\x19\
\x18\x83K\x00\x00\x188O\x8b\x03\x94\x94\xd1%@I\
\xd5\xea\x8d\x85\xd6\xe2\x5c3<1\x0e\xc0 \xect\xb3\
\x0b\x00\x00`\xe4lmv\xe3\x0f\xbf\xfds,\xff\xee\
Nl\xb5\xc7\xf7\xcf\xcc\xc7O\x1d\x8b\x1f\xfc\xe37c\
zf*;\x05\x00\x00\xc6\xd9Bv\x00\x00\x07ct\
\x09Pn\xf3\x11\xf1\xb3\xec\x08\x00\xc6\xd0\xc7\x8f\xb3\x0b\
\x00\x00`\xa4\xdc\xb8~/~\x7f\xed\xf6\xd8>%\xfe\
\xc4\xf1S\xc7\xe2\xc7?\x9d\x8b\xa9#\x93\xd9)\x00\x00\
0\xce\x96k\xf5\xc6jv\x04\x00\x07ct\x09Pn\
W\xc3\xe8\x12\x80Ap\xe9\x12\x00\x00\x22\x22\xe2\xf6\xca\
z\xfc\xcb\xb5\xdbq{e=;e\xe0\xce\x9e?\x11\
o\xfe\xe8\x8c\xc1%\x00\x00\x0c\xde\xd5\xec\x00\x00\x0e\xce\
\xe8\x12\xa0\xc4j\xf5\xc6rkqn5\x22^ON\
\x01`\x1cm\xb7#^<\x9a]\x01\x00\x00)\xd6\xd7\
\xb6\xe2\xf7\xd7n\xc7\x8d\xeb\xf7\xb2S\x86\xe2\xdc\x1b\xaf\
\xc6\x9b?<\x93\x9d\x01\x00\x00U\xe1iq\x80\x123\
\xba\x04(\xbf\x85p\xed\x12\x80A(\x5c\xbb\x04\x00\xa0\
z\xb66\xbb\xf1\xfbk\xb7b\xf9\xb7\x7f\xceN\x19\x9a\
\x0bo\xcd\xc6\xd9\xf3'\xb23\x00\x00\xa0*V=-\
\x0ePnF\x97\x00\xe5w%\x8c.\x01\x18\x84\xed\xc7\
\x11/\xd5\xb2+\x00\x00`(\xb66\xbb\xf1\x87\xdf\xfe\
9\x96\x7fw'\xb6\xda\xd5\xf8\x01\xd2\xd4\xd1\xc9\xf8\xc1\
?~3N\xcfNg\xa7\x00\x00@\x95\xb8r\x09P\
rF\x97\x00%W\xab7V[\x8bs\xcb\x11q.\
\xbb\x05\x801\xe3\xd2%\x00\x00\x15P\xc5\xb1eD\xc4\
\xf1S\xc7\xe2?\xbe\xf5\x8d8~\xf2Xv\x0a\x00\x00\
T\xcd\xd5\xec\x00\x00\x0e\xc7\xe8\x12`<\x5c\x0d\xa3K\
\x00\xfa\xac\xd8j\xc5\x84C\x97\x00\x00\x8c\xa9\xaa\x8e-\
#\x22f\xbf5\x13\x17\xde\xfaFL\x1d\x99\xccN\x01\
\x00\x80\xaaY\xad\xd5\x1b\xcb\xd9\x11\x00\x1c\x8e\xd1%\xc0\
x\x98\x8f\x88w\xb3#\x00\x183\xc5\xc7\xd9\x05\x00\x00\
\xd0wU\x1e[FD\x9c{\xe3\xd5x\xf3\x87g\xb2\
3\x00\x00\xa0\xaa<-\x0e0\x06\x8c.\x01\xc6@\xad\
\xdeh\xb6\x16\xe7\x16\x22\xe2\x1f\xb2[\x00\x18#\xdb\xed\
\xec\x02\x00\x00\xe8\x9b\xaa\x8f-\xa7\x8eN\xc6\x85\xb7\xbe\
\x11\xb3s3\xd9)\x00\x00Pe\x9e\x16\x07\x18\x03F\
\x97\x00\xe3\xe3Wat\x09@\xbfu;\x11\x93/e\
W\x00\x00\xc0\x81U}l\x19\x11q\xfc\xd4\xb1\xf8\x8f\
o}#\x8e\x9f<\x96\x9d\x020^\xbc\x12\x02\xc0\xfe\
xZ\x1c`L\x18]\x02\x8c\x8f\x85\xe8=1\xfeJ\
v\x08\x00c\xc4\xe8\x12\x00\x80\x92Z_\xdb\x8a\xdf_\
\xbb\x1d7\xae\xdf\xcbNIu\xf6\xfc\x89x\xf3Gg\
b\xea\xc8dv\x0a\xc0\xf8\xf1J\x08\x00\xfb\xe3iq\
\x801at\x090&>\xf3\xc4\xf8\xdb\xd9-\x00\x8c\
\x91\xed\xc7\x11/\xd5\xb2+\x00\x00`\xcfn\xaf\xac\xc7\
\x8d\xeb\xf7+?\xb6\x8c\x88x\xf3Gg\xe2\xdc\xf7^\
\xcd\xce\x00\x00\x00z<-\x0e0&\x8c.\x01\xc6\xcb\
\xd50\xba\x04\xa0\x8f\x8an'&\xb2#\x00\x00`\x0f\
n\x5c\xbf\x177\xae\xdf\x8f\xdb+\xeb\xd9)\xe9\xa6g\
\xa6\xe2\x07?\xf9\xa6\xe7\xc4\x01\x00`txZ\x1c`\
\x8c\x18]\x02\x8c\x91Z\xbd\xb1\xd4Z\x9c[\x8d\x88\xd7\
\x93S\x00\x18\x17\x9e\xc9\x02\x00`\x84mmv\xe3\x0f\
\xbf\xfds\xdc\xb8~/\xd6\xd7\xb6\xb2sF\xc2\xec\xb7\
f\xe2\xc2[\xdf\xf0\x9c8\x00\x00\x8c\x16O\x8b\x03\x8c\
\x11\xa3K\x80\xf1\xb3\x10\x11?\xcb\x8e\x00`L|\xfc\
8\xbb\x00\x00\x00\xbe\xe0\xfe\x9d\xc7\xb1\xbc;\xb6\xa4g\
\xea\xe8d\xbc\xf9\xc33q\xf6\xfc\x89\xec\x14\x00\x00\xe0\
\x8b<-\x0e0F\x8c.\x01\xc6\xcf\x950\xba\x04\xa0\
_v\xba\xbd\x7f^p%\x07\x00\x80|7\xae\xdf\x8b\
\xe5\xdf\xfd9\xee\x7f\xe8\xc7A\x9fu\xfc\xd4\xb1\xf8\xc1\
?~3\xa6g\xa6\xb2S\x00\x00\x80/\xf2\xb48\xc0\
\x981\xba\x04\x183\xb5zc\xb5\xb58\xb7\x1c\x11\xe7\
\xb2[\x00\x18\x13\x1f\xb7#^\xaaeW\x00\x00PQ\
\xebk[\xf1\x87\xdf\xf5\xaeZn\xb5\xbb\xd99#\xe7\
?\x5cx-\xbe{\xe1tv\x06@\xf5l\xb7\xb3\x0b\
\x00(\x0fO\x8b\x03\x8c\x19\xa3K\x80\xf1t%\x22~\
\x99\x1d\x01\xc0\x98\xd8~lt\x09\x00\xc0Pmmv\
c\xe5\x8f\x1f\xb9j\xf9\x0c\xd33S\xf1\x83\x9f|3\
\x8e\x9f<\x96\x9d\x02PM\x85\x1f\x02\x00\xb0g\x9e\x16\
\x07\x183F\x97\x00\xe3i!\x8c.\x01\xe8\x93\xa2\xdb\
\x89\x89\xec\x08\x00\x00*\xe1\xf6\xcaz\xdc\xb8~?V\
\x1a\x1f\xb9j\xf9\x0c\xe7\xdex5\xbe{\xe1\xb5\x98:\
2\x99\x9d\x02\x00\x00<\x9b\xa7\xc5\x01\xc6\x90\xd1%\xc0\
\x18\xaa\xd5\x1b\xcd\xd6\xe2\xdc|D\xbc\x9d\x9c\x02\xc08\
\xf0\x5c\x16\x00\x00\x03\xb4\xbe\xb6\x15\xff\xef\xf5\xfbq\xe3\
\xfa\xbdX_\xdb\xca\xce\x19i\xd33Sq\xe1\xad\xd9\
8=;\x9d\x9d\x02\x00\x00\xec\x8d\xa7\xc5\x01\xc6\x90\xd1\
%\xc0\xf8\xfaU\x18]\x02\xd0\x0f\x1f{\xce\x11\x00\x80\
\xfez\xf2|\xf8\x8d\xeb\xf7\xe3\xf6\xcazvN)\xb8\
n\x090b\xba~(\x00\xc0\x9exZ\x1c`\x0cy\
%\x10`\x8c\xb5\x16\xe7\xfe\x14\x11\xafgw\x00P~\
\x13_\xfb\xdb\x88\xc9\x97\xb23\x00\x00(\xb9\x1b\xd7\xef\
\xc5Jc-V\xfe\xb8\x96\x9dR\x1a\xae[\x02\x8c\xa8\
\xd6\x9d(6\xeedW\x000\xda\x96k\xf5\xc6w\xb2\
#\x00\xe8?\x97.\x01\xc6\xdbBD\xfc,;\x02\x80\
1\xd0\xed\x18]\x02\x00p OF\x96+\x8d\x8fb\
\xab\xdd\xcd\xce)\x95\xffp\xe1\xb5\xf8\xee\x85\xd3\xd9\x19\
\x00\x00\xc0\xc1\xb8r\x090\xa6\x8c.\x01\xc6\xdb\x950\
\xba\x04\xa0\x1f:\x1b\x11/\xd5\xb2+\x00\x00(\x09C\
\xcb\xc39=;\x1d\x7f\xf7\xa33q\xfc\xe4\xb1\xec\x14\
\x00\x00\xe0\xe0\x16\xb2\x03\x00\x18\x0c\xcf\x8b\x03\x8c\xb9\xd6\
\xe2\xdco\x22\xe2\xfb\xd9\x1d\x00\x94\xdc\x91Wbbf\
6\xbb\x02\x00\x80\x11\xb5\xb5\xd9\x8d\x95?~\x14\xb7W\
6\x0c-\x0fa\xea\xe8d|\xf7\xc2kq\xee{\xaf\
f\xa7\x00\xf0\x1c\xc5\x83\x7f\xeb\xfdH\x15\x00\x9e\xce\xd3\
\xe2\x00c\xcc\xa5K\x80\xf1w5\x8c.\x018\xac\xed\
\xc7\xd9\x05\x00\x00\x8c\x98\xf5\xb5\xad\xb8\xbd\xb2\xfe\xc9U\
K\x0e\xe7\xec\xf9\x13\xf1\xe6\x8f\xce\xc4\xd4\x91\xc9\xec\x14\
\x00\x00\xe0\xf0<-\x0e0\xc6\x8c.\x01\xc6\xdfBD\
\xbc\x1b\x11\xafd\x87\x00Pb\xddN\xc4N7\xe2\x05\
_\x00\x03\x00T\xd9\xfd;\x8f\xe3\xd6\xcaz\xdc\xb8~\
/\xee\x7f\xe8\x879\xfdp\xfc\xd4\xb1\xf8\xbb\x1f\x9e\x89\
\xd3\xb3\xd3\xd9)\x00\xecG\xf1qv\x01\x00\xa3m>\
;\x00\x80\xc11\xba\x04\x18s\xb5z\xa3\xd9Z\x9c[\
\x88\x88\xb7\xb3[\x00(\xb9\x8f\xdb\x11/\xd5\xb2+\x00\
\x00\x18\xb2'\x97,o\xaf\xac\xc7\xfa\xdaVv\xce\xd8\
\x98::\x19o\xfe\xf0L\x9c=\x7f\x22;\x05\x80\x83\
\xd8ng\x17\x000\xba\x16j\xf5F3;\x02\x80\xc1\
1\xba\x04\xa8\x86+at\x09\xc0au6\x8c.\x01\
\x00*`}m+V\x1a\xbd\x91\xa5g\xc3\x07\xe3\xdc\
\x1b\xaf\xc6w/\xbc\xe6)q\x00\x00\x18O\xbf\xca\x0e\
\x00`\xb0\x8c.\x01*\xa0Vo,\xb7\x16\xe7\x96#\
\xe2\x5cv\x0b\x00\xe5Ul\xb7c\x22;\x02\x00\x80\xbe\
\xdb\xda\xec~2\xb0t\xcdr\xb0N\xcfN\xc7\x85\xb7\
fczf*;\x05\x80\xc3p\xe5\x12\x80g[\xc8\
\x0e\x00`\xb0\x8c.\x01\xaa\xe3j\x18]\x02p\x18\xdb\
\x8f\xb3\x0b\x00\x00\xe8\x93\xdb+\xebq{e#>h\
|\x14\xf7?\xf4\xe7\xbcA;~\xeaX\xfc\xdd\x0f\xcf\
\xc4\xe9\xd9\xe9\xec\x14\x00\xfa\xa1\xe8f\x17\x000\xba\xe6\
=-\x0e0\xfe\x8c.\x01\xaac>\x22\xde\xcd\x8e\x00\
\xa0\xc4\xba\x9d\xde?\x93/e\x97\x00\x00\xb0OOF\
\x96\xb7V\xd6\xe3\xf6\xcazvNeL\xcfL\xc5w\
/\x9c\x8e\xb3\xe7Od\xa7\x00\xd0O;\x1fg\x17\x00\
0\xba<-\x0eP\x01^\x07\x82\xb2n\xa3\x00\x00 \
\x00IDAT\x04\xa8\x90\xd6\xe2\xdc/#\xe2\xed\xec\
\x0e\x00\xcakbf6\xe2\xc8+\xd9\x19\x00\x00<\x87\
\x91e\xae\xa9\xa3\x93q\xee{'\xe3\xbb\x17Ng\xa7\
\x000\x08\xad;Ql\xdc\xc9\xae\x00`\xf44k\xf5\
\xc6Lv\x04\x00\x83\xe7\xd2%@\xb5\x5c\x0d\xa3K\x00\
\x0e\xa1\xe8\xb4b\xc2\xe8\x12\x00`\xe4\x18Y\x8e\x86'\
c\xcbo\xbf\xf1jL\x1d\x99\xcc\xce\x01\x00\x00\x86k\
>;\x00\x80\xe10\xba\x04\xa8\x90Z\xbd\xb1\xd4Z\x9c\
[\x8d\x88\xd7\x93S\x00(\xab\xedvv\x01\x00@\xe5\
\xad\xafm\xc5\xfd;\x8f\xe3\xf6\xcaz\xdcZY\x8f\xfb\
\x1f>\xceN\xaa<cK\x80j)\xb6Z\xd9\x09\x00\
\x8c\xa6\xab\xd9\x01\x00\x0c\x87\xd1%@\xf5\x5c\x89\x88w\
\xb3#\x00(\xa9\xceFv\x01\x00@\xe5\xdc^Y\x8f\
{\xbb#\xcb\xfb\x1f>\x8e\xf5\xb5\xad\xec$>\xe3\xec\
\xf9\x13\xf1\xdd\x0b\xa7czf*;\x05\x00\x00\xc8\xb3\
Z\xab7\x96\xb3#\x00\x18\x0e\xa3K\x80\xea\x99\x0f\xa3\
K\x00\x0e\xa3\xd3\x8ax\xa9\x96]\x01\x000\x96\xd6\xd7\
\xb6z\xe3\xca;\x8f\xe3\xde\x87\x8f=\x15>\xc2\x8c-\
\x01*\xcc\x8fR\x01\xf8\x22W.\x01*\xc4\xe8\x12\xa0\
bj\xf5F\xb3\xb587\x1f\x11o'\xa7\x00PV\
\xdb\x8f\x8d.\x01\x00\xfa\xe0\xc93\xe1\xf7?|\xdc{\
&\xfc\xce\xa3\xd8jw\xb3\xb3x\x86'\xcf\x88\xff\xcd\
\xf9\xe3\xc6\x96\x00U\xb5\xe3\xffW\x03\xf0T\xf3\xd9\x01\
\x00\x0c\x8f\xd1%@5]\x0d\xa3K\x00\x0e\xa8\xe8\xb4\
b\xe2\xe5\xafeg\x00\x00\x94\x8a\x81e\xb9=\x19[\
~\xfb\x8dWc\xea\xc8dv\x0e\x00\x99>ng\x17\
\x000z\x96j\xf5\xc6jv\x04\x00\xc3ct\x09P\
A\xb5zc\xa9\xb58\xb7\x1a\x11\xaf'\xa7\x00PF\
\x9e\xd0\x02\x00x\xa6\xde\xd3\xe0\x8fbc\xadc`Y\
r\xc6\x96\x00|Aw+\xbb\x00\x80\xd1\xe3iq\x80\
\x8a1\xba\x04\xa8\xae+\x11\xf1nv\x04\x00%\xb4\xd3\
\x8d\xd8nG\xbcx4\xbb\x04\x00 \xd5\xd6f7\xee\
\x7f\xf8(\xee\xed^\xb0\x5c_\xdb\x8a\xdb+\xeb\xd9Y\
\xf4\xc1\xf4\xccT|\xf7\xc2\xe98{\xfeDv\x0a\x00\
\xa3\xa6\xdb\xc9.\x00`\xb44#b!;\x02\x80\xe1\
2\xba\x04\xa8\xae\xf90\xba\x04\xe0\xa0:\x1bF\x97\x00\
@\xa5|\xfez\xe5\xc6\xdaV\xac\xaf\xb9t5nN\
\xcfN\xc7\xb97^\x8d\xd9\xb9\x99\xec\x14\x00FT\xb1\
\xedyq\x00\xfe\xc2B\xad\xdehfG\x000\x5cF\
\x97\x00\x15U\xab7\x9a\xad\xc5\xb9\xf9\x88x;9\x05\
\x80\x12*:\xad\x98x\xf9k\xd9\x19\x00\x00}w\xff\
N\xefb\xe5\xfd\x0f\x1f\xc7\xbd;\x8f>\xf9\xf7\x8c\xb7\
\xb3\xe7O\xc4\xb97^\x8d\xe3'\x8fe\xa7\x000\xea\
v\xba\xd9\x05\x00\x8c\x96_e\x07\x000|F\x97\x00\
\xd5v5\x8c.\x018\x88\xceFv\x01\x00\xc0\xa1\xdc\
^Y\xdf}\x1e\xdc\xb8\xb2\xaa\xa6\x8eN\xc6\xb9\xef\x9d\
\x8c\xbf9\x7f<\xa6g\xa6\xb2s\x00(\x0b\x7f'\x02\
\xc0\xa7Vk\xf5\x86\xa7\xc5\x01*\xc8\xe8\x12\xa0\xc2j\
\xf5\xc6Rkqn5\x22^ON\x01\xa0lv\xba\
\x11\xdbmO\x8c\x03\x00#\xad7\xaa|\x14\xf7\xee<\
\x8eN\xbb\xebYp\x22\x22\xe2\xf8\xa9cq\xee{\xaf\
\xc6\xd9\xf3'\xb2S\x00(\x9bn'\xbb\x00\x80\xd1b\
p\x09PQF\x97\x00\x5c\x8a\x88_fG\x00PB\
\x9d\x0d\xa3K\x00`$|\xf6I\xf0\xf5\xddQ\xe5\xed\
\x95\xf5\xec,F\x8c'\xc4\x0184\xa3K\x00\xfe\xd2\
\x95\xec\x00\x00r\x18]\x02\xb0\x10\x11\xefF\xc4+\xd9\
!\x00\x94K\xd1i\xc5\xc4\xcb_\xcb\xce\x00\x00*j\
\xa5\xb1\x167\xae\xdf\xeb=\x13\xde\xeef\xe70\xa2\xa6\
g\xa6\xe2\xdbo\xf4\xaeZN\x1d\x99\xcc\xce\x01\xa0\xec\
<-\x0e\xc0\xa7\x96j\xf5\xc6jv\x04\x009\x8c.\
\x01*\xaeVo4[\x8bs\x0b\x11\xf1vv\x0b\x00\
%\xe3\x8b\x06\x00 \xc1\x8d\xeb\xf7\xe2\xf7\xd7n{\x22\
\x9cg:{\xfeD\x9c=\x7f<N\xcfNg\xa7\x00\
0F\x8a\x8f]\xba\x04\xe0\x13W\xb3\x03\x00\xc8ct\
\x09@D\xef\xf4\xfd\xdb\xd9\x11\x00\x94\xccN7b\xbb\
\xed\x89q\x00`(\xb66\xbb\xf1\xeb\x7fz\xdf\xb3\xe1\
|\xa9\xe3\xa7\x8e\xed\x8e-]\xb5\x04`@>~\x9c\
]\x00\xc0hhF\xef5A\x00*\xca\xe8\x12\x80\xa8\
\xd5\x1b\xcb\xad\xc5\xb9\xa5\x88\xf8~r\x0a\x00e\xb3\xd5\
4\xba\x04\x00\x06nk\xb3\x1b\xff\xfd?7\xe2\xfe\x87\
\x86\x0e\xfc\xa5\xa9\xa3\x931;\xf7\xd7q\xee\x8dW\xe3\
\xf8\xc9c\xd99\x00\x8c\xbb\xedvv\x01\x00\xa3a\xa1\
Vo4\xb3#\x00\xc8ct\x09\xc0\x13W\xc3\xe8\x12\
\x80}*\xb6Z1Q\xcb\xae\x00\x00\xc6\x99\xc1%O\
3\xfb\xad\x998{\xfeD\xcc\xce\xcdd\xa7\x00P\x15\
\x06\x97\x00|\xca\xd3\xe2\x00\x157\x91\x1d\x00\xc0\xe8h\
-\xce\xadE\xc4+\xd9\x1d\x00\x94\xcb\xc4\xbf\xffv\xc4\
\x0b\x9eo\x04\x00\x06\xe3\xd7\xff\xe5\xfdX\xf9\xe3Zv\
\x06#\xc0\xf3\xe1\x00\xa4j?\x88\xa2y3\xbb\x02\x80\
|\xab\xb5z\xe3\xeb\xd9\x11\x00\xe4r\xe9\x12\x80\xcf\xba\
\x12\x11?\xcf\x8e\x00\xa0d:\x1b\x11Gl\xf6\x01\x80\
\xfe\xbb\xbd\xb2npYq\xd33Sq\xf6\xfc\x89\xf8\
\x9b\xf3\xc7czf*;\x07\x80\x0a+\x5c\xba\x04\xa0\
\xe7Jv\x00\x00\xf9\x8c.\x01\xf8\xac\xf90\xba\x04`\
\x9f\x8a\xcd\x871at\x09\x00\x0c\xc0\xf2\xef\xfe\x9c\x9d\
@\x82\xe9\x99\xa9O\x9e\x0f?~\xf2Xv\x0e\x00\xf4\
\x18]\x02\xd03\x9f\x1d\x00@>\xa3K\x00>Q\xab\
7V[\x8bs\xf3\x11\xf1vr\x0a\x00e\xd2\xd9\xc8\
.\x00\x00\xc6\xd0\xfa\xda\x96+\x97\x15bh\x09\xc0\xc8\
\xf3\xf7\x1f\x00D,\xd4\xea\x8dfv\x04\x00\xf9\x8c.\
\x01\xf8\xbc\xabat\x09\xc0~t;\xbdk\x0f/\x1e\
\xcd.\x01\x00\xc6\xc8\xed\x95\xf5\xec\x04\x06\xcc\xd0\x12\x80\
\xd2p\xe5\x12\x80\x9e\xab\xd9\x01\x00\x8c\x06\xa3K\x00\xfe\
B\xad\xdeXj-\xce-G\xc4\xb9\xec\x16\x00J\xa4\
\xb3at\x09\x00\xf4\xd5\xfd;\x8f\xb3\x13\x18\x80\xe3\xa7\
\x8e\xc5k\xb3\xd3\x86\x96\x00\x94\xcb\xc7\xfe\x5c\x02@\xac\
\xd6\xea\x8d\x85\xec\x08\x00F\x83\xd1%\x00Os%\x22\
~\x99\x1d\x01@y\x14\xed\x071\xf1\xf2\xd7\xb23\x00\
\x801r\xefC\xe3\x86qqzv:f\xbf5\x13\
\xb3s31=3\x95\x9d\x03\x00\xfbVl\xb5\xb2\x13\
\x00\xc8\xe7\xca%\x00\x9f0\xba\x04\xe0\x0bj\xf5\xc6|\
kq\xee\xdd\x88x%\xbb\x05\x80\x92\xd8nG\xect\
#^\x98\xcc.\x01\x00 \xd9\xd4\xd1\xc9\xde\xd0rn\
&f\xbf\xf5\xd71u\xc4\x9f\x11\x01(9\x97.\x01\
\x88\x98\xcf\x0e\x00`t\x18]\x02\xf0e\xaeD\xc4\xcf\
\xb3#\x00(\x91\xadf\xc4\xd1\xaffW\x00\x00\x90`\
zf\xea\x93k\x96\xa7g\xa7\xb3s\x00\xa0\x7fv\xba\
\xbd\x1f\x9b\x02Pe\x0b\xb5zc5;\x02\x80\xd1a\
t\x09\xc0\x97\x99\x0f\xa3K\x00\xf6\xa1\xd8|\x18\x13F\
\x97\x00\x00\x951\xfb\xad\x99O.Zz6\x1c\x80\xb1\
\xf5\xb1\xc1%\x00\x9e\x16\x07\xe0/\x19]\x02\xf0T\xb5\
zc\xb5\xb587\x1f\x11o'\xa7\x00P\x16\x9b\xcd\
\xec\x02\x00\x00\x06\xe8\xf8\xa9c\xf1\xda\xee\xc8\xd25K\
\x00*\xa3\xb3\x91]\x00@\xae\xd5Z\xbd\xb1\x90\x1d\x01\
\xc0h1\xba\x04\xe0Y\xae\x86\xd1%\x00\xfb\xb1\xd9\x8c\
8\xf2Jv\x05\x000\x06N\x9c:\x16\xb7W\xd6\xb3\
3*mzf*N\xcfN\xc7\xe9\xd9\xaf\xc4\xec\xb7\
\xfe:\xa6\x8eLf'\x01\xc0\xd0\x15[\xad\xec\x04\x00\
r\xb9r\x09\xc0\x17\x18]\x02\xf0\xa5j\xf5\xc6Rk\
qn9\x22\xcee\xb7\x00P\x0e\xc5\xe6\xc3\x980\xba\
\x04\x00\xfa\xe0\xf8\xc9c\xd9\x09\x953utrwd\
\xe9\xc9p\x00\xf8\x84K\x97\x00U7\x9f\x1d\x00\xc0\xe8\
1\xba\x04\xe0y\xaeD\xc4/\xb3#\x00(\x89\xadf\
D\x9c\xc9\xae\x00\x00\xc6\x80\xe7\xab\x07\xef\xb3#\xcb\xd7\
f\xa7\x0d]\x01\xe0\xf3:\xae\x5c\x02T\xdcB\xad\xde\
X\xcd\x8e\x00`\xf4\x18]\x02\xf0L\xb5zc\xbe\xb5\
8\xf7\xf3\x88x=\xbb\x05\x80\x12\xd8\xe9zb\x1c\x00\
\xe8\x8b\xe9\x99\xa98~\xeaX\xdc\xff\xf0qv\xca\xd8\
0\xb2\x04\x80}r\xe5\x12\xa0\xea<-\x0e\xc0S\x19\
]\x02\xb0\x17W#\xe2\xe7\xd9\x11\x00\x94\x83'\xc6\x01\
\x80~9{\xfeD\xfc\xf3\x877\xb33Jkzf\
jwd\xf9\x958q\xeae#K\x00\xd8\xa7b\xcb\
\xa5K\x80\x0a[\xad\xd5\x1b\x0b\xd9\x11\x00\x8c&\xa3K\
\x00\xf6\xe2r\x18]\x02\xb0W\x9e\x18\x07\x00\xfa\xe4\xec\
\xf9\x13\xf1\xfbk\xb7b\xab\xdd\xcdN)\x85\xd3\xb3\xd3\
q\xe2\xd4\xb1O\xaeYN\x1d\x99\xccN\x02\x80rs\
\xe9\x12\xa0\xca\x5c\xb9\x04\xe0K\x19]\x02\xf0\x5c\xb5z\
\xa3\xd9Z\x9c\x9b\x8f\x88\xb7\x93S\x00(\x03O\x8c\x03\
\x00}2ud2\xce}\xefd\xfc\xcb\xb5[\xd9)\
#\xe7\xc9\xf3\xeb\xa7g\xa7\xe3\xc4\xc9\xde\xbf\x02\x00}\
\xd4q\xe5\x12\xa0\xe2\xe6\xb3\x03\x00\x18]F\x97\x00\xec\
\xd5\xa50\xba\x04`\x8f<1\x0e\x00\xf4\xcb\xb7\xdfx\
5n\x5c\xbf\x17\xebk[\xd9)i\xa6\x8eN\xc6\xf1\
\x93/\xc7k\xb3\xd3\x9f\x0c-]\xb1\x04\x80\xc1*6\
\x9b\xd9\x09\x00\xe4\x99\xaf\xd5\x1b\xab\xd9\x11\x00\x8c\xae\x89\
\xec\x00\x00\xca\xa3\xb58\xf7\x9b\x88\xf8~v\x07\x00%\
\xf0\xc2dL\xfc\xfbogW\x00\x00c\xe2\xf6\xcaz\
\xfc\xf7\xff|#;ch\x9e<\x13~\xfc\xe4\xb18\
q\xea\xe58~\xf2Xv\x12\x00TNq\xffF\xc4\
v;;\x03\x80\x1c\x7f_\xab7\x96\xb2#\x00\x18]\
.]\x02\xb0\x1f\x97\xc2\xe8\x12\x80\xbd\xf0\xc48\x00\xd0\
G\xa7g\xa7\xe3\xdc\x1b\xaf\xc6\xf2o\xff\x9c\x9d\xd2w\
\x06\x96\x000\x82v\xba\x06\x97\x00\xd5\xb5jp\x09\xc0\
\xf3\x18]\x02\xb0g\xb5zc\xa9\xb58\xb7\x1c\x11\xe7\
\xb2[\x00\x18}\x9e\x18\x07\x00\xfa\xe9\xcd\x1f\x9e\x89\xad\
v7n\x5c\xbf\x97\x9dr \x9f\x7f\x22\xfc\xf8\xc9c\
1=3\x95\x9d\x05\x00<\xcd\x96\xa7\xc5\x01*\xecR\
v\x00\x00\xa3\xcf\xe8\x12\x80\xfd\xba\x12\x11\xbf\xcc\x8e\x00\
\xa0\x04\xda\x0f\x22\xa6_\x8bxa2\xbb\x04\x00\x18\x13\
\x17\xde\x9a\x8d\x88\x18\xf9\xe1\xe5\xf1S\xc7\xe2\xc4\xc9\x97\
czf*N\xcf~%\x8e\x9fz9\xa6\x8e\xf83\
\x11\x00\x94E\xb1\xd5\xcaN\x00 G3\x22\x16\xb2#\
\x00\x18}\x13\xd9\x01\x00\x94Okq\xeeO\x11\xf1z\
v\x07\x00\xa3o\xe2\x953\x11G\xbf\x9a\x9d\x01\x00\x8c\
\x99\x7f\xfe\x1f7G\xe2\xa9\xf1\xe9\x99\xa9\xf8\xca\xcc\xd4\
'\xd7+\xa7g\xa6<\x0f\x0e\x00c\xa0\xf8\xff\xfe\xd0\
{b\x1c\x80\xaa\x99\xaf\xd5\x1b\xefdG\x000\xfa\x5c\
\xba\x04\xe0 \xaeF\xc4\xcf\xb3#\x00\x18}\xc5\xe6\xc3\
\x980\xba\x04\x00\xfa\xec\xcd\x1f\x9e\x89\xd3\xb3\xd3q\xed\
\xbd\x0fb\xab=\xf8A\xc4g\xc7\x95_\x99yi\xf7\
\x82\xe5\xf4\xc0\xff\xef\x02\x00\x09:-\x83K\x80\xea\xf2\
\xb48\x00{\xe2\xd2%\x00\xfb\xd6Z\x9c{%\x22\xfe\
\x14\x11\xafd\xb7\x000\xfa&\xbe\xf6\xb7\x11\x93/e\
g\x00\x00chk\xb3\x1b\x7f\xf8\xed\x9fc\xf9ww\
\xfa2\xbe<~\xeaXL\x1d\xf9+\xe3J\x00\xa8\xb0\
b\xfdV\xc4\xa3\xbb\xd9\x19\x00\x0c\xdfR\xad\xde\xf8\xfb\
\xec\x08\x00\xca\xc1\xe8\x12\x80\x03i-\xce\xbd\x1b\x11?\
\xcb\xee\x00`\xf4ML\xbf\x16\xf1\xf2\xd7\xb23\x00\x80\
1w\xe3\xfa\xbdXi\xac\xc5\xed\x95\xf5g\x0e0\xa7\
\x8eN\xc6\xf1\x93/\xc7\xf4\xccT\xef9p\xcf\x82\x03\
\x00\x9fQ\xdc\xfd_\x11\xddNv\x06\x00\xc3\xf7N\xad\
\xde\x98\xcf\x8e\x00\xa0\x1c\x8c.\x018\x90\xd6\xe2\xdc\xeb\
\xd1\xbbv\x09\x00\xcf6\xf9R\xef\xda%\x00\xc0\x90\xac\
\xafm\xc5\xc6\xda\xd6\x17\xfe\xfb\xe3\xa7^\x8e\xa9#\x93\
\x09E\x00@)t;\xbd\xd1%\x00U\xb3Z\xab7\
\xbe\x9e\x1d\x01@y\xfcUv\x00\x00\xe5T\xab7V\
[\x8bs\xf3\x11\xf1vr\x0a\x00\xa3\xae\xdb\x89\xd8n\
G\xbcx4\xbb\x04\x00\xa8\x88'W,\x01\x00\xf6e\
\xb3\x99]\x00@\x8e\xab\xd9\x01\x00\x94\xcb\x0b\xd9\x01\x00\
\x94\xda\xa5\xec\x00\x00\xca\xa1xt7;\x01\x00\x00\x00\
\xe0\x99\x8a\xf6\x83\xec\x04\x00r\x5c\xce\x0e\x00\xa0\x5c\x8c\
.\x018\xb0Z\xbd\xb1\x1a\x11K\xc9\x19\x00\x94\xc1\x96\
K\x11\x00\x00\x00\xc0\x08{\xf2R\x07\x00U3_\xab\
7\xfc\x056\x00\xfbbt\x09\xc0a\xb9v\x09\xc0\xf3\
\xedt#\x5c\x8b\x00\x00\x00\x00F\x95\xa7\xc5\x01\xaa\xea\
Jv\x00\x00\xe5ct\x09\xc0\xa1\xd4\xea\x8d\xa5p\xed\
\x12\x80=(\x1e\x7f\x94\x9d\x00\x00\x00\x00\xf0T\x9e\x16\
\x07\xa8\xa4\xa5Z\xbd\xb1\x9c\x1d\x01@\xf9\x18]\x02\xd0\
\x0fW\xb3\x03\x00(\x81\xceF\xef\xa9.\x00\x00\x00\x80\
Q\xe2iq\x80\xaa\xf2\x1d'\x00\x072\x91\x1d\x00\xc0\
xh-\xce\xfd)\x22^\xcf\xee\x00`\xc4\xbd\xfc\xb5\
\x98\x98~-\xbb\x02\x00\x00\x00\xe0S\x8f\xeeF\xb1~\
+\xbb\x02\x80\xe1Z\xad\xd5\x1b_\xcf\x8e\x00\xa0\x9c\x5c\
\xba\x04\xa0_.e\x07\x00P\x02\x9e\xea\x02\x00\x00\x00\
F\x8c\xa7\xc5\x01*\xe9Jv\x00\x00\xe5et\x09@\
_\xd4\xea\x8d\xf9\x88XM\xce\x00`\xd4\xedt\x0d/\
\x01\x00\x00\x80\xd1\xe1iq\x80*jF\xc4|v\x04\
\x00\xe5et\x09@?]\xcd\x0e\x00`\xf4\x15\x8f?\
\xcaN\x00\x00\x00\x00\xe8\xf1\xe3P\x80*Z\xa8\xd5\x1b\
\xcd\xec\x08\x00\xca\xcb\xe8\x12\x80~\xba\x1c\xbd_\x86\x01\
\xc0\x97\xebl\xf4\xaeH\x00\x00\x00\x00$+\x1e\x1b]\
\x02T\xd0\xa5\xec\x00\x00\xca\xcd\xe8\x12\x80\xbe\xd9\xfdE\
\xd8\x95\xec\x0e\x00F_\xb1q';\x01\x00\x00\x00\xa8\
\xba\xed\xb6\x1f\x86\x02T\xcfB\xad\xdeX\xcd\x8e\x00\xa0\
\xdc\x8c.\x01\xe87\xd7.\x01x\xbe\xadf\xc4N7\
\xbb\x02\x00\x00\x00\xa8\xb0\xe2\xd1\xdd\xec\x04\x00\x86\xcf\x01\
\x19\x00\x0e\xcd\xe8\x12\x80\xber\xed\x12\x80=\xd9\xe9F\
\xb4=\xdf\x05\x00\x00\x00$\xdar?\x00\xa0b\x96k\
\xf5\xc6Rv\x04\x00\xe5gt\x09\xc0 \xccg\x07\x00\
0\xfa\x5c\x93\x00\x00\x00\x00\xd2\xb4\x1fx\x85\x03\xa0z\
\x1c\x8e\x01\xa0/\x8c.\x01\xe8\xbbZ\xbd\xb1\x1a\x86\x97\
\x00<O\xb7\x13\xb1\xe9\xa2\x04\x00\x00\x000|\xc5\xe6\
\xc3\xec\x04\x00\x86k\xb5Vo\xccgG\x000\x1e\x8c\
.\x01\x18\x94K\xd9\x01\x00\x8c\xbe\xe2\xd1\xbd\xec\x04\x00\
\x00\x00\xa0j\xfc\x10\x14\xa0\x8a\xaef\x07\x000>\x8c\
.\x01\x18\x08\xd7.\x01\xd8\x93\xceF\xef\x8b\x0e\x00\x00\
\x00\x80ai?\xc8.\x00`\xb8\x9a\x11q9;\x02\
\x80\xf1at\x09\xc0 \xb9v\x09\xc0s\x15\x1bw\xb2\
\x13\x00\x00\x00\x80\x0a)\x1e\x1b]\x02T\xcc|\xad\xde\
p\xe2\x18\x80\xbe1\xba\x04``\x5c\xbb\x04`O\xda\
\x0f\x22v\xba\xd9\x15\x00\x00\x00@\x15l6\xbd\xba\x01\
P=W\xb2\x03\x00\x18/F\x97\x00\x0c\x9ak\x97\x00\
<\xdf\xe3\xbb\xd9\x05\x00\x00\x00@\x05\x14\xed\x8f\xb2\x13\
\x00\x18\xae\xf9\xddC1\x00\xd07F\x97\x00\x0c\x94k\
\x97\x00\xecE\xf1\xe8\xaek\x97\x00\x00\x00\xc0`u;\
\xbdK\x97\x00T\x89+\x97\x00\xf4\x9d\xd1%\x00\xc3\xe0\
\xda%\x00\xcf\xb6\xd3\x8d\xd8\xf2\xa5\x07\x00\x00\x0008\
\xc5#/m\x00T\xccR\xad\xdeX\xce\x8e\x00`\xfc\
\x18]\x020p\xbb\xd7.\x97\x923\x00\x18q\xc5\xc6\
\x9d\xec\x04\x00\x00\x00`\x9c\xb5\x1fd\x17\x000\x5c\x0e\
\xc3\x000\x10F\x97\x00\x0c\x8b\x0f5\x00<[\xb7\xe3\
\xcb\x0f\x00\x00\x00`0\xda\x0fz/m\x00P\x15\xcb\
\xb5zc);\x02\x80\xf1dt\x09\xc0P\xec~\xa8\
YJ\xce\x00`\xc4\xb9v\x09\x00\x00\x00\x0c\x82\xa7\xc5\
\x01*\xe7Jv\x00\x00\xe3\xcb\xe8\x12\x80ar\xed\x12\
\x80g\xebv\x22:\xad\xec\x0a\x00\x00\x00`\x9ctZ\
\x11\xdb\xed\xec\x0a\x00\x86g\xb5Vo\xccgG\x000\
\xbe\x8c.\x01\x18\x1a\xd7.\x01\xd8\x0b\xd7.\x01\x00\x00\
\x80~r\xe5\x12\xa0r\x1c\x82\x01`\xa0\x8c.\x01\x18\
6\x1fr\x00x\xb6\xce\x86k\x97\x00\x00\x00@\x7ft\
;\x11\x9b\xcd\xec\x0a\x00\x86\xa7\xe9\xca%\x00\x83ft\
\x09\xc0P\xb9v\x09\xc0^\xb8v\x09\x00\x00\x00\xf4\x83\
\xbfc\x00\xa8\x9c+\xd9\x01\x00\x8c?\xa3K\x002\xb8\
v\x09\xc0\xb3\xb9v\x09\x00\x00\x00\x1c\xd6N7b\xcb\
\x95K\x80\x0aiF\xc4\xe5\xec\x08\x00\xc6\x9f\xd1%\x00\
C\xe7\xda%\x00{\xe1\x12\x05\x00\x00\x00p(\x8f\xef\
\xf6\x86\x97\x00T\xc5\x95Z\xbdam\x0f\xc0\xc0\x19]\
\x02\x90\xc5\xb5K\x00\x9e\xcd\xb5K\x00\x00\x00\xe0\xa0v\
\xbaQ<\xba\x9b]\x01\xc0\xf0\xb8r\x09\xc0\xd0\x18]\
\x02\x90b\xf7\xda\xe5Bv\x07\x00\xa3\xcd\xb5K\x00\x00\
\x00\xe0@\xb6\x9a\xae\x5c\x02T\xcb\x82+\x97\x00\x0c\x8b\
\xd1%\x00\x99.f\x07\x000\xe2\x5c\xbb\x04\x00\x00\x00\
\x0e\xc0\x0f9\x01*\xc7+{\x00\x0c\x8d\xd1%\x00i\
j\xf5\xc6jD\xcc'g\x000\xe2|I\x02\x00\x00\
\x00\xecK\xfbAD\xb7\x93]\x01\xc0\xf0\xcc\xef~\xef\
\x08\x00Cat\x09@6\xbf:\x03\xe0\xd9\x5c\xbb\x04\
\x00\x00\x00\xf6\xc1\x0f8\x01*\xc7\xf7\x8d\x00\x0c\x95\xd1\
%\x00\xa9\x5c\xbb\x04`/|Y\x02\x00\x00\x00\xec\x89\
+\x97\x00U\xe3\xca%\x00Cgt\x09\xc0(\xf0\xeb\
3\x00\x9e\xad\xb3\xd1\xfb\xd2\x04\x00\x00\x00\xe0\x19\xfcp\
\x13\xa0r|\xcf\x08\xc0\xd0\x19]\x02\x90\xce\xb5K\x00\
\xf6\xc2\x97&\x00\x00\x00\xc03\xb9r\x09P5\x0b\xae\
\x5c\x02\x90\xc1\xe8\x12\x80Q\xe1Wh\x00<[\xb7\xe3\
\xda%\x00\x00\x00\xf0\xa5\xfc`\x13\xa0r\xaed\x07\x00\
PMF\x97\x00\x8c\x84\xdd_\xa1]\xce\xee\x00`\xb4\
\x15\x1bw\x22v\xba\xd9\x19\x00\x00\x00\xc0\xa8q\xe5\x12\
\xa0j\x96j\xf5\xc6Rv\x04\x00\xd5dt\x09\xc0(\
\xb9\x14\x11\xcd\xec\x08\x00FX\xb7\x13\xf1\xf8nv\x05\
\x00\x00\x000b\x5c\xb9\x04\xa8\x1c\xaf\xe8\x01\x90\xc6\xe8\
\x12\x80\x91Q\xab7\x9a\xe1\x19\x00\x00\x9e\xa3xt\xd7\
\xb5K\x00\x00\x00\xe0S\xae\x5c\x02T\x8d+\x97\x00\xa4\
2\xba\x04`\xd4\x5c\x0e\xd7.\x01x\x96\x9dn\x14-\
\xd7+\x00\x00\x00\x80\x1eW.\x01*\xc7\x95K\x00R\
\x19]\x020R\x5c\xbb\x04`O\x1e\xddu\xc1\x02\x00\
\x00\x00\x88h\xdd\xf1w\x04\x00\xd5\xe2\xca%\x00\xe9\x8c\
.\x01\x18E\x97#b5;\x02\x80\xd1V\xac\xdf\xca\
N\x00\x00\x00\x002\xedt\xa3xt7\xbb\x02\x80\xe1\
r\xe5\x12\x80tF\x97\x00\x8c\x9c\xddk\x97>0\x01\
\xf0l\x9b\xcd\x88N+\xbb\x02\x00\x00\x00\xc8\xf2\xf8n\
\xc4N7\xbb\x02\x80\xe1q\xe5\x12\x80\x91`t\x09\xc0\
H\xaa\xd5\x1b\xf3\xe1\xda%\x00\xcfQ\xac\xff\xef\xec\x04\
\x00\x00\x00 C\xb7\xe3\xca%@\xf58\xda\x02\xc0H\
0\xba\x04`\x94\xf9\xe0\x04\xc0\xb3m\xb7#\xda\x0f\xb2\
+\x00\x00\x00\x80!+6\xee\xb8r\x09P-\xae\x5c\
\x0202\x8c.\x01\x18Y\xbb\xd7.\x97\x923\x00\x18\
q\xc5\xfa-_\xb2\x00\x00\x00@\x95\xf8\x11&@\x15\
9\xd6\x02\xc0\xc80\xba\x04`\xd4\xf9\x00\x05\xc0\xb3\xed\
t\xa3h\xdd\xc9\xae\x00\x00\x00\x00\x86\xa4X\xbf\x95\x9d\
\x00\xc0p\xb9r\x09\xc0H1\xba\x04`\xa4\xed~\x80\
ZJ\xce\x00`\xd4=\xba\xdb\xbbr\x01\x00\x00\x00\x8c\
\xb7\xcdfDg#\xbb\x02\x80\xe1r\xa4\x05\x80\x91b\
t\x09@\x19\xf8 \x05\xc0s\xb9r\x01\x00\x00\x00\xe3\
\xcf\xe7\x7f\x80\xcaq\xe5\x12\x80\x91ct\x09\xc0\xc8\xdb\
\xfd 5\x9f\x9c\x01\xc0\xa8\xebl\xf4\xae]\x00\x00\x00\
\x00\xe3\xa9u'\xa2\xdb\xc9\xae\x00`\xb8\x1cg\x01`\
\xe4\x18]\x02P\x16>P\x01\xf0\x5c\xc5\xfa\xad\x88\x9d\
nv\x06\x00\x00\x00\xd0o;\xdd(\x1e\xdd\xcd\xae\x00\
`\xb8\x5c\xb9\x04`$\x19]\x02P\x0a\xb5zc5\
\x22.gw\x000\xe2\xba\x9d(Zw\xb2+\x00\x00\
\x00\x80>\xf3CK\x80Jz';\x00\x00\x9e\xc6\xe8\
\x12\x802\xb9\x14\x11\xde\x8d\x05\xe0\xd9\x1e\xdd\x8d\xd8n\
gW\x00\x00\x00\x00\xfd\xd2iE\xb4\x1fdW\x000\
\x5c\xf3\xbbGY\x00`\xe4\x18]\x02P\x1a\xb5z\xa3\
\x19\x11W\xb2;\x00\x18}\xc5\xfa\xad\xec\x04\x00\x00\x00\
\xa0O\x8a\xf5\xff\x9d\x9d\x00\xc0\xf0]\xca\x0e\x00\x80/\
ct\x09@\xd9\x5c\x8e\x88\xd5\xec\x08\x00F\x5cg\xa3\
w\xf1\x12\x00\x00\x00(7/Z\x00T\x91+\x97\x00\
\x8c4\xa3K\x00Je\xf7\xda\xa5_\xb6\x01\xf0\x5cE\
\xebN\xc4N7;\x03\x00\x00\x008\xa8\x9dn\xef\xf3\
=\x00U\xe3\xbb@\x00F\x9a\xd1%\x00\xa5S\xab7\
\xe6#b9\xbb\x03\x80\x11\xb7\xd3\x8d\xe2\xe1\xcd\xec\x0a\
\x00\x00\x00\xe0\x80\x8a\x877\xfd\xa0\x12\xa0z\x5c\xb9\x04\
`\xe4\x19]\x02PV\x17\xb3\x03\x00(\x81\xcdfD\
\xa7\x95]\x01\x00\x00\x00\xecW\xa7\xd5\xfb\x5c\x0f@\x95\
x\xf1\x0e\x80R0\xba\x04\xa0\x94j\xf5\xc6RD,\
%g\x00P\x02Es\xd5U\x0c\x00\x00\x00(\x93\x9d\
n\xef\xf3<\x00Us\xc5\x95K\x00\xca\xc0\xe8\x12\x80\
2{';\x00\x80\x12\xe8v\xa2h\xdd\xc9\xae\x00\x00\
\x00\x00\xf6\xea\xf1\xdd\x88n'\xbb\x02\x80\xe1jF\xc4\
\xe5\xec\x08\x00\xd8\x0b\xa3K\x00Jk\xf7\x97n\xf3\xc9\
\x19\x00\x94\xc1\xa3\xbb\x9e\x19\x07\x00\x00\x802\xd8nG\
\xb1\xe1\xc7\x93\x00\x15t\xa5Vo4\xb3#\x00`/\
\x8c.\x01(\xbb\x8b\xd1\xfb\xe5\x1b\x00<\x93g\xc6\x01\
\x00\x00`\xf4\x15\x0fW\xb3\x13\x00\x18>W.\x01(\
\x15\xa3K\x00Jm\xf7\x17oW\xb2;\x00(\x81n\
\xa7\xf7<\x19\x00\x00\x000\x9a\x1e\xdd\x8d\xd8ngW\
\x000|\x17]\xb9\x04\xa0L&\xb2\x03\x00\xa0\x1fZ\
\x8bs\x7f\x8a\x88\xd7\xb3;\x00\x18}\x13\xc7\xcfF\xbc\
x4;\x03\x00\x00\x00\xf8\xacn'\x8a\xfb7\xbcR\
\x01P=\xab\xb5z\xe3\xeb\xd9\x11\x00\xb0\x1f.]\x02\
0..f\x07\x00P\x0e\xc5\xc3U_\xe0\x00\x00\x00\
\xc0\x88)\x9a7}^\x07\xa8\xa6K\xd9\x01\x00\xb0_\
.]\x0206Z\x8bs\xbf\x89\x88\xefgw\x00P\
\x02/\x7f-&\xa6_\xcb\xae\x00\x00\x00\x00\x22\x22\x1e\
\xdd\x8db\xfdVv\x05\x00\xc3\xb7\x5c\xab7\xbe\x93\x1d\
\x01\x00\xfb\xe5\xd2%\x00\xe3\xc4\xb5K\x00\xf6\xe6\xd1\xdd\
\x88N+\xbb\x02\x00\x00\x00\xe8v\xa2h\xdd\xc9\xae\x00\
 \x87\xef\xf6\x00(%\xa3K\x00\xc6F\xad\xdeX\x8e\
\x88\xf9\xec\x0e\x00\xca\xa1h\xaez\xb6\x0c\x00\x00\x00\x92\
yV\x1c\xa0\xb2\x96j\xf5\xc6Rv\x04\x00\x1c\x84\xd1\
%\x00\xe3\xe6bD4\xb3#\x00(\x01\x974\x00\x00\
\x00 \xd7\xa3\xbb\x11\x9d\x8d\xec\x0a\x00r\xb8r\x09@\
i\x19]\x020Vj\xf5F3\x22\xaedw\x00P\
\x12\x8f\xeeFl\xda\xea\x03\x00\x00\xc0\xd0m\xb7\xa3X\
\xbf\x95]\x01@\x8e\xf9\xdd\x17\xec\x00\xa0\x94\x8c.\x01\
\x18;\xb5z\xe3\x17\x11\xb1\x9a\x9c\x01@I\x14\x0f=\
c\x06\x00\x00\x00\xc3V<\x5c\xcdN\x00 \xcf\xa5\xec\
\x00\x008\x0c\xa3K\x00\xc6\x95'\x09\x00\xd8\x9b\x9dn\
ox\x09\x00\x00\x00\x0cG\xebN\xc4v;\xbb\x02\x80\
\x1c\x97j\xf5\xc6jv\x04\x00\x1c\x86\xd1%\x00c\xa9\
Vo,D\xc4Rv\x07\x00%\xb1\xd9\xec=5\x0e\
\x00\x00\x00\x0cV\xa7\x15\xc5\xc6\x9d\xec\x0a\x00r4#\
\xe2rv\x04\x00\x1c\x96\xd1%\x00\xe3\xec\x9d\xec\x00\x00\
\xca\xa3pe\x03\x00\x00\x00\x06k\xa7\x1bEs5\xbb\
\x02\x80<Wj\xf5F3;\x02\x00\x0e\xcb\xe8\x12\x80\
\xb1\xb5\xfb4\x81_\xcb\x01\xb07;\xdd(\x1e\xaeF\
\xect\xb3K\x00\x00\x00`,\x15\x0foFt;\xd9\
\x19\x00\xe4X\xad\xd5\x1b\xbf\xc8\x8e\x00\x80~0\xba\x04\
`\xdc]\x8a\xdeS\x05\x00\xf0|\xdb\xed\xde\xc5K\x00\
\x00\x00\xa0\xbf\xda\x0f\x226\xfdU-@\x85]\xca\x0e\
\x00\x80~1\xba\x04`\xac\xed>Qp1\xbb\x03\x80\
\x12yt\xd7\x97@\x00\x00\x00\xd0O\xdb\xed(\xd6o\
eW\x00\x90g\xa9Vo\xccgG\x00@\xbf\x18]\
\x020\xf6v?\xc4-gw\x00P\x1e\x9e;\x03\x00\
\x00\x80\xfe)\x1e\xaeF\xect\xb33\x00\xc8\xe3\xca%\
\x00c\xc5\xe8\x12\x80\xaap\xed\x12\x80\xbd\xdb\xe9F\xb1\
\xf6Av\x05\x00\x00\x00\x94^\xb1~+b\xbb\x9d\x9d\
\x01@\x9e\x85Z\xbd\xb1\x94\x1d\x01\x00\xfddt\x09@\
%\xec~\x98\x9bO\xce\x00\xa0L<}\x06\x00\x00\x00\
\x87\xb3\xd9\x8cxt7\xbb\x02\x80\x5c\x0e\xa3\x000v\
\x8c.\x01\xa8\x92\x8b\x11\xd1\xcc\x8e\x00\xa0D\x1e\xdd\xed\
}A\x04\x00\x00\x00\xecO\xb7\x13\xc5\xc3\x9b\xd9\x15\x00\
\xe4\xbaT\xab7V\xb3#\x00\xa0\xdf\x8c.\x01\xa8\x8c\
Z\xbd\xd1\x8c\x88K\xd9\x1d\x00\x94K\xf1\xf0fD\xb7\
\x93\x9d\x01\x00\x00\x00\xa5R\xac}\x10\xb1\xd3\xcd\xce\x00\
 O3\x22.gG\x00\xc0 \x18]\x02P)\xb5\
z\xe3rD,gw\x00P\x22;\xdd\xde\x17E\x00\
\x00\x00\xc0\x9e\x14\xcd\x9b\x11\xdb\xed\xec\x0c\x00r]\xdc\
=\x88\x02\x00c\xc7\xe8\x12\x80*\xba\x98\x1d\x00@\xc9\
l\xb7{_\x18\x01\x00\x00\x00\xcf\xd6~\xd0\xfb\x07\x80\
*[\xae\xd5\x1b\xf3\xd9\x11\x000(F\x97\x00TN\
\xad\xdeX\x8a\x88\xf9\xe4\x0c\x00\xca\xc6\x97F\x00\x00\x00\
\xf0l\xdb\xed(\xd6oeW\x00\x90\xcf\x01\x14\x00\xc6\
\x9a\xd1%\x00Uu1\x22<i\x00\xc0\xbe\x14\xeb\xb7\
<\x8f\x06\x00\x00\x00O\xb3\xd3\x8db\xed\x83\x88\x9dn\
v\x09\x00\xb9\x16v\x0f\xa0\x00\xc0\xd82\xba\x04\xa0\x92\
j\xf5F3\x22.ew\x00P2\xbe@\x02\x00\x00\
\x80\xa7*\x1e\xde\x8c\xe8v\xb23\x00\xc8\xe7\xca%\x00\
c\xcf\xe8\x12\x80\xca\xaa\xd5\x1b\x97#b9\xbb\x03\x80\
\x92\xe9v\xa2X[\xc9\xae\x00\x00\x00\x80\xd1\xd1\xba\x13\
\xb1\xe9a!\x00\xe2R\xad\xdeX\xcd\x8e\x00\x80A3\
\xba\x04\xa0\xea\xfc\xda\x0e\x80\xfd\xebl\xf4\x9e\x1a\x07\x00\
\x00\x80\xaa\xdblF\xb1q'\xbb\x02\x80|\xcd\x88\xb8\
\x9c\x1d\x01\x00\xc3`t\x09@\xa5\xd5\xea\x8d\xa5\xf0\x01\
\x10\x80\x83xt7\xa2\xfd \xbb\x02\x00\x00\x00\xf2l\
\xb7{\xcf\x8a\x03@\xc4\xc5Z\xbd\xe1\xec1\x00\x95`\
t\x09\x00\x11\x97\xa2\xf7\xeb;\x00\xd8\x97b\xfdV\xc4\
v;;\x03\x00\x00\x00\x86o\xa7\x1b\xc5\xc3\xd5\x88\x9d\
nv\x09\x00\xf9\x96j\xf5\xc6|v\x04\x00\x0c\x8b\xd1\
%\x00\x95\xb7\xfb\xab;\xcf\x8c\x03\xb0\x7f;\xdd(\xd6\
>\xf0\x05\x13\x00\x00\x00\x95S\xac\xad\xf8!\x22\x00O\
\x5c\xca\x0e\x00\x80a2\xba\x04\x80\x88\xd8\xfd\xf5\xddR\
r\x06\x00e\xd4\xedD\xf1\xd1\xfb\xd9\x15\x00\x00\x000\
4E\xf3fDg#;\x03\x80\xd10_\xab7\x96\
\xb2#\x00`\x98\x8c.\x01\xe0S\xefd\x07\x00PR\
\xdb\xed\xde\x17N\x00\x00\x000\xee\xda\x0fz\xff\x00@\
\x84\xd7\xe4\x00\xa8$\xa3K\x00\xd8U\xab7V\xc3\xf3\
\x07\x00\x1cT\xfbA\xc4\xa3\xbb\xd9\x15\x00\x00\x0008\
\x9d\x96\x1f\x1d\x02\xf0Y\x97j\xf5F3;\x02\x00\x86\
\xcd\xe8\x12\x00\xfe\xd2\xe5\x88X\xcd\x8e\x00\xa0\x9c\x8a\xf5\
[\x11\x9b\xfe\x8e\x11\x00\x00\x801\xb4\xdd\x8eb\xed\x83\
\xec\x0a\x00F\xc7j\xad\xde\xb8\x9c\x1d\x01\x00\x19\x8c.\
\x01\xe03v\x7f\x8d\xe7\x99q\x00\x0e\xacxx3b\
\xbb\x9d\x9d\x01\x00\x00\x00\xfd\xb3\xd3\x8d\xe2\xe1j\xc4N\
7\xbb\x04\x80\xd1\xe1\xfb4\x00*\xcb\xe8\x12\x00>\xa7\
Vo,E\xc4Bv\x07\x00%\xb5\xd3\xed]\xfe\xf0\
E\x14\x00\x00\x00c\xa2\xf8\xe8}?0\x04\xe0\xb3\x16\
v\xbfO\x03\x80J2\xba\x04\x80\xa7{'\x22\xbc\x0f\
\x0b\xc0\xc1t;\xbd/\xa4\x0c/\x01\x00\x00(\xb9\xa2\
\xe9E\x07\x00\xfeB3\x22.fG\x00@&\xa3K\
\x00x\x8a\xddg\xc6/ew\x00Pb\xdb\xed(\xd6\
oeW\x00\x00\x00\xc0\x81\x15\xeb\xb7\x22\xda\x0f\xb23\
\x00\x18-Wj\xf5\xc6jv\x04\x00d\x9a\xc8\x0e\x00\
\x80Q\xd6Z\x9c\xfbMD|?\xbb\x03\x80\x12;\xfa\
\xd5\x98x\xe5Lv\x05\x00\x00\x00\xecO\xfbA\xef\xca\
%\x00|j\xb5Vo|=;\x02\x00\xb2\xb9t\x09\
\x00\xcf\xf6Nv\x00\x00%\xd7~\xe0*\x08\x00\x00\x00\
\xe5\xb2\xd94\xb8\x04\xe0i|o\x06\x00at\x09\x00\
\xcf\xb4\xfb<\x82g\xc6\x018\x94\xa2y\xd3\xf0\x12\x00\
\x00\x80r\xd8nG\xf1\xd0\xe0\x12\x80/X\xa8\xd5\x1b\
K\xd9\x11\x000\x0a\x8c.\x01\xe09j\xf5\xc6/\x22\
b9\xbb\x03\x80r+\x9a7#\xb6\xdb\xd9\x19\x00\x00\
\x00\xf0\xe5\xb6\xdbQ|\xf4~\xc4N7\xbb\x04\x80\xd1\
\xd2\x8c\x88\x8b\xd9\x11\x000*\x8c.\x01`o|\x90\
\x04\xe0\xd0\x8a\x8f\xde7\xbc\x04\x00\x00`4\xedt\xa3\
X\xfb\xc0\xe0\x12\x80\xa7\xb9\xb4\xfb:\x1c\x00\x10\x11\x13\
\xd9\x01\x00P\x16\xad\xc5\xb9w#\xe2g\xd9\x1d\x00\x94\
\xdc\x0b\x931q\xe2o#^\x98\xcc.\x01\x00\x00\x80\
\x9e\x9d\xae\x1f\x0a\x02\xf0e\x96k\xf5\xc6w\xb2#\x00\
`\x94\xb8t\x09\x00{w)\x22V\xb3#\x00(\xb9\
'_d\xb9\x1c\x02\x00\x00\xc0(0\xb8\x04\xe0\xd9\xbc\
\x06\x07\x00\x9fct\x09\x00{T\xab7\x9a\x11\xf1N\
v\x07\x00c`\xbbmx\x09\x00\x00\xc0H(\xd6o\
\x19\x5c\x02\xf0e\xe6k\xf5\xc6Rv\x04\x00\x8c\x1a\xa3\
K\x00\xd8\x87\xdd\x0f\x96\x0b\xd9\x1d\x00\x8c\x81\xedv\x14\
k+\xd9\x15\x00\x00\x00TX\xd1\xbc\x19\xd1~\x90\x9d\
\x01\xc0hj\x86+\x97\x00\xf0TF\x97\x00\xb0\x7f\xef\
D\xef\x83&\x00\x1cNg\xa3\xf7\x05\x17\x00\x00\x00\x0c\
\x99\xc1%\x00\xcfqq\xf7\x158\x00\xe0s\x8c.\x01\
`\x9f<3\x0e@_\xb5\x1f\x18^\x02\x00\x000T\
\x06\x97\x00<\xc7R\xad\xde\x98\xcf\x8e\x00\x80Qet\
\x09\x00\x07P\xab7\x16\xc23\xe3\x00\xf4\x8b\xe1%\x00\
\x00\x00\xc3\xd2~`p\x09\xc0\xf38>\x02\x00\xcf`\
t\x09\x00\x07\xe7\x99q\x00\xfa\xa7\xfd \xa2u'\xbb\
\x02\x00\x00\x80q\xe6G\x7f\x00<\xdf\xa5Z\xbd\xb1\x9a\
\x1d\x01\x00\xa3l\x22;\x00\x00\xca\xac\xb58\xf7\xb3\x88\
x7\xbb\x03\x80\xf11\xf1\xca\x99\x88\xa3_\xcd\xce\x00\
\x00\x00`\xdc\x18\x5c\x02\xf0|\xab\xb5z\xe3\xeb\xd9\x11\
\x000\xea\x5c\xba\x04\x80C\xa8\xd5\x1b\x97#b)\xbb\
\x03\x80\xf1Q4oz\xe6\x0d\x00\x00\x80\xfe2\xb8\x04\
`o<+\x0e\x00{`t\x09\x00\x87\xe7\x99q\x00\
\xfa\xca\xf0\x12\x00\x00\x80\xbe1\xb8\x04`o\xe6k\xf5\
\xc6Rv\x04\x00\x94\x81\xd1%\x00\x1cR\xad\xdeX\x8d\
\x88K\xd9\x1d\x00\x8c\x17\xc3K\x00\x00\x00\x0e\xcd\xe0\x12\
\x80\xbdiF\xc4\xc5\xec\x08\x00(\x0b\xa3K\x00\xe8\x03\
\xcf\x8c\x030\x08\x86\x97\x00\x00\x00\x1c\x98\xc1%\x00{\
\xf7N\xad\xde\xf0\xaa\x1b\x00\xec\x91\xd1%\x00\xf4\x8fg\
\xc6\x01\xe8;\xc3K\x00\x00\x00\xf6\xcd\xe0\x12\x80\xbd[\
\xaa\xd5\x1b\x0b\xd9\x11\x00P&F\x97\x00\xd0'\x9e\x19\
\x07`P\x0c/\x01\x00\x00\xd83\x83K\x00\xf6\xae\x19\
\xbd\xa3\x22\x00\xc0>\x18]\x02@\x1fyf\x1c\x80A\
1\xbc\x04\x00\x00\xe0\xb9\x0c.\x01\xd8\x9fK\xbbGE\
\x00\x80}0\xba\x04\x80\xfe\xf3\xcc8\x00\x03ax\x09\
\x00\x00\xc0\x972\xb8\x04`\x7f\x96w\x8f\x89\x00\x00\xfb\
dt\x09\x00}\xe6\x99q\x00\x06\xc9\xf0\x12\x00\x00\x80\
/0\xb8\x04`\xff<+\x0e\x00\x07dt\x09\x00\x03\
\xe0\x99q\x00\x06\xc9\xf0\x12\x00\x00\x80O\x18\x5c\x02\xb0\
\x7f\x97j\xf5\xc6rv\x04\x00\x94\x95\xd1%\x00\x0c\x8e\
g\xc6\x01\x18\x18\xc3K\x00\x00\x00\xe2\xd1]\x83K\x00\
\xf6k\xb9Vo\xfc\x22;\x02\x00\xca\xcc\xe8\x12\x00\x06\
d\xf7\x99qO3\x0000\x86\x97\x00\x00\x00\xd5U\
4oF\xb1~+;\x03\x80\xf2\xb9\x98\x1d\x00\x00e\
gt\x09\x00\x03T\xab7\x16\x22b!\xbb\x03\x80\xf1\
ex\x09\x00\x00P=>\x0b\x02p@\x97k\xf5\xc6\
Rv\x04\x00\x94\x9d\xd1%\x00\x0c\x9eg\xc6\x01\x18(\
\xd7M\x00\x00\x00\xaa\xc3\xe0\x12\x80\x03Z\x8d\x88K\xd9\
\x11\x000\x0e\x8c.\x01`\xc0j\xf5F3<3\x0e\
\xc0\xa0=\xba\xdb\xfb\xe2\x0d\x00\x00\x80\xf1\xb4\xd35\xb8\
\x04\xe00\xde\xd9\xfd\xce\x0a\x008$\xa3K\x00\x18\x82\
\xddg\xc6\xe7\xb3;\x00\x18s\xed\x07\x86\x97\x00\x00\x00\
\xe3h\xa7\x1b\xc5G\xef\x1b\x5c\x02pP\x9e\x15\x07\x80\
>2\xba\x04\x80\xe1\xb9\x18\xbd\xa7\x1b\x00`p\x0c/\
\x01\x00\x00\xc6\xcb\x93\xc1\xe5v;\xbb\x04\x80rZ\x0d\
\xcf\x8a\x03@_\x19]\x02\xc0\x90xf\x1c\x80\xa1i\
?\x88\xe2\xfe\x8d\x88\x9dnv\x09\x00\x00\x00\x87\xb1\xdd\
6\xb8\x04\xe0\xb0<+\x0e\x00}ft\x09\x00C\xb4\
\xfbt\xc3\xe5\xec\x0e\x00*\xe0\xc9\x17s\x86\x97\x00\x00\
\x00\xe5dp\x09\xc0\xe1yV\x1c\x00\x06`\x22;\x00\
\x00\xaa\xa8\xb58\xf7\xaf\x11q.\xbb\x03\x80\x0ax\xf1\
hL\xcc|#b\xf2\xa5\xec\x12\x00\x00\x00\xf6\xaa\xd3\
\x8ab\xed\x03?\xa4\x03\xe00V#\xe2;\xae\x5c\x02\
@\xff\xb9t\x09\x009<3\x0e\xc0pl\xb7{O\
\x8d\xbb\x8c\x02\x00/\x83\xe2\xea\x00\x00 \x00IDA\
T\x00P\x0e\xed\x07Q<\xf0r\x01\x00\x87\xe6Yq\
\x00\x18\x10\xa3K\x00HP\xab7\x96#\xe2bv\x07\
\x00\x15\xb1\xd3\xf5$\x1d\x00\x00@\x19<\xba\x1bE\xf3\
fv\x05\x00\xe5\xe7Yq\x00\x18 \xcf\x8b\x03@\xa2\
\xd6\xe2\xdco\x22\xe2\xfb\xd9\x1d\x00T\xc7\xc4+g\x22\
\x8e~5;\x03\x00\x00\x80\xcf)\x9a7#\xda\x0f\xb2\
3\x00(\xbf\xd5\xf0\xac8\x00\x0c\x94K\x97\x00\x90\xeb\
\x9d\x88\xf0\xa1\x17\x80\xa1\xf1%\x1e\x00\x00\xc0\x88\xd9\xe9\
F\xb1\xb6\xe2\xb3\x1a\x00\xfd\xe2Yq\x00\x180\xa3K\
\x00HT\xab7V\xa37\xbc\x04\x80\xa1)\x9a7=\
W\x07\x00\x000\x0av\xbaQ|\xf4~\xc4\xa6m\x0c\
\x00}\xe1Yq\x00\x18\x02\xa3K\x00HV\xab7\x16\
\x22b>\xbb\x03\x80\x8ai?\xe8\x0d/w\xba\xd9%\
\x00\x00\x00\xd5\xb4\xdd\x8e\xe2\xde\xff\x8a\xd8ng\x97\x00\
0\x1e\x96#\xe2Rv\x04\x00T\x81\xd1%\x00\x8c\x86\
\x8b\x11\xb1\x9a\x1d\x01@\xc5\xb4\x1f\xf4.\xaa\x18^\x02\
\x00\x00\x0c\xd7f\xd3\xe71\x00\xfa\xcd\xb3\xe2\x000$\
F\x97\x000\x02v?\x04\xff\xa7\xec\x0e\x00*h\xbb\
\x1d\xc5\xfd\x1b.\xab\x00\x00\x00\x0cK\xfbA\x14k+\
\x06\x97\x00\xf4\xd3\xa5Z\xbd\xb1\x9c\x1d\x01\x00U1\x91\
\x1d\x00\x00|\xaa\xb58\xf7\x8b\x88\xf8yv\x07\x00\x15\
\xf4\xc2dL\xcc|#\xe2\xa5Zv\x09\x00\x00\xc0\xd8\
*\x9a7#\xda\x0f\xb23\x00\x18/\xcb\xb5z\xe3;\
\xd9\x11\x00P%.]\x02\xc0\x08\xa9\xd5\x1b\xbf\x88\x88\
\xa5\xe4\x0c\x00\xaah\xa7\x1b\xc5\x83\xf7}\xf9\x07\x00\x00\
0\x08;\xdd(\x1e\xfc\x9b\xcf\x5c\x00\x0c\xc2;\xd9\x01\
\x00P5F\x97\x000z\xde\x89\x88fv\x04\x00\xd5\
T4oF\xb1~+;\x03\x00\x00`|l\xb7\xa3\
\xf8\xe8\xfd\x88\xceFv\x09\x00\xe3\xe7\xa2g\xc5\x01`\
\xf8</\x0e\x00#\xa8\xb58\xf7\x0f\x11\xf1\x7few\
\x00PaG^\x89\x89\x7fw&\xe2\x85\xc9\xec\x12\x00\
\x00\x80\xf2\xdalF\xf1\xf0f\xc4N7\xbb\x04\x80\xf1\
\xb3T\xab7\xfe>;\x02\x00\xaa\xc8\xa5K\x00\x18A\
\xb5zc!\x22\xe6\xb3;\x00\xa8\xb0\xcdf\xef\x12K\
\xb7\x93]\x02\x00\x00PN\x8f\xeeF\xb1\xb6bp\x09\
\xc0 4\xc3\xb3\xe2\x00\x90\xc6\xe8\x12\x00F\xd7\xc5\x88\
\xf0$\x04\x00y\xb6\xdbQ\xdc\xbf\x11\xb1\xdd\xce.\x01\
\x00\x00(\x8f\x9dn\x14\xcd\x9bQ\xac\xdf\xca.\x01`\
|\xbdS\xab7V\xb3#\x00\xa0\xaa</\x0e\x00#\
\xac\xb58w.\x22\xfe5\xbb\x03\x00&^9\x13q\
\xf4\xab\xd9\x19\x00\x00\x00\xa3\xad\xdb\x89b\xed\x03?^\
\x03`\x90\x16j\xf5\xc6\x7f\xca\x8e\x00\x80*s\xe9\x12\
\x00FX\xad\xdeX\x8e\xde\xc5K\x80\xff\x9f\xbd\xfb\xd9\
\x8d\xfa\xcc\xd7\xbd}\x97\xcb.\xe3\xa4\xe8\xae\xb5\xd0\x8b\
\xdeH\xbd\xb4Y{K{P#s\x06\xa0\x1a\xf5\x0c\
\x86\xef\x0c\x9fA8\x82\x90#\x80}\x04\xf8\x0c\xc2,\
\xa3R8\x03<X\xaa\x96zi\xaf\xed\xd6\xdb\x12\x12\
\xddtW\x9a\x1f\xd8.\xbb\xaa\xf6\xe0g:$\x81\xc4\
\x18\xbb\x9e\xfas]R\xd4\x84t\x87{\xd6\xe0\xfa\xf8\
\xfb@Q\xd3\xe1\x9f2\x1d\xfe\xa9\xf4\x0c\x00\x00\x80\xf9\
5\xaa\xbc\x16\x00\xc0e\xdb\x8fg\xc5\x01\xa08\x97.\
\x01`\x01T\xfd\xee7I\xee\x94\xde\x01\x00i]M\
\xe3_\xfe{\xb2\xd6,\xbd\x04\x00\x00`~\xbc~\xe1\
9q\x00f\xe1v\xbb7xZz\x04\x00\xac:\x97\
.\x01`1\xec\xa4\xfe\xeeE\x00(k\xf4\xca\xe5\x16\
\x00\x00\x80\xb7&\xe3\xfae\x00\xc1%\x00\x97\xef\x91\xe0\
\x12\x00\xe6\x83K\x97\x00\xb0 \xaa~\xf7V\x92\xefJ\
\xef\x00\x80$\xc9Z3\x8d\xdf\xfc.\xd9\xbaVz\x09\
\x00\x00@\x19\xc7\x07\x99~\xbf\xef\x9b\xd2\x00\x98\x85\xbd\
vop\xb3\xf4\x08\x00\xa0\xe6\xd2%\x00,\x88\xd3\xef\
^\xfc\xba\xf4\x0e\x00H\xe2\x9a\x0b\x00\x00\xb0\xda\x0e\x87\
\x99\xfe\xed\x8f\x82K\x00fa\x98\xfaE4\x00`N\
\xb8t\x09\x00\x0b\xa6\xeaw\xbfKr\xab\xf4\x0e\x00\xf8\
\xa7\x8d\xad4\xfe\xf5\x7f&k\xcd\xd2K\x00\x00\x00.\
\xdd\xf4\x1f\x7fN^\xbf(=\x03\x80\xd5q\xbf\xdd\x1b\
<*=\x02\x00\xf8\x81K\x97\x00\xb0x\xee\xa6\xfe\xae\
F\x00\x98\x0f\xc7\x07\x99\xfe\xe5?\x92QUz\x09\x00\
\x00\xc0\xe5\x99\x8c3}\xf9\x9f\x82K\x00f\xe9\x89\xe0\
\x12\x00\xe6\x8f\xe8\x12\x00\x16L\xbb7\x18\xa6\x0e/\x01\
`~L\xc6\x99\xbe\xfc\xa3\x0f\x1f\x01\x00\x80\xe54\xaa\
N\xbf\xd9\xecU\xe9%\x00\xac\x0e\xcf\x8a\x03\xc0\x9c\x12\
]\x02\xc0\x02j\xf7\x06O\x93|]z\x07\x00\xfc\xd4\
\xf4\x1f\x7f\xce\xf4\xef\xff\x95L\xc6\xa5\xa7\x00\x00\x00\x5c\
\x8c\xeay\xfdMf\xfe\x9c\x03\xc0l\xdd==\xc4\x01\
\x00\xcc\x99F\xe9\x01\x00\xc0\xf9U\xfd\xeewIn\x95\
\xde\x01\x00?\xb3\xb1\x95\xc6oo$\x1b[\xa5\x97\x00\
\x00\x00\x9c\xcfd\x5c\x7fS\x99\xeb\x96\x00\xcc\xde\xd7\xed\
\xde\xe0A\xe9\x11\x00\xc0\xfb\x89.\x01`\x81U\xfdn\
'\xc9\xffI\xd2)\xbd\x05\x00~f\xad\x99\xc6o~\
\x97l]+\xbd\x04\x00\x00\xe0\xe3\x8c\xaaL\xff\xfe\xbf\
]\xb7\x04\xa0\x84\xbdvop\xb3\xf4\x08\x00\xe0\xc3<\
/\x0e\x00\x0b\xec\xf4Y\x89\xbb\xa5w\x00\xc0{M\xc6\
\x99\x0e\xff\x94\xe9\xf0O>\xa8\x04\x00\x00\x16\x87\xe7\xc4\
\x01(\xc7\xe7>\x00\xb0\x00D\x97\x00\xb0\xe0\xda\xbd\xc1\
\xd3$_\x97\xde\x01\x00\x1ft\xf02\xd3\xbf\xfd19\
>(\xbd\x04\x00\x00\xe0\xc3&\xe3L_\xfeg\xa6\xaf\
\x9e\x97^\x02\xc0\xea\xdai\xf7\x06\xfb\xa5G\x00\x00\xbf\
\xcc\xf3\xe2\x00\xb0$\xaa~\xf7\xbb$\xb7J\xef\x00\x80\
\x0f\xf2\xdc8\x00\x000\xaf\x0e\x87\x99~\xefJ?\x00\
E\xed\xb6{\x83\x9d\xd2#\x00\x80_\xe7\xd2%\x00,\
\x8f\xbb\xa9\x9f\x9d\x00\x80\xf9\xf4\xf6\xb9\xf1\xbf\xff\x97\x0f\
2\x01\x00\x80\xf90\x19g\xfa\x8f?\xfbs\x0a\x00\xa5\
\xed%\xb9_z\x04\x00p6.]\x02\xc0\x12\xa9\xfa\
\xdd\xed$\xcfJ\xef\x00\x80_\xd5l\xa5\xf1/\xff#\
\xd9\xd8*\xbd\x04\x00\x00XU\xc7\x07\x99~\xbf\x9f\x1c\
\x1f\x94^\x02\xc0j\x1b&\xb9\xdd\xee\x0d\xf6J\x0f\x01\
\x00\xce\xc6\xa5K\x00X\x22\xa7\x7f \xf7\x9d\x90\x00\xcc\
\xbf\xf1(\xd3\xbf\xfe!\xa9\x9e\x97^\x02\x00\x00\xac\xa2\
\xd7/2\xfd\xdb\x1f\x05\x97\x00\xcc\x83\xaf\x05\x97\x00\xb0\
X\x5c\xba\x04\x80%T\xf5\xbb\xdf$\xb9Sz\x07\x00\
\x9cI\xebj\x1a\xff\xf2\xdf\x93\xb5f\xe9%\x00\x00\xc0\
\xb2\x9b\x8c\xeb\xa7\xc4G\xafJ/\x01\x80$y\xd2\xee\
\x0d\xee\x96\x1e\x01\x00|\x1c\x97.\x01`9\xed$\xf1\
]\x91\x00,\x86\xd1\xabL\xff\xf2\x1f\xc9\xe1\xb0\xf4\x12\
\x00\x00`\x99\x1d\x0e\xeb?{\x08.\x01\x98\x0f\xfb\xa9\
?\xcf\x01\x00\x16\x8cK\x97\x00\xb0\xa4\xaa~w;\xc9\
wI:\xa5\xb7\x00\xc0\x99}~=\x8d\xf6\x17\xae^\
\x02\x00\x00\x17g2\xce\xb4z\x9e\xbc~Qz\x09\x00\
\xbc\xeb\xa6g\xc5\x01`1\xb9t\x09\x00K\xea\xf4\x0f\
\xea\xf7K\xef\x00\x80\x8f\xf2\xfaE\xa6\x7f\xfdCr|\
Pz\x09\x00\x00\xb0\x0cFU\xfdg\x0c\xc1%\x00\xf3\
\xe5\xbe\xe0\x12\x00\x16\x97K\x97\x00\xb0\xe4\xaa~\xf7q\
\x92{\xa5w\x00\xc0\xc7j\x5c\xfd\x22i\x7fQz\x06\
\x00\x00\xb0\xa8\xaa\xe7\x99\xbez^z\x05\x00\xfc\xd4\x93\
vop\xb7\xf4\x08\x00\xe0\xfcD\x97\x00\xb0\x02\xaa~\
\xf7Y\x92\xed\xd2;\x00\xe0\xa3ml\xa5\xf1/\xff#\
i\xb6J/\x01\x00\x00\x16\xc5\xf1A\xa6\xdf\xef\xbb\xa0\
\x0f\xc0<\xdaO\xfd\xac\xf8\xb0\xf4\x10\x00\xe0\xfc</\
\x0e\x00\xab\xe1v\x12\x7f\x80\x07`\xf1\x1c\x1fx\x0a\x10\
\x00\x008\xbb\xeay\xfdg\x08\xc1%\x00\xf3\xe9\xae\xe0\
\x12\x00\x16\x9f\xe8\x12\x00V\xc0\xe9\x1f\xe0=U\x01\xc0\
b\x9a\x8c3\xfd\xc7\x9f3}\xf9\x9f\xc9d\x5cz\x0d\
\x00\x000\x8fN\xbfa\xcbs\xe2\x00\xcc\xb1\xfb\xed\xde\
`\xaf\xf4\x08\x00\xe0\xd3y^\x1c\x00VH\xd5\xef~\
\x99\xe4a\xe9\x1d\x00pnk\xcd4~\xfb\xdf\x92+\
\x9d\xd2K\x00\x00\x80yQ=\x17[\x020\xefv\xdb\
\xbd\xc1N\xe9\x11\x00\xc0\xc5\x10]\x02\xc0\x8a\xa9\xfa\xdd\
\xc7I\xee\x95\xde\x01\x00\x9f\xe4J\xa7\x8e/\xd7\x9a\xa5\
\x97\x00\x00\x00\xa5\x1c\x1fd\xfa\xfd\xbe\xa7\xc4\x01\x98w\
{In{V\x1c\x00\x96\x87\xe7\xc5\x01`\xf5\xdcO\
\xfd\x07|\x00X\x5c\x87\xc3L\xff\xf2\x1f\xc9\xa1\xafU\
\x03\x00\xc0J\xaa\x9eg\xfa\xd7?\x08.\x01\x98w\xc3\
$;\x82K\x00X..]\x02\xc0\x0a\xaa\xfa\xdd\x1b\
I\x9e%\xf16+\x00\x8b\xcf\xd5K\x00\x00X\x1d\xae\
[\x02\xb0Xv\xda\xbd\xc1n\xe9\x11\x00\xc0\xc5\x12]\
\x02\xc0\x8a\xaa\xfa\xdd;I\xbe)\xbd\x03\x00.\xc4Z\
\xb3\x0e/\xaf\xf8~\x02\x00\x00XJ\x93q\xf2\xe6E\
\xa6\xaf\x9e\x97^\x02\x00g\xf5\xa8\xdd\x1b\xdc/=\x02\
\x00\xb8x\xa2K\x00XaU\xbf\xfb \xc9W\xa5w\
\x00\xc0\x85q\xf5\x12\x00\x00\x96\xcf\xa8\xcat\xb8\x9f\x8c\
G\xa5\x97\x00\xc0Y\xed\xb5{\x83\x9b\xa5G\x00\x00\x97\
Ct\x09\x00+\xae\xeaw\xbfIr\xa7\xf4\x0e\x00\xb8\
0k\xcd4\xda_$\x9f_/\xbd\x04\x00\x00\xf8\x14\
\x93q\xa6\xd5\xf3\xe4\xf5\x8b\xd2K\x00\xe0c\x0c\x93\xdc\
l\xf7\x06\xfb\xa5\x87\x00\x00\x97c\xbd\xf4\x00\x00\xa0\xb8\
\x9d$7\x92l\x17\xde\x01\x00\x17c2\xce\xf4\x1f\x7f\
N\x0e\xbfO\xa3\xf3\xdf\x92f\xab\xf4\x22\x00\x00\xe0c\
\x1d\x0e3\xfd\xfeO\xf5\xb3\xe2\x00\xb0X\xee\x0a.\x01\
`\xb9\xb9t\x09\x00\xa4\xeawo$y\x96\xa4Sx\
\x0a\x00\x5c\xac\xb5f\x1a\x9f_O\xda_\x94^\x02\x00\
\x00\x9c\xc5xt\xfaMT\xc3\xd2K\x00\xe0<\xben\
\xf7\x06\x0fJ\x8f\x00\x00.\x97\xe8\x12\x00H\x92T\xfd\
\xee\xad$\xdf\x95\xde\x01\x00\x97bc+\x8d\xdf\xdeH\
6\xb6J/\x01\x00\x00>\xe4\xf5\x8b\xfa9q\xd7-\
\x01XLO\xda\xbd\xc1\xdd\xd2#\x00\x80\xcb\xb7Vz\
\x00\x000\x1f\xda\xbd\xc1\xd3$\xf7K\xef\x00\x80Kq\
|\x90\xe9_\xffP_\xcc\xf1\x01.\x00\x00\xcc\x97Q\
\xe5\xf7\xeb\x00,\xba\xbd$;\xa5G\x00\x00\xb3\xe1\xd2\
%\x00\xf0#U\xbf\xfb8\xc9\xbd\xd2;\x00\xe0\xd24\
[i\xfc\xe6w\xc9\x95N\xe9%\x00\x00\xb0\xda&\xe3\
\xfa\xb2\xe5\xeb\x17\xa5\x97\x00\xc0\xa7\x18&\xb9\xdd\xee\x0d\
\xf6J\x0f\x01\x00fCt\x09\x00\xfcL\xd5\xef>K\
\xb2]z\x07\x00\x5c\xaa+\x9d:\xbel\xb6J/\x01\
\x00\x80\xd5s\xf0\xd2eK\x00\x96\xc5N\xbb7\xd8-\
=\x02\x00\x98\x9d\xf5\xd2\x03\x00\x80\xb9t;\xc9\xffI\
\xe2\x04\x18\x00\xcb\xebp\x98\xe9\xe8U\x1a\xed/\x92\xcf\
\xaf\x97^\x03\x00\x00\xab\xe1\xf8\xa0\x8e-G\xafJ/\
\x01\x80\x8b\xf0Hp\x09\x00\xab\xc7\xa5K\x00\xe0\xbd\xaa\
~w;\xc9w\x11^\x02\xb0\x0a6\xb6\xd2\xf8\xcd\xbf\
%\xadv\xe9%\x00\x00\xb0\x9c&\xe3\xe4\xcd\x8bL_\
=/\xbd\x04\x00.\xca\xd3vop\xbb\xf4\x08\x00`\
\xf6\xd6J\x0f\x00\x00\xe6S\xbb7\xd8Kr\xbf\xf4\x0e\
\x00\x98\x89\xe3\x83L_\xfe1\xd3\xe1\x9f<o\x08\x00\
\x00\x17\xed\xe0e\xa6\x7f\xf9\x0f\xc1%\x00\xcbd?\xc9\
\xdd\xd2#\x00\x802\x5c\xba\x04\x00~Q\xd5\xef>L\
\xf2e\xe9\x1d\x0003k\xcd4~\xf3\xbbd\xebZ\
\xe9%\x00\x00\xb0\xd8<%\x0e\xc0r\x1a&\xb9}z\
\xbc\x02\x00XA\xa2K\x00\xe0WU\xfd\xee7I\xee\
\x94\xde\x01\x003\xe5\xc9q\x00\x008\x9f\xc98\xd3\xea\
y\xf2\xfaE\xe9%\x00p\x19v\xda\xbd\xc1n\xe9\x11\
\x00@9\xeb\xa5\x07\x00\x00\x0ba'\xc9\x8d$\xdb\x85\
w\x00\xc0\xec\x9c>9\x9e\xadk\xf5\xe5\xcb\xb5f\xe9\
E\x00\x000\xff^\xbf\xa8\x83\xcb\xc9\xb8\xf4\x12\x00\xb8\
\x0c\x8f\x04\x97\x00\x80K\x97\x00\xc0\x99T\xfd\xee\x8d$\
\xcf\x92t\x0aO\x01\x80\xd9[k\xa6\xd1\xfe\x22\xf9\xfc\
z\xe9%\x00\x000\x9fFU\xa6\xff\xf8\xff\x93\xe3\x83\
\xd2K\x00\xe0\xb2<m\xf7\x06\xb7K\x8f\x00\x00\xca[\
+=\x00\x00X\x0c\xed\xde`?\x89/&\x00\xb0\x9a\
&\xe3L\xff\xf1\xe7L\xff\xfa\x87dT\x95^\x03\x00\
\x00\xf3c<\xca\xf4\xef\xffU_\x89\x17\x5c\x02\xb0\xbc\
\xf6\x92\xdc-=\x02\x00\x98\x0f.]\x02\x00\x1f\xa5\xea\
w\xef%y\x5cz\x07\x00\x14u\xa5S?9\xdel\
\x95^\x02\x00\x00eL\xc6\xc9\x9b\x17\x99\xbez^z\
\x09\x00\x5c\xb6a\x92\xdb\xed\xde`\xaf\xf4\x10\x00`>\
\x88.\x01\x80\x8fV\xf5\xbb\x0f\x92|Uz\x07\x00\x94\
\xd6\xb8\xfaE\xf2\xd9\xf5d\xadYz\x0a\x00\x00\xcc\xce\
\xc1\xcbL\xff\xf1\xe7:\xbc\x04\x80\xe5w\xb7\xdd\x1b<\
)=\x02\x00\x98\x1f\xa2K\x00\xe0\x5c\xaa~\xf7q\x92\
{\xa5w\x00@qk\xcd\xfa\xea\xe5\xd6\xb5\xd2K\x00\
\x00\xe0r\x8d\xaaL\x87\xfb\xc9xTz\x09\x00\xcc\xca\
\xfdvo\xf0\xa8\xf4\x08\x00`\xbe\x88.\x01\x80s\xa9\
\xfa\xddN\x92\xef\x92l\x97\xde\x02\x00sac+\x8d\
\xdf\xfc[\xd2j\x97^\x02\x00\x00\x17k<\xcat\xf8\
\xa7d\xf4\xaa\xf4\x12\x00\x98\xa5\xddvo\xb0Sz\x04\
\x000\x7fD\x97\x00\xc0\xb9\x9d\x86\x97\xcf\x92\xdc(<\
\x05\x00\xe6\xc7\x95N}\xf9\xb2\xd9*\xbd\x04\x00\x00>\
\xcdx\x94\xe9\xab\xe7\xc9\xc1\xcb\xd2K\x00`\xd6\xf6\x92\
\xdcn\xf7\x06\xc3\xd2C\x00\x80\xf9#\xba\x04\x00>I\
\xd5\xefn\xa7\xbex\xd9)\xbd\x05\x00\xe6\xca\xe7\xd7\xd3\
h\x7f\x91\xac5K/\x01\x00\x80\x8f3\x19'o^\
d\xfa\xfaE\xfdc\x00X-\xc3$\xff.\xb8\x04\x00\
>Dt\x09\x00|\xb2\xaa\xdf\xbd\x93\xe4\x9b\xd2;\x00\
`\xee\xac5\xd3\xf8\xfcz\xd2\xfe\xa2\xf4\x12\x00\x008\
\x9b\x83\x97\x99\xfe\xe3\xcfbK\x00V\xd50\xf5\x85\xcb\
\xbd\xd2C\x00\x80\xf9%\xba\x04\x00.D\xd5\xef\xdeK\
\xf2\xb8\xf4\x0e\x00\x98K\xcdV\x1aW\xbfH\xb6\xae\x95\
^\x02\x00\x00\xefw\xf0\xb2~J|<*\xbd\x04\x00\
J\xdai\xf7\x06\xbb\xa5G\x00\x00\xf3Mt\x09\x00\x5c\
\x98\xaa\xdf}\x9c\xe4^\xe9\x1d\x000\xb76\xb6\xd2\xf8\
\xcd\xbf%\xadv\xe9%\x00\x00P\x1bUul9z\
Uz\x09\x00\x94\xf6u\xbb7xPz\x04\x000\xff\
D\x97\x00\xc0\x85\x12^\x02\xc0\x19\xb4\xae\xa6\xf1\x9b\xdf\
%\x1b[\xa5\x97\x00\x00\xb0\xaa\xc4\x96\x00\xf0\xae\xddv\
o\xb0Sz\x04\x00\xb0\x18\xd6J\x0f\x00\x00\x96\xce\xfd\
${\xa5G\x00\xc0\x5c\x1b\xbd\xca\xf4\xaf\x7f\xc8t\xf8\
'\xcf7\x02\x000[\xe3Q\xa6\x7f\xff\xafL_\xfe\
Qp\x09\x00\xb5\xbd\xd4\x9fm\x00\x00\x9c\x89K\x97\x00\
\xc0\x85\xab\xfa\xddN\x92gIn\x14\x9e\x02\x00\x8ba\
\xebZ}\xf9r\xadYz\x09\x00\x00\xcbj<\xaa/\
[\x1e\xbc,\xbd\x04\x00\xe6\xc9~\x92\x9b\xed\xde`X\
z\x08\x00\xb08D\x97\x00\xc0\xa5\xa8\xfa\xdd\xed$\xdf\
%\xe9\x94\xde\x02\x00\x0ba\xad\x99\xc6\xe7\xd7\x93\xcf\xae\
\x8b/\x01\x00\xb88bK\x00\xf8\x90a\x92\xdb\xed\xde\
\xc0\xeb]\x00\xc0G\x11]\x02\x00\x97\xe64\xbc|V\
z\x07\x00,\x14\xf1%\x00\x00\x17a2\xce\xb4z\x9e\
\xbc~Qz\x09\x00\xcc\xab\xbb\xed\xde\xe0I\xe9\x11\x00\
\xc0\xe2\x11]\x02\x00\x97\xaa\xeaw\xef%y\x5cz\x07\
\x00,\x9c\xb7\xf1e\xfb\x8b\xd2K\x00\x00X$\x93q\
\xf2\xe6E\xa6\xaf_\xd4?\x06\x00\xdeg\xa7\xdd\x1b\xec\
\x96\x1e\x01\x00,&\xd1%\x00p\xe9\xaa~\xf7\xcb$\
\x0fK\xef\x00\x80\x85\xd4l\xa5q\xf5\x8bd\xebZ\xe9\
%\x00\x00\xcc3\xb1%\x00\x9c\xd5n\xbb7\xd8)=\
\x02\x00X\x5c\xa2K\x00`&\xaa~\xf7q\x92{\xa5\
w\x00\xc0\xc2\x12_\x02\x00\xf0>bK\x00\xf8\x18O\
\xda\xbd\xc1\xdd\xd2#\x00\x80\xc5&\xba\x04\x00fFx\
\x09\x00\x17@|\x09\x00@\x22\xb6\x04\x80\x8f\xb7\x97\xe4\
v\xbb7\x18\x96\x1e\x02\x00,6\xd1%\x0003U\
\xbf\xdbI\xf2]\x92\xed\xd2[\x00`\xe1\x89/\x01\x00\
V\x93\xd8\x12\x00\xcec\x98\xe4\xdf\x05\x97\x00\xc0E\x10\
]\x02\x003%\xbc\x04\x80\x0b&\xbe\x04\x00X\x0d\xe3\
Q\x1dZ\x1e\xbc\x14[\x02\xc0\xc7\x19\xa6\xbep\xb9W\
z\x08\x00\xb0\x1cD\x97\x00\xc0\xccU\xfd\xee\x8d$\xcf\
\x92t\x0aO\x01\x80\xe5!\xbe\x04\x00XN\xe3Q\xa6\
\xaf\x9e\xd7\xb1%\x00p\x1e\xb7\xdb\xbd\xc1\xd3\xd2#\x00\
\x80\xe5!\xba\x04\x00\x8a\xa8\xfa\xdd\xed\xd4\x17/\x85\x97\
\x00p\x91\xc4\x97\x00\x00\xcbAl\x09\x00\x17a\xa7\xdd\
\x1b\xec\x96\x1e\x01\x00,\x17\xd1%\x00P\xccix\xf9\
\xac\xf4\x0e\x00XJk\xcd4>\xbf\x9e|v=Y\
k\x96^\x03\x00\xc0Y\x8d\xaaL\xdf\xbc\x14[\x02\xc0\
\xa7{\xd4\xee\x0d\xee\x97\x1e\x01\x00,\x1f\xd1%\x00P\
T\xd5\xef\xdeK\xf2\xb8\xf4\x0e\x00XZ\xe2K\x00\x80\
\xc50\xaa\xea\xcb\x96\xa3W\xa5\x97\x00\xc02\xd8m\xf7\
\x06;\xa5G\x00\x00\xcbIt\x09\x00\x14'\xbc\x04\x80\
\x19\x10_\x02\x00\xcc\xa7\x83\x97\x99\xbe\xf9\x9b\xd8\x12\x00\
.\xce\xd3vop\xbb\xf4\x08\x00`y\x89.\x01\x80\
\xb9P\xf5\xbb\x0f\x93|Yz\x07\x00\xac\x84\xadki\
\x5c\xfd\x22i\xb6J/\x01\x00X]\x07/\xeb\xcb\x96\
\xe3Q\xe9%\x00\xb0L\xf6\x92\xdcn\xf7\x06\xc3\xd2C\
\x00\x80\xe5%\xba\x04\x00\xe6F\xd5\xef>Nr\xaf\xf4\
\x0e\x00X\x19[\xd7\xea\xeb\x97\x1b[\xa5\x97\x00\x00\xac\
\x86\xc98y\xf3\x22\xd3\xd7/\xea\x1f\x03\x00\x17i\x98\
\xe4\xdf\x05\x97\x00\xc0e\x13]\x02\x00sEx\x09\x00\
\x05\xb4\xae\xd6\x97/[\xed\xd2K\x00\x00\x96\xd3xT\
\x87\x96\x07/\xc5\x96\x00p9\x86\xa9/\x5c\xee\x95\x1e\
\x02\x00,?\xd1%\x000w\xaa~\xf7Y\x92\xed\xd2\
;\x00`\xe5ll\xd5\x97/\xb7\xae\x95^\x02\x00\xb0\
\x1cFU\xa6o^\xd6\xb1%\x00pY\x04\x97\x00\xc0\
L\xad\x97\x1e\x00\x00\xf0\x1e\xb7\x93|\x17\xe1%\x00\xcc\
\xd6\xf1A\xa6\xc3?%\xaf\x9e\xd7\x97/7;\xc9Z\
\xb3\xf4*\x00\x80\xc5s8\xcc\xf4\xf5_\x92\xd1\xab\xd2\
K\x00`\x15\xdc\x17\x5c\x02\x00\xb3\xe4\xd2%\x000\x97\
\xaa~\xb7\x13\xe1%\x00\x94\xb5\xd6\xfc\xe1\xf2e\xb3U\
z\x0d\x00\xc0|\x9b\x8c\x93\xa3a\xa6\xaf\x9e'\xe3Q\
\xe95\x00\xb0*v\xda\xbd\xc1n\xe9\x11\x00\xc0j\x11\
]\x02\x00s\xab\xeawo$y\x96\xa4Sx\x0a\x00\
\xb0u\xad\x0e07\xb6J/\x01\x00\x98/\xe3Q\xa6\
\xaf_\xd4O\x88O\xc6\xa5\xd7\x00\xc0*y\xd4\xee\x0d\
\xee\x97\x1e\x01\x00\xac\x1e\xd1%\x000\xd7\xaa~w;\
\xf5\xc5K\xe1%\x00\xcc\x83\xd6\xd54>\xff\x7f\x92+\
\xfe\xaf\x19\x00Xq\xa3*\xd37/\xeb\xd8\x12\x00\x98\
\xb5\xddvo\xb0Sz\x04\x00\xb0\x9aD\x97\x00\xc0\xdc\
\x13^\x02\xc0\x1cj\xb6\xd2\xb8\xfaE\xb2\xd9I\xd6\x9a\
\xa5\xd7\x00\x00\xcc\xce\xc1\xcb\xfa\xb2\xe5\xf1A\xe9%\x00\
\xb0\xaa\x04\x97\x00@Q\xa2K\x00`!\x08/\x01`\
N\xad5\x7fxz\xbc\xd9*\xbd\x06\x00\xe0r\x8cG\
?\xc4\x96\x9e\x10\x07\x80\x92\xf6\x92\xdcn\xf7\x06\xc3\xd2\
C\x00\x80\xd5%\xba\x04\x00\x16F\xd5\xef\xdeK\xf2\xb8\
\xf4\x0e\x00\xe0\x03\xaet\xea\xf8\xb2\xd5.\xbd\x04\x00\xe0\
b\x8c\xaa:\xb4<\xd4u\x00\xc0\x1c\x10\x5c\x02\x00s\
At\x09\x00,\x14\xe1%\x00,\x00O\x8f\x03\x00\x8b\
l2N\x8e\x86\x99\xbez^_\xb8\x04\x00\xe6\x81\xe0\
\x12\x00\x98\x1b\xa2K\x00`\xe1\x08/\x01`Axz\
\x1c\x00X$\xc7\x07\xf5U\xcb\xa3\xa1'\xc4\x01`\xbe\
\x0cS\x07\x97{\xa5\x87\x00\x00$\xa2K\x00`A\x09\
/\x01`\xc1\x5c\xe9\xa4\xb1\xf5\xaf\xc9\x95N\xe9%\x00\
\x00?v\xf02\xd37\x7fKF\xafJ/\x01\x00~\
Np\x09\x00\xcc\x1d\xd1%\x00\xb0\xb0\xaa~\xf7a\x92\
/K\xef\x00\x00>B\xb3U_\xbe\xdc\xba\xe6\xe9q\
\x00\xa0\x9c\xf1\xa8\xbejy\xf0\xd2UK\x00\x98_\x82\
K\x00`.\x89.\x01\x80\x85V\xf5\xbb\x8f\x93\xdc+\
\xbd\x03\x008\x87\xadki|v-i\xb5K/\x01\
\x00V\x85\xab\x96\x00\xb0H\xee\xb6{\x83'\xa5G\x00\
\x00\xfc\x94\xe8\x12\x00Xx\xc2K\x00Xp\xcdV\x1a\
W\xbfH6;\xae_\x02\x00\x17\xcfUK\x00XD\
;\xed\xde`\xb7\xf4\x08\x00\x80\xf7\x11]\x02\x00KA\
x\x09\x00K`\xad\x99lv\xea\xe7\xc77\xb6J\xaf\
\x01\x00\x16\x9d\xab\x96\x00\xb0\xa8\x04\x97\x00\xc0\x5c\x13]\
\x02\x00KCx\x09\x00Kdc\xab\x8e/]\xbf\x04\
\x00>\xc6\xf1A}\xd5\xf2h\xe8\xaa%\x00,&\xc1\
%\x000\xf7D\x97\x00\xc0R\x11^\x02\xc0\x12\xda\xba\
\x96\xc6g\xd7\x92V\xbb\xf4\x12\x00`\x1eM\xc6\xf5U\
\xcb\x83\x97\xc9\xf1A\xe95\x00\xc0\xf9=j\xf7\x06\xf7\
K\x8f\x00\x00\xf85\xa2K\x00`\xe9T\xfd\xee\xb3$\
\xdb\xa5w\x00\x00\x17\xac\xd9\xaa\xaf_n]s\xfd\x12\
\x00H\x0e\x87\x99\x1e~\x9f\x1c\xbc,\xbd\x04\x00\xf8t\
\xbb\xed\xde`\xa7\xf4\x08\x00\x80\xb3\x10]\x02\x00K\xa7\
\xeaw;I\xbe\x8b\xf0\x12\x00\x96\xd7\x95N\x1a[\xff\
\x9a\x5c\xe9\x94^\x02\x00\xcc\xd2xT?\x1f~8L\
\xc6\xa3\xd2k\x00\x80\x8b!\xb8\x04\x00\x16\x8a\xe8\x12\x00\
XJ\xc2K\x00X\x11\xcdV\x1d`~~\xbd\xfe1\
\x00\xb0|&\xe3\xe4hX\xc7\x96\x9e\x0f\x07\x80e#\
\xb8\x04\x00\x16\x8e\xe8\x12\x00XZ\xc2K\x00X1\x1b\
[u|\xb9\xd9\xf1\xfc8\x00,\x03\xcf\x87\x03\xc0\xb2\
\x13\x5c\x02\x00\x0bIt\x09\x00,5\xe1%\x00\xac\xa0\
\xb5f\xb2\xd9I\xe3\xb3kI\xab]z\x0d\x00\xf01\
\x8e\x0f2=xY\x87\x96\x93q\xe95\x00\xc0\xe5\xd9\
Kr\xbb\xdd\x1b\x0cK\x0f\x01\x00\xf8X\xa2K\x00`\
\xe9\x09/\x01`\x85y~\x1c\x00\xe6\xdfxT_\xb5\
|\xfd\xa2\xfe1\x00\xb0\xec\x04\x97\x00\xc0B\x13]\x02\
\x00+Ax\x09\x00x~\x1c\x00\xe6\xc8d\x9c\x1c\x0d\
3}\xf3\xb7d\xf4\xaa\xf4\x1a\x00`v\x04\x97\x00\xc0\
\xc2\x13]\x02\x00+Cx\x09\x00\xfc\xd3\x95N\x1aW\
~\x9bl]+\xbd\x04\x00V\xcb\xc1\xcbL\x0f\xbfO\
\x0eu\x16\x00\xb0\x82\x04\x97\x00\xc0R\x10]\x02\x00+\
Ex\x09\x00\xfc\xc8Z3\xd9\xec\xa4\xf1\xd9\xb5\xa4\xd5\
.\xbd\x06\x00\x96\xd3\xe1\xb0\x0e-\x8f\x86\xf5\x85K\x00\
`\x15\x09.\x01\x80\xa5!\xba\x04\x00V\x8e\xf0\x12\x00\
x\xaff\xab\xbe\x80\xb9u-\xd9\xd8*\xbd\x06\x00\x16\
\x9b\xd0\x12\x00\xf8\x81\xe0\x12\x00X*\xa2K\x00`%\
\x09/\x01\x80_\xd4l\xa5\xf1\xf9\xf5\xe4J\xa7\x8e1\
\x01\x80_w|\x90\xe9\xc1\xcb\xfa\xe9\xf0\xf1\xa8\xf4\x1a\
\x00`>\x08.\x01\x80\xa5#\xba\x04\x00V\x96\xf0\x12\
\x008\x93\x8d\xad\xfa\xfa\xa5\x00\x13\x00~Nh\x09\x00\
|\x98\xe0\x12\x00XJ\xa2K\x00`\xa5\x09/\x01\x80\
\x8f\xf26\xc0\xdc\xba\x96\xac5K\xaf\x01\x802\x84\x96\
\x00\xc0\xaf\x13\x5c\x02\x00KKt\x09\x00\xac<\xe1%\
\x00p.W:i\x5c\xf9m\xb2\xd9\x11`\x02\xb0\xfc\
\x84\x96\x00\xc0\xd9\x0d\x93\xfc\xbb\xe0\x12\x00XV\xa2K\
\x00\x80\x08/\x01\x80O$\xc0\x04`\x19\x1d\x0e3=\
\xfc>9\x1a&\x93q\xe95\x00\xc0b\x18\xa6\xbep\
\xb9Wz\x08\x00\xc0e\x11]\x02\x00\x9c\x12^\x02\x00\
\x17B\x80\x09\xc0\x22\x13Z\x02\x00\xe7'\xb8\x04\x00V\
\x82\xe8\x12\x00\xe0\x1d\xc2K\x00\xe0Bml\xa5\xb1u\
-\xb9\xd2I\x9a\xad\xd2k\x00\xe0\xe7&\xe3\xe4\xe84\
\xb4<\xf4\x02(\x00pn\x82K\x00`e\x88.\x01\
\x00~Bx\x09\x00\x5c\x0a\x01&\x00\xf3b<\xaa/\
Z\x8e*\xa1%\x00p\x11\x04\x97\x00\xc0J\x11]\x02\
\x00\xbc\x87\xf0\x12\x00\xb8T\x1b[I\xebj\x1dan\
l\x95^\x03\xc0*8>8\xbdh9\xac\x7f\x0c\x00\
p1\x04\x97\x00\xc0\xca\x11]\x02\x00|\x80\xf0\x12\x00\
\x98\x89f+\xb9\xd2I\xe3J'i\xb5K\xaf\x01`\
\x99\x1c\x9e>\x1b>zU_\xb7\x04\x00\xb8X{I\
v\x04\x97\x00\xc0\xaa\x11]\x02\x00\xfc\x82\xd3\xf0\xf2a\
\x92{\x85\xa7\x00\x00\xab`\xad\x99lv\xd2\xb8\xf2\xdb\
\xfa\x19r\x00\xf8\x18\xe3Q2zU\x87\x96\x9e\x0d\x07\
\x00.\xd7^\xea\x0b\x97~\xd3\x01\x00\xac\x1c\xd1%\x00\
\xc0\x19T\xfd\xee\xe3\x08/\x01\x80Y\xbbr\x1a`\xb6\
\xae\xd6\x171\x01\xe0\xa7<\x1b\x0e\x00\xcc\x9e\xe0\x12\x00\
Xi\xa2K\x00\x803\x12^\x02\x00Eml\xd5O\
\x90ov\x92\x8d\xad\xd2k\x00(e2\xae#\xcb\xa3\
*9\x1a\xd6\x7f\x0f\x000;\x82K\x00`\xe5\x89.\
\x01\x00>\x82\xf0\x12\x00\x98\x0b\xcdV\xd2\xba\xea\x19r\
\x80U\xe1\x9a%\x000\x1f\x04\x97\x00\x00\x11]\x02\x00\
|4\xe1%\x000w\xaet\xd2h\xb5\xeb\x00\xd33\
\xe4\x00\x8b\xcf5K\x00`\xfe\x08.\x01\x00N\x89.\
\x01\x00\xceAx\x09\x00\xcc\xad\x8d\xad\xd3+\x98\x9d\xa4\
\xd5.\xbd\x06\x80\xb3\x1aU\xf5%\xcb\xd1+\xd7,\x01\
\x80y#\xb8\x04\x00x\x87\xe8\x12\x00\xe0\x9c\xaa~\xf7\
^\x92\xc7\xa5w\x00\x00|\xd0Z\xf3\x87g\xc8[W\
]\xc1\x04\x98'\xc7\x07\xc9\xe8U\xa6\xa3\xaa\x0e-]\
\xb3\x04\x00\xe6\x93\xe0\x12\x00\xe0'D\x97\x00\x00\x9f@\
x\x09\x00,\x94\xb7W0\xdf>E\x0e\xc0\xec\xbc\xfb\
d\xf8\xe8U2\x1e\x95^\x04\x00\xf0k\x04\x97\x00\x00\
\xef!\xba\x04\x00\xf8D\xc2K\x00`a]\xe9\xd4\x01\
f\xebj\x1dd\x02pq&\xe3\x1f_\xb2\xf4d8\
\x00\xb0X\x9e&\xb9+\xb8\x04\x00\xf89\xd1%\x00\xc0\
\x05\x10^\x02\x00\x0b\xaf\xd9\xaa\xaf`n\xb6\x93\xcdN\
\xfd49\x00\x1f\xe74\xb0\xfc\xe75K\x00\x80\xc5\xb4\
\xdb\xee\x0dvJ\x8f\x00\x00\x98W\xa2K\x00\x80\x0bR\
\xf5\xbb\xdbI\xbeK\xe2\xadN\x00`\xf1y\x8a\x1c\xe0\
\xd7\x89,\x01\x80\xe5#\xb8\x04\x00\xf8\x15\xa2K\x00\x80\
\x0b$\xbc\x04\x00\x96\xd6\xbbW0=E\x0e\xac*\x91\
%\x00\xb0\xdc\x04\x97\x00\x00g \xba\x04\x00\xb8`\xc2\
K\x00`\xe9\xad5\x7f\xb8\x82\xd9\xba*\xc2\x04\x96\x97\
\xc8\x12\x00X\x1d\x82K\x00\x803\x12]\x02\x00\x5c\x82\
\xd3\xf0\xf2q\x92\xed\xd2[\x00\x00.\x9d\x08\x13X\x06\
\x93q\x1dV\x9e\x1c\x88,\x01\x80U\xf3u\xbb7x\
Pz\x04\x00\xc0\xa2\x10]\x02\x00\x5c\x92\xaa\xdf\xed\xa4\
\xbex)\xbc\x04\x00VK\xb3\xf5\xc3s\xe4\xad\xab\xf5\
\xdf\x03\xcc\x9b\xf1(9~\x93\xe9\xe95\xcb\x1c\x1f\x94\
^\x04\x00P\xc2N\xbb7\xd8-=\x02\x00`\x91\x88\
.\x01\x00.\x91\xf0\x12\x00 .a\x02\xf3\xe1\xf8\xa0\
~*\xfc\xf4?3\x1e\x95^\x04\x00P\x9a\xe0\x12\x00\
\xe0\x1cD\x97\x00\x00\x97\xec4\xbc|\x98\xe4^\xe1)\
\x00\x00\xf3A\x84\x09\x5c\xb6\xc9899\x8d,\x8f\xaa\
\xe4\xe4M\xfds\x00\x00\xbc%\xb8\x04\x008'\xd1%\
\x00\xc0\x8cT\xfd\xee\xe3\x08/\x01\x00\xde\xef\xdd\xe7\xc8\
[\xed\xd2k\x80Es|\x90\x9c\xbc\xf9!\xb0\xf4T\
8\x00\xc0\x87\x0c\x93\xdcm\xf7\x06OK\x0f\x01\x00X\
T\xa2K\x00\x80\x19\x12^\x02\x00\x9c\xd1\xe9\x05\xcc\x7f\
^\xc3\x5ck\x96^\x04\xcc\x0bW,\x01\x00\xcek\x98\
\xe4v\xbb7\xd8+=\x04\x00`\x91\x89.\x01\x00f\
\xac\xeaw\xef%y\x5cz\x07\x00\xc0Bi\xb6\xeak\
\x98\x1b[\x9e$\x87U3\xaa\x92\xe37\x99\x1e\xd7\xa1\
e\xc6\xa3\xd2\x8b\x00\x00\x16\x91\xe0\x12\x00\xe0\x82\x88.\
\x01\x00\x0a\x10^\x02\x00|\xa2\xb5f\xb2\xfe\xd9\x0fO\
\x92\xafo\xb9\x86\x09\xcb\xc03\xe1\x00\x00\x97a/\xf5\
\x93\xe2\xfb\xa5\x87\x00\x00,\x03\xd1%\x00@!U\xbf\
{+\xc97I:\x85\xa7\x00\x00,\x87\x8d\xad:\xc4\
t\x0d\x13\x16\xc3\xdb\xc0\xf2\xf8\xa0\xfe\xf1\xe8U\xe9E\
\x00\x00\xcbh/\xf5\x85\xcba\xe9!\x00\x00\xcbBt\
\x09\x00PP\xd5\xefn'\xf9.\xc2K\x00\x80\xcbq\
\x1a_6Z\xedd\xe3\xb3\xfa\x99r`\xf6\x04\x96\x00\
\x00%\x08.\x01\x00.\x81\xe8\x12\x00\xa0\xb0\xd3\xf0\xf2\
q\x92\xed\xd2[\x00\x00\x96\xdeZ3i]\xfd\xe1\x1a\
\xa6g\xc9\xe1\xe2\x8d\xaa\xe4\xf84\xb0\xf4D8\x00@\
)\xbb\xed\xde`\xa7\xf4\x08\x00\x80e$\xba\x04\x00\x98\
\x03U\xbf\xdbI}\xf1Rx\x09\x000k\xcdV\xb2\
\xf1\x99\x10\x13>\xd6xT\xff5zuz\xc1\xf2M\
\xfd\xf7\x00\x00\x94&\xb8\x04\x00\xb8D\xa2K\x00\x809\
q\x1a^>Nr\xa7\xf4\x16\x00\x80\x95'\xc4\x84\x1f\
\x1bU\xc9\xf8\xe8\x87\xe7\xc1O\xde$\x93q\xe9U\x00\
\x00\xfc\xdc\xfdvo\xf0\xa8\xf4\x08\x00\x80e&\xba\x04\
\x00\x983U\xbf\xfb8\xc9\xbd\xd2;\x00\x00\xf8\x89\x9f\
\x86\x98\xcdV\xfd\x17,\x93\xe3\x83d|\x94\x9c\x1c\xb8\
^\x09\x00\xb0xv\xda\xbd\xc1n\xe9\x11\x00\x00\xcbN\
t\x09\x000\x87\xaa~\xf7A\x92\xafJ\xef\x00\x00\xe0\
W\xac5\x93\xf5\xcf\xd2\xd8l\xd7\x01\xe6\xfag\xc9\xc6\
V\xe9U\xf0\xeb\xde}\x1a\xfcdT_\xae<>(\
\xbd\x0a\x00\x80\xf3\x19\xa6\x0e.\x9f\x94\x1e\x02\x00\xb0\x0a\
D\x97\x00\x00s\xaa\xeaw\xef\xa5~n\x1c\x00\x80E\
sz\x09\xb3\xb1\xb1\x95l|\xe6yr\xcay\xf7r\
\xe5\xc9\x0f\xa1%\x00\x00Kc\x98\xe4v\xbb7\xd8+\
=\x04\x00`U\x88.\x01\x00\xe6X\xd5\xef\xdeJ\xf2\
M\x92N\xe1)\x00\x00|\xaa\x9f^\xc5ln&\xad\
v\xe9U,\x8bQU\xc7\x95\xe3Q\xfd,\xf8\xf8\xc8\
\xe5J\x00\x80\xe5\xb7\x97\xfa\xc2\xa5\xe0\x12\x00`\x86D\
\x97\x00\x00s\xae\xeaw\xb7\x93|\x17\xe1%\x00\xc0r\
\xda\xd8J\x9a\x9b\xf5U\xcc\xf5\xfa\xc7\x9e(\xe7\xbd\xde\
}\x12|2\xae\xa3\xca\x937\xc9d\x5cz\x19\x00\x00\
\xb3\xb7\x97\xfa\xc2\xe5\xb0\xf4\x10\x00\x80U#\xba\x04\x00\
X\x00U\xbf\xdbI\x1d^n\x97\xde\x02\x00\xc0\x8c\xfc\
4\xc6\x5c[w\x19s\x15\xbc\x0d+\x8f\xdf$\xd3q\
\xa6GU2=q\xb5\x12\x00\x80w=I}\xe1R\
p\x09\x00P\x80\xe8\x12\x00`A\x9c\x86\x97\x8f\x93\xdc\
)\xbd\x05\x00\x80\x82N\x9f&ol\xb6\x93F3\xd9\
\xf8\xec4\xcal\x96^\xc6Y\x1d\x1f$\xd3\xb1\xb0\x12\
\x00\x80\xf3\xd8m\xf7\x06;\xa5G\x00\x00\xac2\xd1%\
\x00\xc0\x82\xa9\xfa\xdd\xc7I\xee\x95\xde\x01\x00\xc0\x1cj\
]M\x9a\xad4\xd6[\xaec\x964\x19''\x07\xc9\
\xe4$99\xc8\xf4\xe4\xf4z\xe5\xf8\xa8\xfeO\x00\x00\
8\x9f\xfb\xed\xde\xe0Q\xe9\x11\x00\x00\xabNt\x09\x00\
\xb0\x80\xaa~\xf7\xcb$\x0fK\xef\x00\x00`A\x9c^\
\xc7\xcc\xc6V\x1ak\xcd:\xceL\x04\x99\xe7\xf5\xd3\xa8\
r2>\xbd^\xe9Z%\x00\x00\x97f\xa7\xdd\x1b\xec\
\x96\x1e\x01\x00\x80\xe8\x12\x00`aU\xfd\xee\xbd\xd4\xe1\
e\xa7\xf0\x14\x00\x00\x16\xd9Z3Y\xff\xec\x87\x0b\x99\
o\x03\xcdU~\xb2\xfc\xed\xf3\xdf\xa7\x97)E\x95\x00\
\x00\x144Lr\xbb\xdd\x1b\xec\x95\x1e\x02\x00@Mt\
\x09\x00\xb0\xc0\xaa~w;\xc9w\x11^\x02\x00pY\
6\xb6\x92\xc6\xfa\x0fW2\xdf>[\xde<\x0d4\x17\
\xcd\x87\x82\xca$\x19\xbd*\xbb\x0d\x00\x00~l?\xc9\
]\xc1%\x00\xc0|\x11]\x02\x00,\xb8\xaa\xdf\xbd\x91\
\xe4\x9b$\xdb\x85\xa7\x00\x00\xb0\x8a\xde^\xc6\x5ck\xa6\
\xb1\xb1U\xff\xdc\xdb\xe7\xcbgy-s<\xaa\xffJ\
\xfe\x19ONON\x7f\xce\x85J\x00\x00\x16\xcf^\xea\
\x0b\x97\xc3\xd2C\x00\x00\xf81\xd1%\x00\xc0\x12\xa8\xfa\
\xddN\x92\xc7I\xee\x94\xde\x02\x00\x00?\xf36\xccL\
\xd2\xd8l\xd7?\xd7h&\x1b\x9f\xbd\xf3\xcf\xdfs5\
s2NNNc\xc9\xd3\xcb\x94I2=>\xa8\xff\
\x99\x98\x12\x00\x80\xe5\xb4\x9b\xe4\xbe\xe0\x12\x00`>\x89\
.\x01\x00\x96H\xd5\xef>Nr\xaf\xf4\x0e\x00\x008\
\xb7\xb5f\x1dT\x02\x00\xc0jz\xd4\xee\x0d\xee\x97\x1e\
\x01\x00\xc0\x87\x89.\x01\x00\x96L\xd5\xef\xdeK}\xf5\
\x12\x00\x00\x00\x00\x80\xc5\xb1\xd3\xee\x0dvK\x8f\x00\x00\
\xe0\x97\x89.\x01\x00\x96P\xd5\xef\xdeJ\xf2M\x92N\
\xe1)\x00\x00\x00\x00\x00\xfc\xb2a\x92\xbb\xed\xde\xe0i\
\xe9!\x00\x00\xfc\xba\xb5\xd2\x03\x00\x00\xb8x\xa7_\x9c\
\xbb\x9dd\xaf\xf0\x14\x00\x00\x00\x00\x00>l?\xc9m\
\xc1%\x00\xc0\xe2p\xe9\x12\x00`\x89U\xfdn'\xf5\
\xc5\xcb[\x85\xa7\x00\x00\x00\x00\x00\xf0c{\xa9\x83\xcb\
a\xe9!\x00\x00\x9c\x9d\xe8\x12\x00`\x05T\xfd\xee\xe3\
$\xf7J\xef\x00\x00\x00\x00\x00 I\xb2\xdb\xee\x0dv\
J\x8f\x00\x00\xe0\xe3y^\x1c\x00`\x05\x9c~\xf1\xce\
\x17\xf0\x00\x00\x00\x00\x00\xca\xbb/\xb8\x04\x00X\x5c.\
]\x02\x00\xac\x90\xaa\xdf\xbd\x95\xfa\xb9\xf1N\xe1)\x00\
\x00\x00\x00\x00\xabf\x98d\xa7\xdd\x1b<)=\x04\x00\
\x80\xf3\x13]\x02\x00\xac\x98\xaa\xdf\xbd\x91:\xbc\xdc.\
<\x05\x00\x00\x00\x00`U\xec'\xb9\xdb\xee\x0d\xf6J\
\x0f\x01\x00\xe0\xd3\x88.\x01\x00VP\xd5\xefv\x92<\
Nr\xa7\xf4\x16\x00\x00\x00\x00\x80%\xb7\x97\xe4v\xbb\
7\x18\x96\x1e\x02\x00\xc0\xa7\x13]\x02\x00\xac\xb0\xaa\xdf\
}\xbf\x08\x880\x00\x00 \x00IDAT\x90\xe4\xab\
\xd2;\x00\x00\x00\x00\x00\x96\xd4n\xbb7\xd8)=\x02\
\x00\x80\x8b#\xba\x04\x00XqU\xbf{/\xc9\xc3$\
\x9d\xc2S\x00\x00\x00\x00\x00\x96\xc9\xfdvo\xf0\xa8\xf4\
\x08\x00\x00.\x96\xe8\x12\x00\x80T\xfd\xeev\x92o\x92\
\xdc(<\x05\x00\x00\x00\x00`\xd1\x0d\x93\xdcm\xf7\x06\
OK\x0f\x01\x00\xe0\xe2\xad\x95\x1e\x00\x00@y\xed\xde\
`/\xc9\xcd$O\x0bO\x01\x00\x00\x00\x00Xd{\
In\x0b.\x01\x00\x96\x97K\x97\x00\x00\xfcH\xd5\xef\
>L\xf2e\xe9\x1d\x00\x00\x00\x00\x00\x0b\xe6I\x92\x9d\
vo0,=\x04\x00\x80\xcb#\xba\x04\x00\xe0g\xaa\
~\xf7^\x92\x87I:\x85\xa7\x00\x00\x00\x00\x00,\x82\
\xaf\xdb\xbd\xc1\x83\xd2#\x00\x00\xb8|\xa2K\x00\x00\xde\
\xab\xeaw\xb7\x93|\x93\xe4F\xe1)\x00\x00\x00\x00\x00\
\xf3j\x98\xe4~\xbb7\xd8-=\x04\x00\x80\xd9\x10]\
\x02\x00\xf0AU\xbf\xdbI\x1d^\xde*<\x05\x00\x00\
\x00\x00`\xde\xec'\xb9\xdb\xee\x0d\xf6J\x0f\x01\x00`\
vD\x97\x00\x00\xfc\xaa\xaa\xdf}\x98\xe4\xcb\xd2;\x00\
\x00\x00\x00\x00\xe6\xc4\xd3\xd4\xc1\xe5\xb0\xf4\x10\x00\x00f\
Kt\x09\x00\xc0\x99T\xfd\xee\x9d$\x8f\x93tJo\
\x01\x00\x00\x00\x00(\xe8Q\xbb7\xb8_z\x04\x00\x00\
e\x88.\x01\x008\xb3\xaa\xdf\xddN\x1d^n\x97\xde\
\x02\x00\x00\x00\x000c\xc3$;\xed\xde\xe0I\xe9!\
\x00\x00\x94#\xba\x04\x00\xe0\xa3T\xfdn'uxy\
\xa7\xf4\x16\x00\x00\x00\x00\x80\x19\xd9K\x1d\x5c\xee\x95\x1e\
\x02\x00@Y\xa2K\x00\x00\xce\xa5\xeaw\xbfL\xf2\xb0\
\xf4\x0e\x00\x00\x00\x00\x80K\xf6$up9,=\x04\
\x00\x80\xf2D\x97\x00\x00\x9c[\xd5\xef\xdeJ\xf2M\x92\
N\xe1)\x00\x00\x00\x00\x00\x97\xe1\xebvo\xf0\xa0\xf4\
\x08\x00\x00\xe6\x87\xe8\x12\x00\x80Or\xfa\xdc\xf87I\
n\x15\x9e\x02\x00\x00\x00\x00pQ\x86I\xee\xb6{\x83\
\xa7\xa5\x87\x00\x000_D\x97\x00\x00\x5c\x88\xaa\xdf}\
\x98\xe4\xcb\xd2;\x00\x00\x00\x00\x00>\xd1^\xea\xe0r\
\xbf\xf4\x10\x00\x00\xe6\x8f\xe8\x12\x00\x80\x0bS\xf5\xbbw\
\x92<\x8e\xe7\xc6\x01\x00\x00\x00\x80\xc5\xb4\xdb\xee\x0dv\
J\x8f\x00\x00`~\x89.\x01\x00\xb8PU\xbf{#\
\xf5s\xe3\xdb\x85\xa7\x00\x00\x00\x00\x00\x9c\xd50\xc9\xfd\
vo\xb0[z\x08\x00\x00\xf3m\xad\xf4\x00\x00\x00\x96\
\xcb\xe9\x93;\xb7\x93\xec\x96]\x02\x00\x00\x00\x00p&\
{In\x0b.\x01\x008\x0b\x97.\x01\x00\xb84U\
\xbf{/\xc9\xc3xn\x1c\x00\x00\x00\x00\x98OO\x92\
\xec\xb4{\x83a\xe9!\x00\x00,\x06\xd1%\x00\x00\x97\
\xaa\xeaw\xb7\x93<\x8e\xe7\xc6\x01\x00\x00\x00\x80\xf9r\
\xbf\xdd\x1b<*=\x02\x00\x80\xc5\x22\xba\x04\x00\xe0\xd2\
U\xfdn'\xf5\xc5\xcb{\x85\xa7\x00\x00\x00\x00\x00\xec\
'\xb9\xdb\xee\x0d\xf6J\x0f\x01\x00`\xf1\x88.\x01\x00\
\x98\x19\xcf\x8d\x03\x00\x00\x00\x00\x85yN\x1c\x00\x80O\
\x22\xba\x04\x00`\xa6<7\x0e\x00\x00\x00\x00\x14\xe29\
q\x00\x00>\x99\xe8\x12\x00\x80\x99\xf3\xdc8\x00\x00\x00\
\x000C\xfb\xf1\x9c8\x00\x00\x17Dt\x09\x00@1\
\x9e\x1b\x07\x00\x00\x00\x00.\x99\xe7\xc4\x01\x00\xb8P\xa2\
K\x00\x00\x8a\xf2\xdc8\x00\x00\x00\x00pI<'\x0e\
\x00\xc0\x85\x13]\x02\x000\x17\xaa~\xf7a\x92/K\
\xef\x00\x00\x00\x00\x00\x16\xde~<'\x0e\x00\xc0%\x11\
]\x02\x0007\xaa~\xf7N\xea\xab\x97\x9e\x1b\x07\x00\
\x00\x00\x00\xce\xc3s\xe2\x00\x00\x5c*\xd1%\x00\x00s\
\xa5\xeawo\xa4\x0e/o\x95]\x02\x00\x00\x00\x00,\
\x90a\x92\xaf='\x0e\x00\xc0e\x13]\x02\x000\x97\
\xaa~\xf7A\x92\xafJ\xef\x00\x00\x00\x00\x00\xe6\xde^\
\xea\xeb\x96\x9e\x13\x07\x00\xe0\xd2\x89.\x01\x00\x98[U\
\xbf\xbb\x9d\xe4\x9b$7\x0aO\x01\x00\x00\x00\x00\xe6\xd3\
\xa3\xd4\x17.='\x0e\x00\xc0L\x88.\x01\x00\x98k\
U\xbf\xdbI\xfd\xdc\xf8\x9d\xd2[\x00\x00\x00\x00\x80\xb9\
1L}\xdd\xf2I\xe9!\x00\x00\xac\x16\xd1%\x00\x00\
\x0b\xa1\xeaw\xef%y\x98\xa4Sx\x0a\x00\x00\x00\x00\
P\xd6\xd3\xd4\xc1\xe5~\xe1\x1d\x00\x00\xac \xd1%\x00\
\x00\x0b\xa3\xeawo\xa4~n|\xbb\xf0\x14\x00\x00\x00\
\x00\xa0\x8c\xaf\xdb\xbd\xc1\x83\xd2#\x00\x00X]\xa2K\
\x00\x00\x16N\xd5\xef>H\xf2U\xe9\x1d\x00\x00\x00\x00\
\xc0\xcc\xec'\xb9\xdb\xee\x0d\xf6J\x0f\x01\x00`\xb5\x89\
.\x01\x00XHU\xbf{+\xc9\xe3$7\xca.\x01\
\x00\x00\x00\x00.\xd9n\x92\xfb\xed\xde`Xz\x08\x00\
\x00\x88.\x01\x00XXU\xbf\xdbI\x1d^\xde)\xbd\
\x05\x00\x00\x00\x00\xb8p\xc3$;\xed\xde\xe0I\xe9!\
\x00\x00\xf0\x96\xe8\x12\x00\x80\x85W\xf5\xbbwR\xc7\x97\
\x9d\xd2[\x00\x00\x00\x00\x80\x0b\xf14up\xb9_x\
\x07\x00\x00\xfc\x88\xe8\x12\x00\x80\xa5P\xf5\xbb7R\x87\
\x97\xb7\xca.\x01\x00\x00\x00\x00>\xd1\xd7\xed\xde\xe0A\
\xe9\x11\x00\x00\xf0>\xa2K\x00\x00\x96J\xd5\xef~\x99\
\xe4a\xe9\x1d\x00\x00\x00\x00\xc0G\xdbK}\xddr\xaf\
\xf4\x10\x00\x00\xf8\x90\xb5\xd2\x03\x00\x00\xe0\x22\xb5{\x83\
GIn\xa6\xfe\x02-\x00\x00\x00\x00\xb0\x18\x1e%\xb9\
-\xb8\x04\x00`\xde\xb9t\x09\x00\xc0\xd2\xaa\xfa\xdd\x07\
I\xbe*\xbd\x03\x00\x00\x00\x00\xf8\xa0a\x92\xbb\xed\xde\
\xe0i\xe9!\x00\x00p\x16\xa2K\x00\x00\x96Z\xd5\xef\
\xdeJ\xf28\xc9\x8d\xb2K\x00\x00\x00\x00\x80\x9fx\x92\
\xfa9\xf1a\xe9!\x00\x00pV\xa2K\x00\x00\x96^\
\xd5\xefvR_\xbc\xfc\xb2\xf4\x16\x00\x00\x00\x00 \xc3\
\xd4\xb1\xe5\x93\xd2C\x00\x00\xe0c\x89.\x01\x00X\x19\
\xae^\x02\x00\x00\x00@qOS?'\xee\xba%\x00\
\x00\x0bIt\x09\x00\xc0J9\xbdz\xf98\xc9\x9d\xd2\
[\x00\x00\x00\x00`\x85\x0c\x93|\xdd\xee\x0d\x1e\x95\x1e\
\x02\x00\x00\x9fBt\x09\x00\xc0J\xaa\xfa\xdd;\xa9\xe3\
\xcbN\xe9-\x00\x00\x00\x00\xb0\xe4\x9e\xa6~N|\xbf\
\xf0\x0e\x00\x00\xf8d\xa2K\x00\x00V\x96\xab\x97\x00\x00\
\x00\x00p\xa9\x5c\xb7\x04\x00`\xe9\x88.\x01\x00Xy\
\xae^\x02\x00\x00\x00\xc0\x85\xdbKr\xd7uK\x00\x00\
\x96\x8d\xe8\x12\x00\x00\xe2\xea%\x00\x00\x00\x00\x5c\xa0\xaf\
\xdb\xbd\xc1\x83\xd2#\x00\x00\xe02\x88.\x01\x00\xe0\x1d\
\xae^\x02\x00\x00\x00\xc0\xb9\xed%\xd9i\xf7\x06{\xa5\
\x87\x00\x00\xc0e\x11]\x02\x00\xc0O\xb8z\x09\x00\x00\
\x00\x00\x1f\xcduK\x00\x00V\x82\xe8\x12\x00\x00>\xc0\
\xd5K\x00\x00\x00\x00\xf8U\xae[\x02\x00\xb0RD\x97\
\x00\x00\xf0\x0b\x5c\xbd\x04\x00\x00\x00\x80\xf7\x1a\xa6\xben\
\xf9\xa8\xf4\x10\x00\x00\x98%\xd1%\x00\x00\x9c\xc1\xe9\xd5\
\xcb\x87In\x14\x9e\x02\x00\x00\x00\x00\xa5=M}\xdd\
r\xbf\xf0\x0e\x00\x00\x989\xd1%\x00\x00\x9c\xd1\xe9\xd5\
\xcb\xaf\x92|Yz\x0b\x00\x00\x00\x00\x14\xe0\xba%\x00\
\x00+Ot\x09\x00\x00\x1f\xa9\xeawo\xa5~r\xfc\
F\xd9%\x00\x00\x00\x0003O\xe3\xba%\x00\x00\x88\
.\x01\x00\xe0<\x5c\xbd\x04\x00\x00\x00`E\x0c\x93\xdc\
o\xf7\x06\xbb\xa5\x87\x00\x00\xc0<\x10]\x02\x00\xc0'\
\xa8\xfa\xdd\xed\xd4W/\xb7Ko\x01\x00\x00\x00\x80\x0b\
\xf6$\xf5u\xcba\xe9!\x00\x000/D\x97\x00\x00\
p\x01\xaa~\xf7A\xea\xcb\x97\x00\x00\x00\x00\xb0\xe8\xf6\
S_\xb7|Rz\x08\x00\x00\xcc\x1b\xd1%\x00\x00\x5c\
\x90\xaa\xdf\xbd\x91\xfa\xea\xe5\xad\xb2K\x00\x00\x00\x00\xe0\
\xdc\x1e%\xf9\xdauK\x00\x00x?\xd1%\x00\x00\x5c\
\xb0\xaa\xdf\xbd\x97\xe4a\x92N\xe1)\x00\x00\x00\x00p\
V{\xa9\xaf[>-=\x04\x00\x00\xe6\x99\xe8\x12\x00\
\x00.A\xd5\xefvR_\xbd\xbcSz\x0b\x00\x00\x00\
\x00\xfc\x8a\xaf\xdb\xbd\xc1\x83\xd2#\x00\x00`\x11\x88.\
\x01\x00\xe0\x12U\xfd\xee\xad\xd4\xf1\xe5\x8d\xb2K\x00\x00\
\x00\x00\xe0g\x9e&\xd9i\xf7\x06\xfb\x85w\x00\x00\xc0\
\xc2\x10]\x02\x00\xc0%;\xbdz\xf9e\x92\xafJo\
\x01\x00\x00\x00\x80$\xc3\xd4O\x89\xef\x96\x1e\x02\x00\x00\
\x8bFt\x09\x00\x003R\xf5\xbb\xdbI\x1e&\xb9U\
x\x0a\x00\x00\x00\x00\xabk7up9,=\x04\x00\
\x00\x16\x91\xe8\x12\x00\x00f\xac\xeaw\xdf^\xbd\xec\x94\
\xde\x02\x00\x00\x00\xc0\xca\xd8O\xfd\x94\xf8\xd3\xc2;\x00\
\x00`\xa1\x89.\x01\x00\xa0\x80\xd3'\xc7\x1f&\xb9W\
x\x0a\x00\x00\x00\x00\xcbm\x98\xe4\x7f\xb5{\x83\x07\xa5\
\x87\x00\x00\xc02\x10]\x02\x00@!/\xbe\xbd\xd9Y\
_\x1b?\xdeh\x8e\xef4\x1a\xd3\xd2s\x00\x00\x00\x00\
X>OS_\xb7\xdc/\xbc\x03\x00\x00\x96\x86\xe8\x12\
\x00\x00\x0ax\xf1\xed\xcd\xed$\x8f\x93l'\xc9\xfa\xda\
8\x1b\xcdq\xc4\x97\x00\x00\x00\x00\x5c\x80\xfd$\xf7\xdb\
\xbd\xc1\x93\xd2C\x00\x00`\xd94K\x0f\x00\x00\x80U\
\xf3\xe2\xdb\x9b_&\xf9&\xc9\xff\xfb\xf6\xe7&\xd3\xb5\
\x9cL\x9a\x99N\x1bYkL\xd3\xf0\xedQ\x00\x00\x00\
\x00\x9c\xcf\xa3$\xff_\xbb7\xd8+=\x04\x00\x00\x96\
\x91\x8fr\x01\x00`F^|{\xb3\x93:\xb6\xbc\xf5\
K\xff\xbd\xe9t\x9af\xa3\xbe|\xd9\xf4mR\x00\x00\
\x00\x00\x9c\xcd\xd3\xd4\xd7-\xc5\x96\x00\x00p\x89D\x97\
\x00\x000\x03/\xbe\xbdy'\xf5s\xe2\x9d\xb3\xfeo\
&\x93i\xc6'\xa3lmN\xd3\xda\xf0[w\x00\x00\
\x00\x00~l2M\xc6\xe3dc=;\xed\xde`\xb7\
\xf4\x1e\x00\x00X\x05>\xb9\x05\x00\x80Ktz\xdd\xf2\
\xab$_\x9e\xf7\xdfq|<\xced|\x9c\xcf\xb7\x22\
\xbe\x04\x00\x00\x00 \x93i\xf2\xe6`\x9a\xe3q3\xad\
\xd6z\x1a\x8d\xc6\xd3$;\xd7\x7f\xffl\xbf\xf04\x00\
\x00Xz>\xb1\x05\x00\x80K\xf2\xe2\xdb\x9b\xdb\xa9\xaf\
[n\x7f\xea\xbfk:\x9df4:\xc9d|\x92\xab\
\x9f7\xc4\x97\x00\x00\x00\x00+\xe8mly8jd\
ss#\xcd\xe6\xda\xbb\xffx\x98\xe4\xfe\xf5\xdf?\xdb\
-\xb3\x0e\x00\x00V\x83Oj\x01\x00\xe0\x12\xbc\xf8\xf6\
\xe6\x97\xa9/\x5c\x9e\xf99\xf1\xb3\x98L\xa698\x18\
e\xad1\x11_\x02\x00\x00\x00\xac\x88\xb7\xb1\xe5\x9b\xc3\
iZ\xad\x8d\xb4Z\xeb\xbf\xf4_\x7f\x92\xfa\xea\xe5p\
F\xf3\x00\x00`\xa5\xf8\x84\x16\x00\x00.\xd0\xe9s\xe2\
\x8f\x93\xdc\xb9\xcc_\xe7\xf8x\x9c\xc3\xc3Q\xd6\x9b\x11\
_\x02\x00\x00\x00,\xa9\xb7\xb1\xe5\xeb7\x93\xb467\
\xde>%~\x96\xff\xe9~\x92\xbb\xd7\x7f\xffl\xefr\
\x17\x02\x00\xc0\xea\xf1\xc9,\x00\x00\x5c\x90\xd3\xe7\xc4\xbf\
IrcV\xbf\xe6\xd1\xd1q\x8e\x8eN\xb2\xb1.\xbe\
\x04\x00\x00\x00X\x16\xef\xc6\x96k\xcdf\xb6\xb6ZY\
[;\xd7\xd7}\xbe\xbe\xfe\xfbg\x0f.x\x1e\x00\x00\
\xac4\x9f\xc8\x02\x00\xc0\x05x\xf1\xed\xcd\x07\xa9\x9f\x13\
\x9f\xb9\xc9d\x9a\xc3\xc3Q\x8e\x8f\xc7im4\xc4\x97\
\x00\x00\x00\x00\x0b\xea\xdd\xd82\x8dF\xae\x5ciec\
\xa3\xf9\xa9\xff\xda\xa7\xa9\x9f\x1b\xdf\xff\xe4\x81\x00\x00\x80\
\xe8\x12\x00\x00>\xc5\xe9s\xe2\xdf$\xb9UxJN\
N&9<\x1ce<\x9e\x88/\x01\x00\x00\x00\x16\xc8\
\xbb\xb1\xe54\x8dln\xaegss\xe3\x22\x7f\x89a\
\xea\xf0\xf2\xc9E\xfeK\x01\x00`\x15\xf9\x04\x16\x00\x00\
\xce\xe9\xc5\xb77o\xa5\x0e.;\x85\xa7\xfc\xc8ht\
\x92\xc3\xc3\xe3L\xa7\xd3l\xac7\xf2\xf9V#[W\
\xfc\xd6\x1f\x00\x00\x00`\xde\xbc\x1b[N\xa6I\xabU\
\xc7\x96\xe7|J\xfc,\x1e\xa5~r|xY\xbf\x00\
\x00\x00,;\x9f\xbc\x02\x00\xc09\x94|N\xfc,\xa6\
\xd3i\x8e\x8e\x8estt\x92$i6\x93\xab\x9f\xad\
\x89/\x01\x00\x00\x00\xe6\xc0x\x9c\xbc>\x98\xe4\xe0p\
\x9a\xc94Y_ofss#\xeb\xebk\xb3\xf8\xe5\
\xf7R_\xbd\xdc\x9b\xc5/\x06\x00\x00\xcb\xc6'\xae\x00\
\x00\xf0\x11\xe6\xe99\xf1\xb3\x98L\xa698\x18\xe5\xe4\
d\x9cD|\x09\x00\x00\x00P\xd2x\x9c\xbczS\xc7\
\x96I\xb2\xb6\xd6\xc8\xe6\xe6FZ\xad\xf5YO\x19&\
\xb9\x7f\xfd\xf7\xcfvg\xfd\x0b\x03\x00\xc0\xa2\xf3I+\
\x00\x00\x9c\xd1\xbc>'~\x16''\x93\x1c\x1c\x1ce\
2\xa9\xbf\xa0/\xbe\x04\x00\x00\x00\x98\x9d\x9f\xc6\x96\x8d\
F#\x9b\x9b\xebi\xb5\xd6\xd3h\x14\xfd\xfa\xcc\x93\xd4\
W/=7\x0e\x00\x00g\xe4\x13V\x00\x008\x83y\
\x7fN\xfc\xac\x8e\x8eNrtt\x9c\xe9T|\x09\x00\
\x00\x00p\xd9~\x1a[&I\xab\xb5\x9e\xcd\xcd\x8d\xac\
\xad\xcd\xcd\xd7c\xf6\x93\xdc\xf5\xdc8\x00\x00\x9c\xcd\xdc\
\xfcN\x1e\x00\x00\xe6\xd1\xa2='~\x16\xd3\xe94G\
G\xc79::\xf9\xe7\xcf\x89/\x01\x00\x00\x00.\xce\
\xfbb\xcb\xf5\xf5f677\xb2\xbe\xbeVp\xd9/\
\xba\x7f\xfd\xf7\xcf\x1e\x95\x1e\x01\x00\x00\xf3\xce'\xaa\x00\
\x00\xf0\x01\x8b\xfc\x9c\xf8YL&\xd3\x1c\x1e\x8er|\
<\xfe\xe7\xcf\x89/\x01\x00\x00\x00\xce\xef}\xb1\xe5\xda\
Z#\x9b\x9b\x1bi\xb5\xd6\x0b.;3\xcf\x8d\x03\x00\
\xc0\xaf\xf0I*\x00\x00\xbc\xc7\xb2<'~\x16''\
\x93\x1c\x1e\x8e2\x1eO\xfe\xf9s\xe2K\x00\x00\x00\x80\
\xb3{_l\xd9h4\xb2\xb9Y?%\xbe`\xf6\xe3\
\xb9q\x00\x00\xf8 \x9f\xa0\x02\x00\xc0;N\x9f\x13\x7f\
\x9c\xe4N\xe9-\xb36\x1a\x9d\xe4\xe8\xe88\x93\xc9;\
\x97\x18\x1a\xc9\xe7\x9f\xad\xe5\xb3\xadF\xd6\xfc\xe9\x01\x00\
\x00\x00\xe0G\xde\x17[&I\xab\xb5\x9e+W6\xd2\
h,\xf4\x17T<7\x0e\x00\x00\xef\xb1\xd0\xbf\xcb\x07\
\x00\x80\x8b\xf4\xe2\xdb\x9b\xdb\xa9\x9f\x13\xbfQxJ1\
\xd3\xe9\xf44\xbe<\xc9t*\xbe\x04\x00\x00\x00x\x9f\
\xe3\x93i^\x1fL\x7f\x16[\xae\xaf7\xb3\xb5\xd5\xca\
\xda\xf2|\x01\xc5s\xe3\x00\x00\xf0\x13K\xf3\xbb}\x00\
\x00\xf8\x14/\xbe\xbdy/\xf5\x85KR\xc7\x97\x87\x87\
\xc7\x19\x8dN~\xf4\xf3\xe2K\x00\x00\x00`\x95\x8d\x8e\
\xa7y\xf5z\x9a\xd1\xf1\xcfc\xcb\xcd\xcd\x8d\xac\xaf\xaf\
\x15Zv\xa9\xf6R\x87\x97\x9e\x1b\x07\x00\x80\x88.\x01\
\x00Xq\xa7\xcf\x89?Lr\xaf\xf0\x94\xb94\x99L\
sx8\xca\xf1\xf1\xf8G?/\xbe\x04\x00\x00\x00V\
\xc9\x87b\xcb\xb5\xb5F677\xd2j\xad\x17Z6\
3\xc3\xd4\xcf\x8d\xef\x96\x1e\x02\x00\x00\xa5\xf9x\x14\x00\
\x80\x95\xf5\xe2\xdb\x9b7R?'\xbe]x\xca\xdc;\
9\x99\xe4\xe8\xe88''\xe2K\x00\x00\x00`u|\
(\xb6l4\xea\xd8rss\xe9c\xcb\x9f\xdaM\x1d\
_zn\x1c\x00\x80\x95\xe5cQ\x00\x00V\xd2\x8bo\
o\xdeI\xfd\x9cx\xa7\xf4\x96Er|<\xce\xe1\xe1\
(\x93\xc9O\xae:\x88/\x01\x00\x00\x80%\xf2\xcb\xb1\
\xe5zZ\xad\xf54\x1a+\xfbE\x90\xbd$w\xaf\xff\
\xfe\xd9~\xe9!\x00\x00P\xc2\xca\xfeI\x00\x00\x80\xd5\
\xf5\xe2\xdb\x9b\x0f\x92|Uz\xc7\x22\x1b\x8dNrx\
x\x9c\xe9T|\x09\x00\xfc_\xf6\xee&7\x8e3]\
\x13\xf6\x13\x11\x99\xc9\x1fI6}\x8c\xe2\xa9\x82\xf15\
\xf8\xa1p\xce\x98\xb1\x03y\xc8\x99j\x07\xd4\x0a\x8e\xbc\
\x02\xb9W@\xef\x80\xda\x81j\x16C\xd5\x0e\xa8q7\
\x0a\xed\x89Q]q`4O\xdb\x16\xc5dfD\x0f\
2)\xeb\x87\x92\xf8\x93\x99of\xe4u\x01\x86$R\
2n\xc0\x80\x95o\xbcw<\x0f\x00@w|\xacl\
\x19\x111\x18\xf4bc\xa3\x1f\xb9\x87\x1e\x11\x93u\xe3\
\x8fw\x0fN\xfe\x9a:\x08\x00\x00,\x9a\x13\x01\x00\x00\
k\xa3\xae\xca\x9d\x98\xac\x13\x7f\x988J'\xb4m\x1b\
\xc3\xe1(\xce\xcfG\xca\x97\x00\x00\x00\xc0J\xfbT\xd9\
\xb2\xdf/bss\xa0ly\xb5\x1fv\x0fN\xbeK\
\x1d\x02\x00\x00\x16\xc9\xc9\x00\x00\x80\xb5PW\xe5~L\
\x0a\x97{\x89\xa3tN\xdb\xb6q~~\x11\xe7\xe7\xa3\
\x0f\xbe\x97g\x11\x1b\x1bY<\xd8\xce\xa3(\x12\x84\x03\
\x00\x00\x00\xf8\x84O\x95-{\xbd\x2266\xfa\xd1\xeb\
\xe5\x09\x92\xad\x94\xbf\xc5d\xdd\xf8i\xea \x00\x00\xb0\
\x08J\x97\x00\x00t^]\x95\x87\x11q\x14\x11;\x89\
\xa3tZ\xd3L\xca\x97\xc3\xe1\x87\xe5\xcb\x88\x88\xadM\
\xe5K\x00\x00\x00`9|\xaalY\x14yln\x0e\
\x94-o\xe64\x22\xbe\xdd=8y\x99:\x08\x00\x00\
\xcc\x9b\xd2%\x00\x00\x9dVW\xe5QD<I\x9dc\
\x9d4M\x1b\xaf_\x0f\xe3\xe2b|\xe5\xf7\x95/\x01\
\x00\x00\x80T\xce^\xb7\xf1\xdbY\x1b\x17\xa3\x0f\xcb\x96\
y\x9e\xc5\xc6F?\x06\x83^\x82d\x9d\xf1x\xf7\xe0\
\xe4Y\xea\x10\x00\x000OJ\x97\x00\x00tR]\x95\
;1Y'\xfe0q\x94\xb55\x1a5q~~\x11\
\xa3\x91\xf2%\x00\x00\x00\x90\xd6\xd9\xeb6~y\xd5\xc4\
\xf8\x8a\xc7\x14\xca\x963\xf7,\x22\xbe\xb3n\x1c\x00\x80\
\xaeR\xba\x04\x00\xa0s\xea\xaa\xdc\x8fI\xe1r/q\
\x14B\xf9\x12\x00\x00\x00H\xe7Se\xcb,\xcbbc\
\xa3\x17\x1b\x1b\xfd\xc5\x07\xeb\xbe\x97\x11\xf1\x97\xdd\x83\x93\
\x1fS\x07\x01\x00\x80YS\xba\x04\x00\xa0S\xea\xaa<\
\x8c\x88\xa3\x88\xd8I\x1c\x85\xf7\x5c\x5c\x8c\xe3\xf5\xeba\
4\xcd\x87\xeb\xbb\x22\x94/\x01\x00\x00\x80\xd9\xb9N\xd9\
r0\xe8E\x96\xb9.\x9d\xa3\xd3\x98\x14/\xff\x96:\
\x08\x00\x00\xcc\x92S\x04\x00\x00\x9dQW\xe5QD<\
I\x9d\x83O\x1b\x0eGq~~\xa1|\x09\x00\x00\x00\
\xcc\x9c\xb2\xe5R\xfan\xf7\xe0\xe4\x87\xd4!\x00\x00`\
V\x9c&\x00\x00XyuU\xeeD\xc4qD<J\
\x9d\x85\xebS\xbe\x04\x00\x00\x00fE\xd9r\xe9=\x8b\
I\xf9\xf24u\x10\x00\x00\xb8+\xa7\x0a\x00\x00VZ\
]\x95\xfb1)\x5c\xee\xa7\xce\xc2\xed|\xae|\xb9\xb9\
\x91\xc5\xbd\xad,\x06}\xc7\x17\x00\x00\x00\xe0]\x9f*\
[FDll\xf4bc\xa3\xafl\xb9\x1c^\xc6d\
\xdd\xf8\x8f\xa9\x83\x00\x00\xc0]8]\x00\x00\xb0\xb2\xea\
\xaa|\x14\x93\xc2\xe5N\xea,\xdc\xdd\xf9\xf9\xa4|\xd9\
\xb6W\x97/\x07\xfd,\x1e\xdcS\xbe\x04\x00\x00\x00>\
_\xb6\x1c\x0c&e\xcb<\xf7\x1ca\xc9\x9c\xc6\xa4x\
\xf9\xb7\xd4A\x00\x00\xe0\xb6\x9c2\x00\x00XIuU\
>\x89\x88\xa3\xd49\x98\xad\xb6m\xa7\x93/G\xca\x97\
\x00\x00\x00\xc0;\x9avR\xb6\xfc\xedL\xd9\xb2\x03\xbe\
\xdb=8\xf9!u\x08\x00\x00\xb8\x0d\xa7\x0d\x00\x00V\
N]\x95\xc7\x11q\x98:\x07\xf3\xa3|\x09\x00\x00\x00\
\x5cj\xda\x88Wgm\xfc\xf6\xaa\x89\xe6\xea\xc7\x04\xca\
\x96\xab\xe9\xd9\xee\xc1\xc9\xe3\xd4!\x00\x00\xe0\xa6\x9c:\
\x00\x00X\x19uU\xeeD\xc4\x8b\x88\xd8O\x9d\x85\xc5\
P\xbe\x04\x00\x00\x80\xf5\xa5l\xb9\x16^F\xc4\xb7\xbb\
\x07'\xa7\xa9\x83\x00\x00\xc0u9}\x00\x00\xb0\x12\xea\
\xaa\xdc\x8f\x88\xe7\x11\xb1\x978\x0a\x09(_\x02\x00\x00\
\xc0\xfaP\xb6\x5c;\xa71)^\xbeL\x1d\x04\x00\x00\
\xae\xc3)\x04\x00\x80\xa5WW\xe5\xa3\x888\x8e\x88\x9d\
\xd4YHK\xf9\x12\x00\x00\x00\xbaK\xd9r\xad\x9dF\
\xc4w\xbb\x07'\xcfR\x07\x01\x00\x80\xcfq\x1a\x01\x00\
`\xa9\xd5U\xf9$\x22\x8eR\xe7`\xb9(_\x02\x00\
\x00@w|\xael\x99eYll\xf4b0\xe8E\
\x969\xe7w\xdc\x0f\xbb\x07'\xdf\xa5\x0e\x01\x00\x00\x9f\
\xe2T\x02\x00\xc0\xd2\xaa\xab\xf28\x22\x0eS\xe7`y\
\xb5m\x1b\x17\x17\xe38?\xbf\x88\xe6##0\x06\xfd\
,\xb67\xb3\xd8\xdat\xfc\x01\x00\x00\x80e\xa2l\xc9\
G\xfc5\x22\x1e\xef\x1e\x9c\x9c\xa6\x0e\x02\x00\x00Wq\
:\x01\x00`\xe9\xd4U\xb9\x13\x11/\x22b?u\x16\
V\xc7d\xf2\xe5\xc7\xcb\x97E\x11\xf1`;W\xbe\x04\
\x00\x00\x80\xc4\x94-\xb9\x86\x97\x11\xf1\x97\xdd\x83\x93\x1f\
S\x07\x01\x00\x80\xf79\xa5\x00\x00\xb0T\xea\xaa\xdc\x8f\
\x88\xe7\x11\xb1\x978\x0a+J\xf9\x12\x00\x00\x00\x96\xd3\
x\x1c\xf1\xdbY\x13g\xaf[eK\xae\xe34\x22\xbe\
\xdd=8y\x99:\x08\x00\x00\xbc\xcdi\x05\x00\x80\xa5\
QW\xe5\xc3\x98\x14.w\x12G\xa1\x03\x94/\x01\x00\
\x00`9\x8c\xc7\x11\xbf\xbc\x9a\x94-\xaf\x92\xe7Yl\
l\xf4c0\xe8-8\x19+\xe2\xf1\xee\xc1\xc9\xb3\xd4\
!\x00\x00\xe0\x92\xdbE\x00\x00\x96B]\x95\x87\x11q\
\x9c:\x07\xddsq1\x8e\xe1p\x14\xa3\xd1\xf8\xca\xef\
+_\x02\x00\x00\xc0|([2C?\xec\x1e\x9c|\
\x97:\x04\x00\x00D(]\x02\x00\xb0\x04\xea\xaa<\x8a\
\x88'\xa9s\xd0m\xa3Q\x13\xe7\xe7\x17\xca\x97\x00\x00\
\x000g\x9f+[\xf6zE\xf4\xfb\x85\xb2%7\xf5\
,\x22\xbe\xdb=89M\x1d\x04\x00\x80\xf5\xe66\x11\
\x00\x80d\xea\xaa\xdc\x89\x88\xa3\x888L\x1c\x8552\
\x1a51\x1c^\xc4\xc5\x85\xf2%\x00\x00\x00\xcc\xd2u\
\xca\x96\x1b\x1b\xfd\xe8\xf5\xf2\x05'\xa3C^F\xc4\xb7\
\x8a\x97\x00\x00\xa4\xe4\x16\x11\x00\x80$\xa6\x85\xcb\x17\x11\
\xb1\x9f:\x0b\xeb\xa9i\xda8?\xbf\x88\xe1pt\xe5\
\xf7\x95/\x01\x00\x00\xe0z>W\xb6\x1c\x0cz1\x18\
\xf4\xa2(\x94-\x99\x89\xd3\x98\x14/_\xa6\x0e\x02\x00\
\xc0zr{\x08\x00\xc0\xc2\xd5U\xb9\x1f\x11\xcf#b\
/q\x14\x88\xa6ic8\xbc\x88\xe1p\x1cm\xfb\xe1\
\xe5\xd0e\xf9rc#\x8b\xdc\x09\x0a\x00\x00\x00\xde\xb8\
N\xd9rc\xa3\x1f\xb9\x035\xb3w\x1a\x11\x8fw\x0f\
N\xfe\x9a:\x08\x00\x00\xeb\xc7\x09\x07\x00\x80\x85\x9a\x16\
._D\xc4N\xea,\xf0\xb6\xb6mc8\x1c\xc5\xf9\
\xf9\xe8\xca\xf2e\x9eE\xdc\xdb\xcec{K\xf9\x12\x00\
\x00\x80\xf5\xf6\xa9\xb2e\x96e\xb1\xb11\x99l\x99e\
\x0e\xd0\xcc\xdd\xe3\xdd\x83\x93g\xa9C\x00\x00\xb0^\x9c\
t\x00\x00X\x98\xba*\x0f#\xe28u\x0e\xf8\x94\xb6\
m\xe3\xe2b\x1c\xe7\xe7\x17\xd14\xca\x97\x00\x00\x00p\
\xe9b\xd4\xc6og\xed\x95e\xcb<\xcfbc\xa3\x1f\
\xfd~\xa1l\xc9\xa2=\xdb=8y\x9c:\x04\x00\x00\
\xeb\xc3\x89\x07\x00\x80\x85\xa8\xab\xf2ID\x1c\xa5\xce\x01\
71\x1c\x8eb8\x1c\xc5x\xdc|\xf0=\xe5K\x00\
\x00\x00\xd6\xc5\xf0\xa2\x8d_~kcx\xf1a\xd9\xb2\
\xd7+\xa2\xdf/b0\xe8%H\x06o\xfc5&S\
/OS\x07\x01\x00\xa0\xfb\x5c\x0d\x02\x000wuU\
\x1eG\xc4a\xea\x1cp[\xa3Q\x13\xe7\xe7\x171\x1a\
\x8d?\xf8\x9e\xf2%\x00\x00\x00]\xf5\xa9\xb2\xe5\xa4h\
\xd9\x8f^/O\x90\x0c\xae\xf42\x22\xbeU\xbc\x04\x00\
`\xde\x5c\x09\x02\x0007uU\xee\xc4d\x9d\xf8\xa3\
\xd4Y`\x16\x9a\xa6\x8d\xf3\xf3\x8b\x18\x0eG\x1f|O\
\xf9\x12\x00\x00\x80\xae\xf8X\xd92\xcb\xb2\xe8\xf7\x8b\xd8\
\xd8\xe8G\xee\xf0\xcbr:\x8dI\xf1\xf2e\xea \x00\
\x00t\x97\xd3\x10\x00\x00s1-\x5c\xbe\x88\x88\xfd\xd4\
Y`\xd6\xda\xb6\x8d\xe1p\x14\xe7\xe7\xa3h\xdbw/\
\xa0\x94/\x01\x00\x00XU\x1f+[\xe6y\x16\x83A\
/\x06\x83^d\x99\xc3.K\xef4\x22\xfe\xb2{p\
\xf2\xb7\xd4A\x00\x00\xe8&\xa7\x22\x00\x00f\xae\xae\xca\
\xfd\x98L\xb8T\xb8\xa4\xd3\xda\xb6\x8d\x8b\x8bq\x9c\x9f\
_D\xd3(_\x02\x00\x00\xb0\x9a>V\xb6,\x8a\xfc\
M\xd9\x12V\xd0\xe3\xdd\x83\x93g\xa9C\x00\x00\xd0=\
\xae\xfe\x00\x00\x98\xa9i\xe1\xf2ED\xec\xa4\xce\x02\x8b\
tq1\x8e\xe1p\x14\xa3\xd1\xf8\x9d\xaf+_\x02\x00\
\x00\xb0\xac>V\xb6\xec\xf7\x8b\x18\x0c\xfa\xd1\xeb\xe5\x89\
\x92\xc1\xcc\xfc\xf7\xdd\x83\x93\xefS\x87\x00\x00\xa0[\x5c\
\xf9\x01\x0003uU>\x8a\xc9\x84K\x85K\xd6\xd6\
x\xdc\xc4p8\x8a\xe1p\xf4\xc1\xf7\xb66\xb3x\xb0\
\x9dGQ$\x08\x06\x00\x00\x00SW\x95-\xb3,\x8b\
\xc1`R\xb6\xcc\xbd5H\xb7<\xdb=8y\x9c:\
\x04\x00\x00\xdd\xe1\xc4\x04\x00\xc0L\xd4Uy\x18\x93\xc2\
%\x10\x11M\xd3\xc6\xc5\xc5(\xce\xcfG\xd1\xb6\xefN\
\x0cQ\xbe\x04\x00\x00 \x85\xd7\xe7m\xfcv\xf6n\xd9\
2\xcf\xb3\x18\x0c\xfa1\x18\x14\x91e\xae\x0e\xe9\xac\xbf\
\xc6d\xdd\xf8i\xea \x00\x00\xac>''\x00\x00\xee\
\xac\xae\xca'\x11q\x94:\x07,\xab\xe1p\x14\xe7\xe7\
\x17\xd14\xca\x97\x00\x00\x00,\xde\xd9\xeb6~y\xd5\
\xc4x\xfc\xfb\xd7z\xbd\x22\x06\x83^\xf4\xfb\x0e\xa5\xac\
\x8d\x97\x11\xf1\xad\xe2%\x00\x00w\xa5t\x09\x00\xc0\x9d\
\xd4Uy\x1c\x11\x87\xa9s\xc0*\x18\x8d\x9a\x18\x0e/\
\xe2\xe2b\xfc\xce\xd7\x95/\x01\x00\x00\x98\x87\xf7\xcb\x96\
Y\x96E\xbf_\xc4\xc6\x86\x15\xe2\xac\xad\x1f#\xe2/\
\xbb\x07'/S\x07\x01\x00`u9M\x01\x00pk\
\x0a\x97p;M\xd3\xc6px\x11\xc3\xe1\xf8\x9d\xd5\xe3\
\xca\x97\x00\x00\x00\xcc\xc2\xfbeK+\xc4\xe1\x1d\xa71\
\x99x\xa9x\x09\x00\xc0\xad8U\x01\x00pcuU\
\xeeD\xc4\x8b\x88\xd8O\x9d\x05VY\xdb\xb6qq1\
\xfe`\xf5\xb8\xf2%\x00\x00\x00\xb7\xf1~\xd9\xb2\xdf/\
\xa2\xdf\xb7B\x1c\xaep\x1a\x11\x8fw\x0fN\xfe\x9a:\
\x08\x00\x00\xabG\xe9\x12\x00\x80\x1bQ\xb8\x84\xf9\xb8j\
\xf5\xb8\xf2%\x00\x00\x00\xd7\xf1v\xd92\xcb\xb2\x18\x0c\
\x8a\x18\x0c\xac\x10\x87kx\xbc{p\xf2,u\x08\x00\
\x00V\x8b\x93\x16\x00\x00\xd7VW\xe5^D<\x0f\x85\
K\x98\x9b\xa6i\xe3\xe2b\x14\xe7\xe7\xa37\xab\xc7\x95\
/\x01\x00\x00\xb8\xca\xdbe\xcb\xa2\xc8c0\xe8\xc5`\
\xd0K\x1d\x0bV\xcdw\xbb\x07'?\xa4\x0e\x01\x00\xc0\
\xeaP\xba\x04\x00\xe0Z\xea\xaa\xdc\x8f\xc9\x84\xcb\x9d\xd4\
Y`]\x0c\x87\xa3\x18\x0eG1\x1e7\x11\x111\xe8\
g\xf1\xe0^\x16\x83\xbe\xa3\x1c\x00\x00\xc0:{\xbbl\
yY\xb4,\x8a<u,Xe\xcfv\x0fN\x1e\xa7\
\x0e\x01\x00\xc0jpS\x07\x00\xc0g)\x5cBZ\xe3\
q\x13\xc3\xe1(..\xc6\xd1\xb6m|\xf5E\x1e\x9b\
\x1b\x8es\x00\x00\x00\xeb\xa4i'e\xcb\xdf\xce\x9ah\
\xdb,\x06\x83~\x0c\x06Ed\x99\xf3!\xcc\x88\xe2%\
\x00\x00\xd7\xe2\x14\x06\x00\xc0'\xd5U\xf9(\x22\x8eC\
\xe1\x12\x92k\xdb6\x86\xc3q\xec\xdco\x22\xcb\xda\xd4\
q\x00\x00\x00X\x80\xa6\x8dxu\xd6\xc6o\xaf\x9a\xe8\
\xf5{\xd1\xef\xf7\xa2\xd73\xd5\x12\xe6\xe4o\x11\xf1\x97\
\xdd\x83\x93\xd3\xd4A\x00\x00X^J\x97\x00\x00|T\
]\x95\x871)\x5c\x02K\xa6\xc8\x9b(\xf2&z\xf9\
8u\x14\x00\x00\x00\xe6\xe0\xb2l\xf9\xeau\x1b\xfd\xbe\
\xa9\x96\xb0@/#\xe2[\xc5K\x00\x00>\xc6\xc9\x0c\
\x00\x80+)\x5c\xc2j\xc8\xb26z\xd3\xf2\xa5\xe9\x97\
\x00\x00\x00\xab\xef\xb2ly~\x91E\xaf\xd7\x8b~\xbf\
H\x1d\x09\xd6\x91\xe2%\x00\x00\x1f\xa5t\x09\x00\xc0\x07\
\x14.a5]N\xbe,\xf2&u\x14\x00\x00\x00n\
\xa8m\xb3\xb8\x18\xe7qv\x1eQ\x14E\xe4\xb9k<\
H\xec4&\xc5\xcb\x97\xa9\x83\x00\x00\xb0\x5c\x9c\xd6\x00\
\x00xG]\x95G\x11\xf1$u\x0e\xe0\xf6L\xbf\x04\
\x00\x00X\x1d\xe3&\x8fQS\xc4\xb8\xc9SG\x01>\
\xa4x\x09\x00\xc0\x07\x94.\x01\x00x\xa3\xae\xca\xe3\x88\
8L\x9d\x03\x98\x1d\xd3/\x01\x00\x00\x96O\xdbf1\
j\x8a\x185y\xb4\xad\xeb:Xr\x8a\x97\x00\x00\xbc\
\xc3)\x0e\x00\x80\x88P\xb8\x84\xae3\xfd\x12\x00\x00 \
\xbd\xcb\x89\x96\xa6Z\xc2Jz\xbc{p\xf2,u\x08\
\x00\x00\xd2S\xba\x04\x00@\xe1\x12\xd6L\x917o&\
`\x02\x00\x000_\xcdt\xaa\xe5x\x5c\x84W\xe0`\
\xe5)^\x02\x00\xa0t\x09\x00\xb0\xce\xea\xaa\xdc\x89\x88\
\xe3\x88x\x94:\x0b\xb0xYD\x14\xc58\xfa\xa6_\
\x02\x00\x00\xccT\x1b\x11\xe3\xa6\x88\xd1\xb8\x88\xc6\xfap\
\xe8\x1a\xc5K\x00\x805\xe7\x94\x07\x00\xb0\xa6\xa6\x85\xcb\
\x17\x11\xb1\x9f:\x0b\x90^\x9e\xb5\xd1+\xc6Q\xe4c\
\x07E\x00\x00\x80[\xba\x5c\x1d>j\x8a\xd4Q\x80\xf9\
\xfan\xf7\xe0\xe4\x87\xd4!\x00\x00H\xc3]\x1a\x00\xc0\
\x1aR\xb8\x04>&\x8b\x88\x22\x1fG\xafh\x22\xcf\x9a\
\xd4q\x00\x00\x00\x96^;]\x1f>j\xf2hM\xb5\
\x84u\xf2l\xf7\xe0\xe4q\xea\x10\x00\x00,\x9e\x93\x1f\
\x00\xc0\x9aQ\xb8\x04\xae+\xcb\xda\xe8\xe7\xe3(\xf2\xc6\
\xfaq\x00\x00\x80\xb7\x5c\xae\x0f\xbf\x9cl\x09\xac-\xc5\
K\x00\x805\xa4t\x09\x00\xb0F\x14.\x81\xdb*\xf2\
&\x8a\xbc\x89^>N\x1d\x05\x00\x00 \x19\xeb\xc3\x81\
+(^\x02\x00\xac\x19\xa5K\x00\x805\xa1p\x09\xcc\
\xc2\xef\xeb\xc7\xc7\x91\x9b~\x09\x00\x00\xac\x81f\xba>\
|l}8\xf0q\x8a\x97\x00\x00k\xc4\xc9\x10\x00`\
\x0d\xd4U\xb9\x17\x11\xcfC\xe1\x12\x98!\xeb\xc7\x01\x00\
\x80\xaej\xdb\xec\xcdD\xcbF\xd1\x12\xb8\x9eg\x11\xf1\
\xdd\xee\xc1\xc9i\xea \x00\x00\xcc\x97S\x22\x00@\xc7\
\xd5U\xb9\x1f\x93\x09\x97;\xa9\xb3\x00\xddu\xb9~\xbc\
\xc8\xc7\x0e\x9a\x00\x00\xc0Jj#b<\x9dh9n\
\xf2\xd4q\x80\xd5\xf42\x22\xbeU\xbc\x04\x00\xe86w\
a\x00\x00\x1d\xa6p\x09,\xda\xe5\xfa\xf1\xcb\x12&\x00\
\x00\xc0\xb2\xbb,Y\x8e\x9b\x22\xcc\xf0\x07f@\xf1\x12\
\x00\xa0\xe3\x94.\x01\x00:J\xe1\x12H-\xcb\xda(\
\xf2&z\xf98r\xeb\xc7\x01\x00\x80%\xd2\xb4Y\x8c\
\x9a\x22\xc6cEK`.\x14/\x01\x00:L\xe9\x12\
\x00\xa0\x83\x14.\x81e\x93gm\xf4\xa6\x1303\x05\
L\x00\x00 \x81\xb6\xcd\xe2b\xba>\xbcm]\x91\x01\
s\xa7x\x09\x00\xd0QN\x94\x00\x00\x1d\xa3p\x09,\
\xbb\xcb\xd5\xe3E>v(\x05\x00\x00\xe6\xaam\xb3\x18\
7y\x8c\x9a\x22\x1aEK`\xf1\x14/\x01\x00:\xc8\
\xe9\x12\x00\xa0C\x14.\x81UsY\xc0\xec\xe5\xe3\xd4\
Q\x00\x00\x80\x8eP\xb4\x04\x96\x8c\xe2%\x00@\xc78\
i\x02\x00t\x84\xc2%\xb0\xca\xb2\x88(\xa6\xeb\xc7\x8b\
\xbcI\x1d\x07\x00\x00X1mD\x8c\xa7\xab\xc3\xc7M\
\x9e:\x0e\xc0\xfb\x14/\x01\x00:D\xe9\x12\x00\xa0\x03\
\x14.\x81.\xb9,`\xf6\x8a&\xf2L\x01\x13\x00\x00\
\xb8\x9a\xa2%\xb0b\x14/\x01\x00:B\xe9\x12\x00`\
\xc5)\x5c\x02]\x96e\xed\x9b\xf5\xe3y\xd6\xa6\x8e\x03\
\x00\x00$\xa6h\x09\xac8\xc5K\x00\x80\x0eP\xba\x04\
\x00Xa\x0a\x97\xc0:Q\xc0\x04\x00\x80\xf5\xa4h\x09\
t\xcc\xcb\x88\xf8\xcb\xee\xc1\xc9\x8f\xa9\x83\x00\x00p;\
J\x97\x00\x00+J\xe1\x12Xg\x0a\x98\x00\x00\xd0m\
\x8a\x96@\xc7\x9d\xc6d\xe2\xe5\xcb\xd4A\x00\x00\xb89\
\xa5K\x00\x80\x15\xa4p\x09\xf0;\x05L\x00\x00\xe8\x06\
EK`\xcd(^\x02\x00\xac(\xa5K\x00\x80\x15\xa3\
p\x09\xf0q\x0a\x98\x00\x00\xb0Z\xda6\x9b\x94,[\
EK`-)^\x02\x00\xac \xa5K\x00\x80\x15\xa2\
p\x09p}\x0a\x98\x00\x00\xb0\x9c.\x8b\x96\xa3\xa6\x88\
\xa6uU\x05\xac=\xc5K\x00\x80\x15\xe3$\x0b\x00\xb0\
\x22\x14.\x01nO\x01\x13\x00\x00\xd2j\xda\xec\xcd\xea\
pEK\x80\x0f\x9cFD\xb9{p\xf2c\xea \x00\
\x00|\x9eS-\x00\xc0\x0aP\xb8\x04\x98\x9d,k\xa3\
\xc8\x9a(\xf2\xc9?\x00\x00\xc0|4m\x1e\xa3f\xb2\
6\xbcU\xb4\x04\xf8\x9c\x971\x99xy\x9a:\x08\x00\
\x00\x9f\xe6\x84\x0b\x00\xb0\xe4\xea\xaa\xdc\x89\x88\x93\x88\xd8\
K\x1c\x05\xa0s\xb2\x88(\xf2\xb1\x02&\x00\x00\xcc\xc8\
xZ\xb2\x1c7E\x981\x0fpc\x8a\x97\x00\x00+\
@\xe9\x12\x00`\x89M\x0b\x97/\x22b?u\x16\x80\
upY\xbe,\xf2\xb1\x033\x00\x00\x5cC\x1b\xf1f\
m\xf8\xb8\xc9S\xc7\x01\xe8\x02\xc5K\x00\x80%\xe7\x0e\
\x09\x00`I)\x5c\x02\xa4U\xe4\xcd\x9b5\xe4Yf\
F\x0f\x00\x00\x5cj\xda,\x9a&\x8fQSDcm\
8\xc0<(^\x02\x00,1'a\x00\x80%\xa4p\
\x09\xb0\x5c\xf2\xac}3\x013W\xc0\x04\x00`\x0d\x8d\
\x9b<\xc6\xedd\x9ae\xabh\x09\xb0\x08\x8a\x97\x00\x00\
K\xca\xa9\x18\x00`\xc9(\x5c\x02,\xb7,k\xdfL\
\xc0,\xf2&u\x1c\x00\x00\x98\x8b\xb7\xd7\x867M\x1e\
^=\x02HB\xf1\x12\x00`\x09)]\x02\x00,\x11\
\x85K\x80\xd5\x92ED\x9e7o\xa6`:d\x03\x00\
\xb0\xca\x9a6\xfb\xbdhi\x9a%\xc0\xb2P\xbc\x04\x00\
X2N\xcc\x00\x00KB\xe1\x12`\xf5\xe5Y\x1b\xbd\
|\x1cy\xdeXC\x0e\x00\xc0\xd2k#\xa2i\xf27\
\xab\xc3\xad\x0d\x07XZ\x8a\x97\x00\x00K$O\x1d\x00\
\x00\x807\x8eB\xe1\x12`\xa55m\x16\xc3q/^\
_\x0c\xe2\xecb\x10\xc3Q/\xc6\x8d\xa37\x00\x00\xcb\
\xa3i\xb3\x18\x8d\x8b8\x1f\xf5\xe3l\xb8\x11\xe7\xa3~\
\x8c\x9aB\xe1\x12`\xb9\xedG\xc4\x8b\xe9\x8b\xfb\x00\x00\
$\xd6K\x1d\x00\x00\x80\x88\xba*\x8f#\xe20u\x0e\
\x00f\xa7m\xb3\x18\xb5E\x8c\x9a\x22\x22b\xb2\x82<\
\x9b\xac\x22\xcfL\xc1\x04\x00`AL\xb3\x04\xe8\x8c\xfd\
\x98lJ*S\x07\x01\x00XwN\xd6\x00\x00\x89)\
\x5c\x02\xac\x9f,k\xdf)a\x02\x00\xc0,5m\x16\
\xe3\xa6\x98\xfeh\xf2:@\xc7<\xdb=8y\x9c:\
\x04\x00\xc0:S\xba\x04\x00HH\xe1\x12\x80,\x22r\
S0\x01\x00\xb8\x83\xb6\xcdb\xdc\xe6\xd14\x93\xb2\xa5\
O\x94\x00\x9d\xa7x\x09\x00\x90\x90\xd2%\x00\x9a\xd9;\
X\x00\x00 \x00IDAT@\x22uU~\x1f\x11\
OS\xe7\x00`\xb9\x98\x82\x09\x00\xc0u\x5c\xae\x0bo\
\x9a<\x1a+\xc3\x01\xd6\x91\xe2%\x00@\x22N\xe1\x00\
\x00\x09\xd4Uy\x18\x11\xc7\xa9s\x00\xb0\xfc.\x0b\x98\
y\xdeDn\x0a&\x00\xc0\xdaj\xda,\x9ai\xd1\xd2\
\xcap\x00\xa6\x14/\x01\x00\x12P\xba\x04\x00X0\x85\
K\x00n+\xcb\xdai\x01\xb3\x8d\x22\x1f;\xd4\x03\x00\
t\xd8\xe5\xca\xf0q3\x99f\xe9\xf5\x1b\x00>B\xf1\
\x12\x00`\xc1\xdc\xcf\x00\x00,\x90\xc2%\x00\xb3\x94g\
m\xe4y\x13\xbd\xbc\x89<\xb3\x8a\x1c\x00`\x95\xb5\x11\
1n\x8ah\x9aI\xd9\xb2\xb52\x1c\x80\xeb{\xbc{\
p\xf2,u\x08\x00\x80u\xe1\xc4\x0e\x00\xb0 uU\
\xeeG\xc4I\xea\x1c\x00t\x97U\xe4\x00\x00\xab\xa3\x8d\
x\xb3.\xbci\xf2h\x94,\x01\xb8\x1b\xc5K\x00\x80\
\x05q\x82\x07\x00X\x80i\xe1\xf2ED\xec\xa4\xce\x02\
\xc0z\xc8\x22\x22\xcf\x9b7E\xccL\x09\x13\x00 \xb9\
\xa6\xcdc\xd4(Y\x0207\x8a\x97\x00\x00\x0b\xe0D\
\x0f\x000g\x0a\x97\x00,\x83,k\xa7S0[%\
L\x00\x80\x05i\xda<\xc6\xd3\x82\xe5\xb8\xc9S\xc7\x01\
`=(^\x02\x00\xcc\x99\xd2%\x00\xc0\x1c\xd5U\xb9\
\x13\x93\x95\xe2{\x89\xa3\x00\xc0;\xf2\xac\x9dL\xc2\x9c\
\xae#\xf7\x80\x00\x00\xe0\xee\x94,\x01X\x02\xa7\x11\xf1\
\xed\xee\xc1\xc9\xcb\xd4A\x00\x00\xba\xca\x9d\x0a\x00\xc0\x9c\
L\x0b\x97/\x22b?u\x16\x00\xf8\x1c%L\x00\x80\
\x9bi#\xa6k\xc2\x95,\x01X:\x8a\x97\x00\x00s\
\xe4\x0e\x05\x00`\x0e\x14.\x01XuJ\x98\x00\x00\xef\
\xba,Y\x8e\xdb|Z\xb6\xf4\x09\x09\x80\xa5\xa6x\x09\
\x000'^\xbb\x04\x00\x98\x8f\xe3P\xb8\x04`\x855\
m\x16\xa3q\x11\xe7\xa3~\x9c\x0d7\xe2\xf5\xc5 \x86\
\xe3^\x8c\x9b<\xda\xd4\xe1\x00\x00\x16\xa0m\xb3\x185\
E\x0cG\xbdx}1\x88\xb3\xe1F\x9c\x8f\xfa1\x1a\
\x17\x0a\x97\x00\xac\x82\x9d\x88x>\x1d\x10\x00\x00\xc0\x0c\
y*\x00\x000cuU\x1eG\xc4a\xea\x1c\x000\
OY\xd6N\xa7`N~\xcc2UL\x00`\xb55\
m\xf6\xfb$\xcb6\x8bV\xb1\x12\x80nx\x19\x93\x89\
\x97\xa7\xa9\x83\x00\x00t\x85'\x06\x00\x003TW\xe5\
QD<I\x9d\x03\x00\x16)\x1fl\xc6\xd6\xee\xff\x17\
1\xfc%\xda\x8b\xb3\x88\xe1/\x11\x17g\xa9c\x01\x00\
|\x5c^D\xf4\xb6#\xdb\xb8\x1f1x\x10M\xf4\xe2\
\xec\x1f\x7fO\x9d\x0a\x00\xe6E\xf1\x12\x00`\x86z\xa9\
\x03\x00\x00tE]\x95\x87\xa1p\x09\xc0\x1a\xda\xf8\xfa\
\x9b\x88b\x10\xb1\xf5ud[\xd3/6\xe3I\xf9r\
t\x16\xed\xf9\xaf\x93\x9f\x03\x00\xa4R\x0c\x22\x06\x0f&\
%\xcb\xdevD\x7f\xeb\x9do\xe7\x111\xd8\xd9\x8d\xe1\
i\x9d&\x1f\x00\xcc\xd7~D\x1cG\xc4_R\x07\x01\
\x00\xe8\x02\x93.\x01\x00f`Z\xb8<N\x9d\x03\x00\
\x16m\xb0\xb3\x1b\xfd/\xffp\xbd\xdf<\xfc5\xe2\xe2\
U\xb4\xc3i\x09\xb3\x19\xcf7\x1c\x00\xb0\xbe\xde\x14,\
\xb7\x22\x06\x0f&\x93-\xaf\xe1\xec\x1f\x7f\x8ff\xf8z\
\xce\xe1\x00 \x99g\xbb\x07'\x8fS\x87\x00\x00Xu\
J\x97\x00\x00wTW\xe5~D\x9c\xa4\xce\x01\x00\x8b\
\x96\x0f6c\xebO\x7f\xbe\xfd\xbf`<\xb4\x92\x1c\x00\
\xb8\xbb\xfe\xd6\xef\xab\xc2\xaf\x98by\x13\xcd\xf0\xb55\
\xe3\x00t\x9d\xe2%\x00\xc0\x1d)]\x02\x00\xdc\xc1\xb4\
p\xf9\x22\x22vRg\x01\x80E\xdb\xfa\xd3\x9f#\x1f\
l\xce\xf6_:\x9d\x82\xf9\xa6\x88i\x1a&\x00\xf0\xb6\
b\x10\xd1\xdf\x8e\xac?\x9d`\xd9\xdb\xba\xf6\x14\xcb\xeb\
\xba\xf8\xaf\xff\xb4f\x1c\x80\xae{\xbc{p\xf2,u\
\x08\x00\x80U\xa5t\x09\x00pKuU\xeeD\xc4\xff\
\x0a\x85K\x00\xd6\xd0\x8d\xd6\x8a\xdf\xc5\xdb\xd30/\x8b\
\x98\x00\xc0z\xc8\x8b\xb7&XnE\xf4\xb7'\xa5\xcb\
\x05\xb0f\x1c\x805\xa0x\x09\x00pKJ\x97\x00\x00\
\xb70-\x5c\xbe\x88\x88\xfd\xd4Y\x00`\xd1\xb2^?\
\xb6\xbf\xf9\xf7t\x01\x86\xbfF\x5c\xbc\xfa}\x1a\xe6x\
\x98.\x0b\x000;\x83\x07\x11\xfd\xad\xc9\x14\xcb;\xae\
\x09\xbf+k\xc6\x01X\x13\xdf\xee\x1e\x9c\xfc-u\x08\
\x00\x80U\xa3t\x09\x00p\x0buU\x9e\x84\xc2%\x00\
kj\xf3_\xf7\xa2\xd8\xbc\x97:\xc6\xef\x9aq\xc4\xe8\
\xccZr\x00X%KT\xb0\xfc\x18k\xc6\x01X\x03\
\xa71)^\xbeL\x1d\x04\x00`\x95(]\x02\x00\xdc\
P]\x95\xc7\x11q\x98:\x07\x00\xa4\xd0\xbb\xbf\x13\x1b\
_\x7f\x93:\xc6\xe7\x8d\x87\x11\x17\xaf\x22Fg\xd1\x9e\
\xff\x1a1z\xa5\x88\x09\x00\xa9\xac@\xc1\xf2*m3\
\x8e\xb3\x7f\xfc=\xda\xd1E\xea(\x000O\x8a\x97\x00\
\x007\xa4t\x09\x00p\x03uU\x1eE\xc4\x93\xd49\
\x00 \x85,/b\xeb\x9b\x7f\x8b,/RG\xb9\x1d\
EL\x00\x98\xaf\xbc\x88\xe8mG\xb6q?\xa2\xb7\x15\
Ql\xacL\xc1\xf2c\xc6\xaf\x7f\x8b\xd7\xff\xfc1u\
\x0c\x00\x98\xb7\x971)^\x9e\xa6\x0e\x02\x00\xb0\x0a\x94\
.\x01\x00\xae\xa9\xae\xca\xc3\x888N\x9d\x03\x00R\xd9\
\xf8\xfa\x9b\xe8\xdd\xdfI\x1dc\xb6\x141\x01\xe0v\x8a\
AD\x7f{2\xbdr\xf0`\xf2\xebb\x90:\xd5\x5c\
\x9c\xff\xfcS\x8c~\xd5A\x01\xa0\xf3\x14/\x01\x00\xae\
\xa9\x97:\x00\x00\xc0*\xa8\xab\xf2Q(\x5c\x02\xb0\xc6\
\x8a\xcd{\xdd+\x5cF\xbcU\x10\xd9\x89\xec\xfe\xf4k\
\xcd8bt\x161\xfc%\xda\x8b\xb3I)s<L\
\x99\x12\x00\xd2\x9a\x96*\xb3\xfeVD\x7f;bp\xff\
\xf3\x7f\xa6C\x06_\xfd1\xc6\xaf~\x89\xd6\x8b\x19\x00\
t\xdb~D\x1cE\xc4\xe3\xd4A\x00\x00\x96\x9dI\x97\
\x00\x00\x9fQW\xe5~D\xbc\x88\x88\x0e6M\x00\xe0\
z\xb6\xfe\xf4\xe7\xc8\x07\x9b\xa9c\xa45\xfc5\xe2\xe2\
\xd5\xa4\x889\x1eF\x0c\x7fI\x9d\x08\x00f\xeb\xed\xe9\
\x95\x1dY\x0f>+\x17\xff\xf7\xe7\x18\xfe\x9f\xff\x9d:\
\x06\x00,\xc2\xb3\xdd\x83\x13\xc5K\x00\x80OP\xba\x04\
\x00\xf8\x84\xba*\xf7\x22\xe2$\x14.\x01Xc\xfd/\
\xbe\x8e\xc1W\x7fL\x1dc9]\x9cE\x8c\xcf\x7f_\
O>>7\x15\x13\x80\xe5\x97\x17\x11\xbd\xed\x88\xfe\xd6\
\xa4`Yl\xac\xdd\xf4\xca\xdbx\xfd\xcf\x1fc\xfc\xfa\
\xb7\xd41\x00`\x11\xbe\xdb=8\xf9!u\x08\x00\x80\
e\xa5t\x09\x00\xf0\x11uU\xee\xc4d\xc2\xe5~\xea\
,\x00\x90J\x96\x17\xb1\xf5\xcd\xbfE\x96\x17\xa9\xa3\xac\
\x8e\xcb\xf5\xe4\xa6b\x02\x90\xda\xdb\xe5\xca\xe9\x14\xcb\xe8\
mM\xbe\xce\x8d5\xc3\xd7q\xf6\x8f\xbf\xa7\x8e\x01\x00\
\x8b\xf2x\xf7\xe0\xe4Y\xea\x10\x00\x00\xcbH\xe9\x12\x00\
\xe0#\xea\xaa|\x11\x11\x0fS\xe7\x00\x80\x946\xbe\xfe\
&z\xf7\x0d|\x9e\x89\xf1\xf0M\x01\xb3\xbd\x9c\x90y\
q\x96:\x15\x00]\xa0\x5c\xb90\xc3\xff\xf3\xbf\xe3\xe2\
\xff\xfe\x9c:\x06\x00,J\xb9{p\xf22u\x08\x00\
\x80e\xa3t\x09\x00p\x85\xba*\x8f#\xe20u\x0e\
\x00H)\x1fl\xc6\xd6\x9f\xfe\x9c:F\xf7\xbd\xbd\xa2\
\x5c\x19\x13\x80O)\x06\x93U\xe0\xca\x95\xc9\xb4\xcd8\
\xce~\xfa\x9f\xd16\xe3\xd4Q\x00`\x11N#\xe2[\
\xc5K\x00\x80w)]\x02\x00\xbc\xa7\xae\xca'\x11q\
\x94:\x07\x00\xa4\xb6\xf9\xaf{Ql\xdeK\x1dc}\
\xbd]\xc6\x1c\x0d\xad)\x07X'\xfd\xad\x88b#\xb2\
\xfe\xd6\xefE\xcb\xc1\xfd\xd4\xa9\x98\x1a\xfdz\x1a\xe7?\
\xff\x94:\x06\x00,\xca\x8f1\x99xy\x9a:\x08\x00\
\xc0\xb2P\xba\x04\x00xK]\x95\x87\x11q\x9c:\x07\
\x00\xa4Vl?\x88\xcd?\xfc\xb7\xd41\xb8\xca\xdbk\
\xca\x9b\xf1\xa4\x9c9z\x15a\xe2\x16\xc0j\xb9jj\
e1\x98\xfc\xc3\xd2;\xfb\xc7\xdf\xa3\x19\xbeN\x1d\x03\
\x00\x16\xe5eL&^*^\x02\x00DD/u\x00\
\x00\x80eQW\xe5~\x98p\x09\x00\x11\x11\xb1\xf1\xd5\
\x9fRG\xe0c.\x0b9\x83\xfb\x1f\xbeM;\xfcu\
2\x1ds<\x9c\xac*o\xc6\xa6c\x02\xa4\xf4v\xb1\
2/\x22\x06\x0f\x22\xb2b2\xc9\x92\x956\xf8\xea\x8f\
\xf1\xfa\x9f?\xa6\x8e\x01\x00\x8br\xf9\xec\xfcq\xea \
\x00\x00\xcb\xc0\xa4K\x00\x80\x88\xa8\xabr/\x22N\x22\
b'q\x14\x00Hn\xb0\xb3\x1b\xfd/\xff\x90:\x06\
\xb3t9\x1d\xf3\xe2UD;\x8e\xf6\xfc\xd7\x88v4\
\x99\x92\x09\xc0\xdd(V\xae\xad\xf3\x9f\x7f\x8a\xd1\xaf\x06\
~\x01\xb0V~\xd8=8\xf9.u\x08\x00\x80\xd4\x94\
.\x01\x80\xb5WW\xe5ND\xbc\x88\xc9\xdb\xba\x00\xb0\
\xd6\xb2\xbc\x88\xado\xfemR\x1aa=\x5cU\xc8\x8c\
0!\x13\xe0m\x83\x07\x11y\x11Y\x7fkZ\xa8\xb4\
\x0a\x9c\x88vt\x11g\xff\xf8{\xb4\xcd8u\x14\x00\
X\xa4\xc7\xbb\x07'\xcfR\x87\x00\x00HI\xe9\x12\x00\
X{uU>\x8f\x88G\xa9s\x00\xc02\xd8\xf8\xfa\
\x9b\xe8\xdd7\xf8\x99\xa9f\x1c1:\xfb}e\xf9h\
Z\xd0\x9c\xfe\x1a\xa03\x06\x0f\x22\x22\x22\xdb\xb8\xff\xce\
\xafcp?Q V\xc5\xc5\x7f\xfdg\x0cO\xeb\xd4\
1\x00`\xd1\xbe\xdd=8\xf9[\xea\x10\x00\x00\xa9(\
]\x02\x00k\xad\xae\xca\xa3\x88x\x92:\x07\x00,\x83\
\xac\xd7\x8f\xedo\xfe=u\x0cV\xc9\xc5YD;\xfe\
}J\xe6\xc5\xd9\xb4\xa8\xf9j\xf2#\xc0\xb2P\xaad\
N\xdaf\x1cg?\xfdO\xd3.\x01X7\xa71)\
^\xbeL\x1d\x04\x00 \x05\xa5K\x00`m\xd5Uy\
\x18\x11\xc7\xa9s\x00\xc0\xb2\xd8\xfc\xc3\x7f\x8bb\xfbA\
\xea\x18t\xc9\xfb\xa5L\x932\x81y\xe8oEd\xbd\
\x88b\x10Yo\xba\xf2\xbb\xd8\x98\xae\x01\xdfJ\x9d\x8e\
50\xfa\xf54\xce\x7f\xfe)u\x0c\x00X\xb4\x1f#\
\xa2\xdc=89M\x1d\x04\x00`\xd1z\xa9\x03\x00\x00\
\xa4PW\xe5~(\x5c\x02\xc0\x1b\xc5\xe6=\x85Kf\
\xef\xb2\xec4\x9d$\xf7\xc1\xdb\xbf\x97\xeb\xcb#\x22\x86\
\xbfDDD{\xfe\xeb\xe4\xd7\xa6e\x02\x11\xbfO\xa4\
\xecoE\x96\x17\xd3\x22\xe5\xf6\xf4{\xa6T\xb2\x1cz\
\xf7w\xe2\xe2\x97\x9f\xa3\x19\xbeN\x1d\x05\x00\x16i/\
\x22^DD\x998\x07\x00\xc0\xc2\x99t\x09\x00\xac\x9d\
\xba*\xf7\x22\xe2$\x22v\x12G\x01\x80\xa5\xb1\xf9\xaf\
{Ql\xdeK\x1d\x03>tU1\xf3rbf;\
\x9aL\xd3\x04V\xcfe\x99\xf2r:\xe5{_\x8bb\
\x90&\x17\xdc\xd2\xf8\xf5o\xf1\xfa\x9f?\xa6\x8e\x01\x00\
)<\xdb=8y\x9c:\x04\x00\xc0\x22)]\x02\x00\
k\xa5\xae\xca\x9d\x98\xbc}\xbb\x9f:\x0b\x00,\x8bb\
\xf3^l\xfe\xeb^\xea\x18p7\x97\xab\xcc#>,\
gF\x98\x9c\x09\x8bp\xb9\xe6;\x22\xb2\x8d\xe9\x14\xca\
\xb7'S*S\xd2q\xaf\xff\xf9c\x8c_\xff\x96:\
\x06\x00\xa4\xf0\xdfw\x0fN\xbeO\x1d\x02\x00`Q\x94\
.\x01\x80\xb5RW\xe5\xf3\x88x\x94:\x07\x00,\x93\
\xedo\xfe=\xb2^?u\x0cX\x9c\xe1t\x85y3\
z3E\xf3\x9d\x82\xe6\xf8\xfc\xf7\x9f\xc3:+\x06\x11\
\xc5\xc6\x9b\x9f\xbf\x99H\xf9\xde\xd7\x15)a\xa2\x19\xbe\
\x8e\xb3\x7f\xfc=u\x0c\x00H\xe5\xf1\xee\xc1\xc9\xb3\xd4\
!\x00\x00\x16A\xe9\x12\x00X\x1buU\x1eE\xc4\x93\
\xd49\x00`\x99\xf4\xee\xef\xc4\xc6\xd7\xdf\xa4\x8e\x01\xcb\
k\xfcV\x19\xf3\xad\x92fDD{\xfe\xeb[\xbfO\
Q\x93%w\xb9\xba;\xe2\xdd\x02\xe5\xfb\xdf\xebmE\
\xe4\xc5\xe2rA\xc7\x9c\xff\xfcS\x8c~=M\x1d\x03\
\x00R8\x8d\x88ow\x0fN^\xa6\x0e\x02\x000o\
J\x97\x00\xc0Z\xa8\xab\xf20\x22\x8eS\xe7\x00\x80e\
c\xca%\xcc\xc9\xf0\xadB\xe6\xfbe\xcd\xb7\xa7jN\
\xbe0Y\x8f\x0e\x9f\xf2\xd6\xea\xee\x88\xf8\xb08\xf9\xf6\
\xf4\xc9\x08\xe5IH\xa4\x1d]\xc4\xab\x9f\xfeG\xea\x18\
\x00\x90\xcaiD\xfc\xff\xbb\x07'\xde@\x00\x00:M\
\xe9\x12\x00\xe8\xbc\xba*\xf7#\xe2ED\xec\xa4\xce\x02\
\x00\xcb\xc4\x94KXbo\x976#>(nFD\
\xb4\xcd\xf8\xea\xb2\xe6\xe8UD3\x9ec8\xae\xe5\xfd\
\x92\xe4T\xb6q\xff\xc3\xdf\xfb\xf6\xa4\xc9\x88\x88\xac\x98\
\xfcy`%\x99v\x09\xc0\x9a{\x19\x93\x89\x97\xfe2\
\x04\x00:\xeb\xc3\xa7~\x00\x00\x1dRW\xe5N(\x5c\
\x02\xc0\x95\x06_\xee\xa6\x8e\x00|\xcc\xe0\x8ab\xde{\
\x1fio\xfc6\xf5\xfbE\xceK\x9fY\x8d\xfe\xd1r\
\xe7\xa7,z\xddz^D\xf4\xb6o\xfe\xe7\xde\x9f\x16\
\xf9\x91\xdf\xf3\xce\x04\xc9\xf7]\xf9\xdf\x0aXg\x83\xaf\
\xfe\x18\xe3W\xbfL\xfe\xff\x09\x00\xebg?\x22\x8e\x22\
\xe2q\xea \x00\x00\xf3b\xd2%\x00\xd0iuU\x9e\
\xc4\xe4!\x0f\x00\xf0\x96\xfe\x17_\xc7\xe0\xab?\xa6\x8e\
\x01\x00\xd0I\x17\xff\xf5\x9f1<\xadS\xc7\x00\x80\x94\
\xbe\xdb=8\xf9!u\x08\x00\x80y\xc8S\x07\x00\x00\
\x98\x97\xba*\x8fC\xe1\x12\x00>\x90\xe5E\xf4\xbf\xfc\
C\xea\x18\x00\x00\x9d\xd5{\xf0/\x91\xe5E\xea\x18\x00\
\x90\xd2Q]\x95\x8fR\x87\x00\x00\x98\x07\xa5K\x00\xa0\
\x93\xea\xaa|\x12\x11\x87\xa9s\x00\xc02\xea\x7f\xf1\xb5\
\x12\x00\x00\xc0\x1cey\x11\xfd/\xbeN\x1d\x03\x00R\
;\xae\xab\xd2`\x04\x00\xa0s\x94.\x01\x80\xce\xa9\xab\
\xf2aD\x1c\xa5\xce\x01\x00\xcb(\xcb\x8b\xe8=\xf8\x97\
\xd41\x00\x00:\xcf\xb4K\x00\x88\x9d\x88x^W\xe5\
N\xea \x00\x00\xb3\xa4t\x09\x00tJ]\x95{\x11\
\xf1<u\x0e\x00XV\xa6\x5c\x02\x00,\x86i\x97\x00\
\x10\x11\x11{\xe1\x99=\x00\xd01J\x97\x00@gL\
\xdf\x96}\x1e\x93\xb7g\x01\x80+\x98r\x09\x00\xb08\
\xa6]\x02@DD<\xac\xab\xd2v*\x00\xa03\x94\
.\x01\x80.9\x8a\x88\xfd\xd4!\x00`Y\xf5\xee\xef\
\xb8\xf4\x07\x00X \xd3.\x01\xe0\x8d'uU\x1e\xa6\
\x0e\x01\x000\x0bJ\x97\x00@'\xd4U\xf9$\x22\x0e\
S\xe7\x00\x80e6\xf8r7u\x04\x00\x80\xb5c\xda\
%\x00\xbcq\x5cW\xa5\xc1\x09\x00\xc0\xcaS\xba\x04\x00\
V^]\x95\x0fc2\xe5\x12\x00\xf8\x88\xde\xfd\x9d\xc8\
z\xfd\xd41\x00\x00\xd6\x8ei\x97\x00\xf0\x8e\x17uU\
\xee\xa4\x0e\x01\x00p\x17J\x97\x00\xc0J\xab\xabr/\
\x22\x9e\xa7\xce\x01\x00\xcb\xce\x94K\x00\x80tL\xbb\x04\
\x807v\x22\xe2E\xea\x10\x00\x00w\xa1t\x09\x00\xac\
\xba\xe71yH\x03\x00|\x84)\x97\x00\x00i\x99v\
\x09\x00\xef\xd8\xaf\xab\xf28u\x08\x00\x80\xdbR\xba\x04\
\x00V\xd6\xf4\xa1\xcc~\xea\x1c\x00\xb0\xecL\xb9\x04\x00\
H\xcf\xb4K\x00x\xc7a]\x95\x87\xa9C\x00\x00\xdc\
\x86\xd2%\x00\xb0\x92\xa6\x0fc\x0e\x13\xc7\x00\x80\xa5W\
l\xde3\xe5\x12\x00`\x09\x98v\x09\x00\x1f8\xae\xab\
\xd2`\x05\x00`\xe5(]\x02\x00+g\xfa\x10\xc6\xea\
\x11\x00\xb8\x86\xfe\x97\x7fH\x1d\x01\x00\x80\xa9\xde\x83\x7f\
I\x1d\x01\x00\x96\xcd\xf3\xba*wR\x87\x00\x00\xb8\x09\
\xa5K\x00`\xa5L\x1f\xbe<O\x9d\x03\x00VA\xb1\
y/\x8a\xcd{\xa9c\x00\x000\x95\xe5E\xf4\xee\xeb\
\x95\x00\xc0[\xf6\xc23\x7f\x00`\xc5(]\x02\x00\xab\
\xe6yL\x1e\xc2\x00\x00\x9f\xd1\xbb\xe7B\x1f\x00`\xd9\
\x0c\xbe\xdcM\x1d\x01\x00\x96\xcd\xc3\xba*\x8fR\x87\x00\
\x00\xb8.\xa5K\x00`e\xd4U\xf9}D<L\x1c\
\x03\x00VB\xd6\xeb\x9b\xa2\x04\x00\xb0\x84|N\x03\x80\
+=\xa9\xab\xf20u\x08\x00\x80\xeb\xc8R\x07\x00\x00\
\xb8\x8e\xba*\x1fF\xc4\x8b\xd49\x00`Ul|\xfd\
\x8d\xcb|\x00\x80%\xd5\x0c_\xc7\xd9?\xfe\x9e:\x06\
\x00,\x9b\xd3\x88\xf8v\xf7\xe0\xe4e\xea \x00\x00\x9f\
b\xd2%\x00\xb0\xf4\xea\xaa\xdc\x8b\xc9Zq\x00\xe0\x1a\
\xb2\xbc\x88b\xfbA\xea\x18\x00\x00|D>\xd8\x8cb\
\xf3^\xea\x18\x00\xb0lv\x22\xe2\xb8\xaeJo\x91\x02\
\x00KM\xe9\x12\x00X\x05\xcfc\xf2\xb0\x05\x00\xb8\x86\
\xfe\x17_G\x96\x17\xa9c\x00\x00\xf0\x09\xfd/\xff\x90\
:\x02\x00,\xa3\xfd\x888N\x1d\x02\x00\xe0S\x94.\
\x01\x80\xa5VW\xe5QL\x1e\xb2\x00\x00\xd7\xd4\xbb\xe7\
]\x05\x00\x80eWl\xde\x8b\xac\xd7O\x1d\x03\x00\x96\
\xd1\xa3\xba*\x9f\xa4\x0e\x01\x00\xf01J\x97\x00\xc0\xd2\
\xaa\xab\xf2QDx\xb0\x02\x007\xd0\xbb\xbf\xe3\xf2\x1e\
\x00`E\x0c\xbe\xdcM\x1d\x01\x00\x96\xd5Q]\x95\x0f\
S\x87\x00\x00\xb8\x8a\xd2%\x00\xb0\x94\xea\xaa\xb4B\x04\
\x00n\xc1\x94K\x00\x80\xd5\xe1\x85\x19\x00\xf8\xa4\xe7u\
Uz\xd0\x01\x00,\x1d\xa5K\x00`\xe9L\x1f\xa2\x1c\
G\x84\x87)\x00p\x03\xf9`3\x8a\xcd{\xa9c\x00\
\x00p\x03\xfd\xfb_\xa5\x8e\x00\x00\xcbj'\x22\x9e\xa7\
\x0e\x01\x00\xf0>\xa5K\x00`\x19\x1dE\xc4~\xea\x10\
\x00\xb0j\xfa\x0f\xbeN\x1d\x01\x00\x80\x1b\xea=\xf8\x97\
\xd4\x11\x00`\x99=\xac\xab\xf2(u\x08\x00\x80\xb7)\
]\x02\x00K\xa5\xae\xca\xc3\x888L\x1c\x03\x00VN\
\x96\x17\xd1\xbboH4\x00\xc0\xaa\xf19\x0e\x00>\xeb\
I]\x95\x8fR\x87\x00\x00\xb8\xa4t\x09\x00,\x8d\xba\
*\xf7c2\xe5\x12\x00\xb8\xa1\xfe\x17\xa6\x5c\x02\x00\xac\
*\x13\xcb\x01\xe0\xb3\x8e\xeb\xaa\xdcK\x1d\x02\x00 B\
\xe9\x12\x00X\x12uU\xeeD\xc4qD\x18\xed\x00\x00\
\xb7\xd0\xbb\xe7\xafP\x00\x80U\x95\x0f6\xa3\xd8\xbc\x97\
:\x06\x00,\xb3\x9d\x88x\x9e:\x04\x00@\x84\xd2%\
\x00\xb0<\x8e\x22b?u\x08\x00XE\xc5\xf6\x83\xc8\
z\xfd\xd41\x00\x00\xb8\x03/\xd1\x00\xc0g\xed\xd7U\
i[\x16\x00\x90\x9c\xd2%\x00\x90\x5c]\x95\x87\x11q\
\x988\x06\x00\xac\xac\xfe\xbd\xafRG\x00\x00\xe0\x8ez\
\xf7w\xbcH\x03\x00\x9f\xf7\xa4\xae\xcaG\xa9C\x00\x00\
\xebM\xe9\x12\x00H\xaa\xae\xca\xfd\x98L\xb9\x04\x00n\
!\xeb\xf5\xa3\xd8~\x90:\x06\x00\x003\xd0\xbf\xefe\
\x1a\x00\xb8\x86\xe3\xba*\xf7R\x87\x00\x00\xd6\x97\xd2%\
\x00\x90\xdaqD\xd8\x9f\x05\x00\xb7\xd4\x7f\xf0u\xea\x08\
\x00\x00\xcc\x88\x15\xe3\x00p-;\x11\xf1<u\x08\x00\
`})]\x02\x00\xc9\xd4Uy\x14\x11\xfb\xa9s\x00\
\xc0*\xeb\xddw1\x0f\x00\xd0\x15Y\xaf\xef\xf3\x1d\x00\
\x5c\xcf\xfe\xf4\x8e\x01\x00`\xe1\x94.\x01\x80$\xea\xaa\
|\x14\x11OR\xe7\x00\x80U\xd6\xbb\xbf\x13Y^\xa4\
\x8e\x01\x00\xc0\x0c\x99v\x09\x00\xd7\xf6dz\xd7\x00\x00\
\xb0PJ\x97\x00\xc0\xc2\xd5U\xb9\x17\x93\xb5\xe2\x00\xc0\
\x1d\xf4\xb6\xbeH\x1d\x01\x00\x80\x19+6\xefE\xd6\xeb\
\xa7\x8e\x01\x00\xab\xe2xz\xe7\x00\x00\xb00J\x97\x00\
@\x0a\xc7\x11al\x03\x00\xdcA\xd6\xebG\xb1\xfd \
u\x0c\x00\x00\xe6\xa0\xff\xe0\xeb\xd4\x11\x00`U\xecD\
\xc4\xf3\xd4!\x00\x80\xf5\xa2t\x09\x00,T]\x95\xdf\
G\xc4\xc3\xc41\x00`\xe5\xf5\xef\x7f\x95:\x02\x00\x00\
s\xd2\xbb\xef]U\x00\xb8\x81\xfd\xba*\x8fR\x87\x00\
\x00\xd6G\x96:\x00\x00\xb0>\xea\xaa|\x18\x11/R\
\xe7\x00\x80.\xd8\xfe\xe6\xdf\xad\x9d\x04\x00\xe8\xb0\xf3\x9f\
\x7f\x8a\xd1\xaf\xa7\xa9c\x00\xc0*\xf9v\xf7\xe0\xe4o\
\xa9C\x00\x00\xddg\xd2%\x00\xb0\x10uU\xee\xc4d\
\xad8\x00pG\xc5\xe6=\x85K\x00\x80\x8e\xebm}\
\x91:\x02\x00\xac\x9a\xe7\xd3\xbb\x08\x00\x80\xb9R\xba\x04\
\x00\x16\xe58\x22\xf6R\x87\x00\x80.\xe8\xdds\x7f\x00\
\x00\xd0u\xc5\xf6\x03/\xda\x00\xc0\xcd\xecD\xc4\xf3\xd4\
!\x00\x80\xeeS\xba\x04\x00\xe6\xae\xae\xca\xc3\x88x\x94\
:\x07\x00tA\x96\x17\xd1\xbb\xaft\x09\x00\xb0\x0e\xfa\
\xf7\xbfJ\x1d\x01\x00V\xcd\xc3\xba*\x9f\xa4\x0e\x01\x00\
t\x9b\xd2%\x000WuU\xeeG\xc4Q\xea\x1c\x00\
\xd0\x15\xc5\xf6\x83\xd4\x11\x00\x00X\x10\x13\xce\x01\xe0V\
\x8e\xa6w\x13\x00\x00s\xa1t\x09\x00\xcc\xdbqLV\
z\x00\x003\xe0\xe2\x1d\x00`}d\xbd~\x14\x9b\xf7\
R\xc7\x00\x80U\xf4\xbc\xaeJ\x0fQ\x00\x80\xb9P\xba\
\x04\x00\xe6\xa6\xae\xca\xa3\x88\xf06)\x00\xcc\x88Kw\
\x00\x80\xf5\xe3\xa5\x1b\x00\xb8\x95\xbd\xb0\x85\x0b\x00\x98\x13\
\xa5K\x00`.\xea\xaa|\x18\x11OR\xe7\x00\x80.\
\xe9m\x7f\x91:\x02\x00\x00\x0bVl?\x88,/R\
\xc7\x00\x80UtXW\xe5a\xea\x10\x00@\xf7(]\
\x02\x0037]\xd9q\x9c:\x07\x00tM\xff\xc1\xd7\
\xa9#\x00\x00\xb0`Y^D\xb1\xfd u\x0c\x00X\
UGuU\xee\xa5\x0e\x01\x00t\x8b\xd2%\x000\x0f\
\xc71Y\xdd\x01\x00\xccH>\xd8\x8c\xac\xd7O\x1d\x03\
\x00\x80\x04\xac\x18\x07\x80[\xdb\x89\x88\xe7\xa9C\x00\x00\
\xdd\xa2t\x09\x00\xcc\xd4tU\xc7\xa3\xd49\x00\xa0k\
\x5c\xb4\x03\x00\xac\xafb\xf3\x9e\x17p\x00\xe0\xf6\xf6\xeb\
\xaa\xfc>u\x08\x00\xa0;\x94.\x01\x80\x99\x99\xae\xe8\
8J\x9d\x03\x00\xba\xa8\xb7\xfdE\xea\x08\x00\x00$\xe4\
\xf3 \x00\xdc\xc9\xd3\xba*\x1f\xa6\x0e\x01\x00t\x83\xd2\
%\x000K\xc71Y\xd5\x01\x00\xcc\x90\xd5\xe2\x00\x00\
\x98|\x0e\x00wv\x5cW\xa5\xbfP\x01\x80;S\xba\
\x04\x00fb\xba\x9a\xe3a\xe2\x18\x00\xd0I\xfd\x07_\
\xa7\x8e\x00\x00@b^\xc4\x01\x80;\xdb\x0b\xdb\xba\x00\
\x80\x19P\xba\x04\x00\xee\xac\xae\xca\xfd\x88x\x9a:\x07\
\x00tU\xb1\xfd u\x04\x00\x00\x96\x80\x97q\x00\xe0\
\xce\x0e\xeb\xaa|\x94:\x04\x00\xb0\xda\x94.\x01\x80Y\
8N\x1d\x00\x00\xba\xaa\xd8~\x10Y^\xa4\x8e\x01\x00\
\xc0\x12\xe8m\x7f\x91:\x02\x00t\xc1q]\x95{\xa9\
C\x00\x00\xabK\xe9\x12\x00\xb8\x93\xba*\x8f\x22b?\
u\x0e\x00\xe8\xaa\xde\x96\x8bu\x00\x00&\xb2^?\xf2\
\xc1f\xea\x18\x00\xb0\xeav\xc20\x09\x00\xe0\x0e\x94.\
\x01\x80[\xab\xab\xf2aD<I\x9d\x03\x00\xba\xccj\
q\x00\x00\xde\xd6\xbb\xb7\x93:\x02\x00t\xc1\xc3\xba*\
\xddo\x00\x00\xb7\xa2t\x09\x00\xdcJ]\x95\xde\x04\x05\
\x809+6\xefY-\x0e\x00\xc0;\xac\x18\x07\x80\x99\
yZW\xa5M^\x00\xc0\x8d)]\x02\x00\xb7\xf54\
\x22\xf6R\x87\x00\x80.+\xb6L\xb9\x04\x00\xe0]V\
\x8c\x03\xc0\xcc\x18.\x01\x00\xdc\x8a\xd2%\x00pcu\
U>\x0ak\xc5\x01`\xeeL1\x02\x00\xe0*V\x8c\
\x03\xc0\xcc\xec\xd7U\xf9}\xea\x10\x00\xc0j\xc9R\x07\
\x00\x00V\xcbt\xad\xf8\xff\x8a\xc9\x1b\xa0\x00\xc0\x9c\xe4\
\x83\xcd\xd8\xfa\xd3\x9fS\xc7\x00\x00`\x09\xb5\xa3\x8bx\
\xf5\xd3\xffH\x1d\x03\x00\xba\xa4\xdc=8y\x99:\x04\
\x00\xb0\x1aL\xba\x04\x00n\xea8\x14.\x01`\xeeL\
/\x02\x00\xe0c\xac\x18\x07\x80\x99{>\x1d:\x01\x00\
\xf0YJ\x97\x00\xc0\xb5M\xd7\x8a?J\x9d\x03\x00\xd6\
\x81\xd5\xe2\x00\x00|\x8a\x97t\x00`\xa6\xf6\x22\xe2i\
\xea\x10\x00\xc0jP\xba\x04\x00\xaee\xfa\x86\xe7q\xea\
\x1c\x00\xb0\x0e\xb2^?\xb2^?u\x0c\x00\x00\x96X\
\xb1y/u\x04\x00\xe8\x9a'uU>L\x1d\x02\x00\
X~J\x97\x00\xc0uY+\x0e\x00\x0bb\xca%\x00\
\x00\x9f\x93\x0f6\xbd\xa8\x03\x00\xb3wl\xcd8\x00\xf0\
9J\x97\x00\xc0gY+\x0e\x00\x8bUl=H\x1d\
\x01\x00\x80\x15\xe0e\x1d\x00\x98\xb9\xbd\x888J\x1d\x02\
\x00XnJ\x97\x00\xc0'Y+\x0e\x00\x8b\x95\xe5\x85\
U\x91\x00\x00\x5cK\xef\x9eA\x5c\x000\x07\x87\xd3a\
\x14\x00\x00WR\xba\x04\x00>\xc7Zq\x00X\xa0b\
\xdb\x94K\x00\x00\xae'\x1flF\x96\x17\xa9c\x00@\
\x17Y3\x0e\x00|\x94\xd2%\x00\xf0Q\xd6\x8a\x03\xc0\
\xe2\x15\x1b\xa6\x5c\x02\x00p}^\xda\x01\x80\xb9\xb0\x05\
\x0c\x00\xf8(\xa5K\x00\xe0J\xd6\x8a\x03@\x1a.\xcd\
\x01\x00\xb8\x89\xde\xd6\x17\xa9#\x00@W=\xb2f\x1c\
\x00\xb8\x8a\xd2%\x00\xf01\xd6\x8a\x03\xc0\x82Y\x0f\x09\
\x00\xc0M\xe5\x9b\xdb\xa9#\x00@\x97Y3\x0e\x00|\
@\xe9\x12\x00\xf8\x80\xb5\xe2\x00\x90Fo\xdb\x94\x22\x00\
\x00n&\xcb\x8b(6\xef\xa5\x8e\x01\x00]e+\x18\
\x00\xf0\x01\xa5K\x00\xe0\x1d\xd6\x8a\x03@:\xc5\x96\xd5\
\xe2\x00\x00\xdc\x9c\xcf\x91\x000W\xd6\x8c\x03\x00\xefP\
\xba\x04\x00\xdeg\xad8\x00$\x90\xe5E\xe4\x83\xcd\xd4\
1\x00\x00XA&]\x02\xc0\xdcY3\x0e\x00\xbc\xa1\
t\x09\x00\xbca\xad8\x00\xa4\x93on\xa7\x8e\x00\x00\
\xc0\x8a\xca\x07\x9b\x91\xf5\xfa\xa9c\x00@\x97\xd9\x12\x06\
\x00\xbc\xa1t\x09\x00D\xc4\x9b\xb5\xe2G\xa9s\x00\xc0\
\xba\xeam}\x91:\x02\x00\x00+\xcc\xb4K\x00\x98;\
k\xc6\x01\x80\x88P\xba\x04\x00~\xf74\x22\xf6R\x87\
\x00\x80u\xe5\x92\x1c\x00\x80\xbb\xf0\x12\x0f\x00,\x845\
\xe3\x00\x80\xd2%\x00\x10QW\xe5\xc3\x88x\x92:\x07\
\x00\xac\xab\xac\xd7\xb7\x0e\x12\x00\x80;\xc97\xb7SG\
\x00\x80u\xb0\x13\x93!\x16\x00\xc0\x1aS\xba\x04\x00\x22\
\x22\x8eS\x07\x00\x80uf\xca%\x00\x00w\x95\xe5E\
\xe4\x83\xcd\xd41\x00`\x1d<\x99\x0e\xb3\x00\x00\xd6\x94\
\xd2%\x00\xac\xb9\xba*\xbf\x0fk\xc5\x01 \xa9bC\
\xe9\x12\x00\x80\xbb\xebm[1\x0e\x00\x0bb\xcd8\x00\
\xac1\xa5K\x00XcuU\xee\x875\x18\x00\x90\x5c\
\xb1\xfd u\x04\x00\x00: \xdf\xb0b\x1c\x00\x16d\
/\xdc\xaf\x00\xc0\xdaR\xba\x04\x80\xf5f\xad8\x00$\
\x96\x0f6#\xcb\x8b\xd41\x00\x00\xe8\x80b\xd3\x04u\
\x00X k\xc6\x01`M)]\x02\xc0\x9a\xaa\xab\xf2\
ID\xec\xa7\xce\x01\x00\xeb\xce\xc58\x00\x00\xb3\xe4\xf3\
%\x00,\xd4Q\xea\x00\x00\xc0\xe2)]\x02\xc0\x1a\xaa\
\xabr/\xac\xbd\x00\x80\xa5\x90\xf77SG\x00\x00\xa0\
C\x94.\x01`\xa1\xf6\xeb\xaa\xfc>u\x08\x00`\xb1\
\x94.\x01`=\x1dG\xc4N\xea\x10\x00\x80Kq\x00\
\x00f+\xdf\xd8N\x1d\x01\x00\xd6\xcd\xd3\xba*m\x16\
\x03\x805\xa2t\x09\x00k\xa6\xae\xcaG\x11\xf10u\
\x0e\x00 \x22\xeb\xf5#\xeb\xf5S\xc7\x00\x00\xa0C\xbc\
\xd4\x03\x00IX3\x0e\x00kD\xe9\x12\x00\xd6H]\
\x95;1\x99r\x09\x00,\x01\x17\xe2\x00\x00\xcc\x83\xcf\
\x99\x00\xb0p\x0f\xeb\xaa|\x92:\x04\x00\xb0\x18J\x97\
\x00\xb0^\x9e\x86\xb5\xe2\x00\xb04\x8a\x0d\x97\xe1\x00\x00\
\xcc\x9e\xd2%\x00$\xf1\xb4\xae\xca\xbd\xd4!\x00\x80\xf9\
S\xba\x04\x805QW\xe5\xc3\x88\xf0\x96%\x00,\x91\
|\xb0\x99:\x02\x00\x00\x1d\x94ol\xa7\x8e\x00\x00\xeb\
h'\xac\x19\x07\x80\xb5\xa0t\x09\x00\xeb\xc3A\x1f\x00\
\x96H\x96\x17J\x97\x00\x00\xcc\x85I\x97\x00\x90\xcc\xa3\
\xba*\x1f\xa5\x0e\x01\x00\xcc\x97\xd2%\x00\xac\x81\xba*\
\xbf\x8f\x88\xfd\xd49\x00\x80\xdf\xe5\x9b\xa6\x0f\x01\x000\
?^\xf0\x01\x80d\x8e\xea\xaa\xdcI\x1d\x02\x00\x98\x1f\
\xa5K\x00\xe8\xb8\xba*\xf7\x22\xe2?R\xe7\x00\x00\xde\
U\x0c\xb6RG\x00\x00\xa0\xc3L\xbb\x04\x80d\xf6\x22\
\xe2i\xea\x10\x00\xc0\xfc(]\x02@\xf7\x1dE\x847\
*\x01`\xc9\xe4\x1b&]\x02\x000?y\xdf\xa4K\
\x00H\xe8I]\x956\x90\x01@G)]\x02@\x87\
\xd5U\xf9(\x22\x1e\xa5\xce\x01\x00|\xc8\xbaG\x00\x00\
\xe6\xc9\xa4K\x00H\xee8u\x00\x00`>\x94.\x01\
\xa0\xa3\xea\xaa\xdc\x89\xc9\x94K\x00`\xc9\xe4\x83\xcd\xc8\
\xf2\x22u\x0c\x00\x00:,\xeb\xf5}\xe6\x04\x80\xb4\xf6\
\xeb\xaa|\x92:\x04\x000{J\x97\x00\xd0]O\x22\
b/u\x08\x00\xe0C\xa6\x5c\x02\x00\xb0\x08\xf9\xe6v\
\xea\x08\x00\xb0\xee\x9e\xd6U\xb9\x97:\x04\x000[J\
\x97\x00\xd0A\xd3\x03\xfc\xd3\xd49\x00\x80\xab\xe5}\xa5\
K\x00\x00\xe6\xaf\x18l\xa5\x8e\x00\x00\xeb\xceV2\x00\
\xe8 \xa5K\x00\xe8\xa6\xe3\xd4\x01\x00\x80\x8f3\xe9\x12\
\x00\x80E\xc87L\xba\x04\x80%\xf0\xa8\xae\xca\x87\xa9\
C\x00\x00\xb3\xa3t\x09\x00\x1dSW\xe5aD<L\
\x1c\x03\x00\xf8\x84b\xf3^\xea\x08\x00\x00\xac\x01/\xfb\
\x00\xc0\xd28\xae\xabr'u\x08\x00`6\x94.\x01\
\xa0C\xa6\x07vk*\x00`\x89\xb9\xf8\x06\x00`Q\
\xb2\xbc\x88\xac\xd7O\x1d\x03\x00\x88\xd8\x8b\x88'\xa9C\
\x00\x00\xb3\xa1t\x09\x00\xdd\xf24\x22\xbc)\x09\x00K\
L\xe9\x12\x00\x80E\xf2\xf9\x13\x00\x96\xc6\xd3\xba*\xf7\
R\x87\x00\x00\xeeN\xe9\x12\x00:\xa2\xae\xca\xfd\xf0\x96\
$\x00,\xbd\xbc7H\x1d\x01\x00\x805R\x0c\xb6R\
G\x00\x00~w\x9c:\x00\x00pwJ\x97\x00\xd0\x1d\
\xd6\x8a\x03\xc0\x0a\xc87\xb6SG\x00\x00`\x8d\xf8\xfc\
\x09\x00K\xe5a]\x95\x8fR\x87\x00\x00\xeeF\xe9\x12\
\x00:\xa0\xae\xca\xc3\x88x\x988\x06\x00p\x0d\xd6;\
\x02\x00\xb0H>\x7f\x02\xc0\xd29\xaa\xabr'u\x08\
\x00\xe0\xf6\x94.\x01`\xc5M\x0f\xe6\xa6\x5c\x02\xc0\x0a\
\xc8\xf2\x22\xb2\xbcH\x1d\x03\x00\x805\x92\xe5Ed\xbd\
~\xea\x18\x00\xc0\xef\xf6\x22\xe2I\xea\x10\x00\xc0\xed)\
]\x02\xc0\xea{\x12\x11\xde\x88\x04\x80\x15`\xca\x10\x00\
\x00)\xe4\xbdA\xea\x08\x00\xc0\xbb\x9e\xd6U\xb9\x97:\
\x04\x00p;J\x97\x00\xb0\xc2\xa6\x07\xf2\xa7\xa9s\x00\
\x00\xd7Sl\xdeK\x1d\x01\x00\x805\xe4s(\x00,\
\xa5\xe3\xd4\x01\x00\x80\xdbQ\xba\x04\x80\xd5\xe6@\x0e\x00\
+$+\xacu\x04\x00`\xf1|\x0e\x05\x80\xa5\xf4\xb0\
\xae\xcaG\xa9C\x00\x007\xa7t\x09\x00+jz\x10\
\x7f\x98:\x07\x00p}Y\xcfe7\x00\x00\x8b\x97\x0f\
6SG\x00\x00\xaevTW\xe5N\xea\x10\x00\xc0\xcd\
(]\x02\xc0\xea:J\x1d\x00\x00\xb8\x19k\x1d\x01\x00\
HA\xe9\x12\x00\x96\xd6^D<I\x1d\x02\x00\xb8\x19\
\xa5K\x00XAuU~\x1f\x93\x838\x00\xb0\x22L\
\xb9\x04\x00 %\xc5K\x00XZO\xeb\xaa\xdcK\x1d\
\x02\x00\xb8>\xa5K\x00X1\xd3\x83\xf7\x7f\xa4\xce\x01\
\x00\xdcL\xde\x1b\xa4\x8e\x00\x00\xc0\x1a\xf3\x12\x10\x00,\
\xb5\xe3\xd4\x01\x00\x80\xebS\xba\x04\x80\xd5\xf34\x22v\
R\x87\x00\x00n\xc6d!\x00\x00R*\x06[\xa9#\
\x00\x00\x1f\xf7\xb0\xae\xca\x87\xa9C\x00\x00\xd7\xa3t\x09\
\x00+dz\xe0>L\x1c\x03\x00\xb8\x85\xac0Y\x08\
\x00\x80t|\x1e\x05\x80\xa5g\xda%\x00\xac\x08\xa5K\
\x00X-OS\x07\x00\x00n\xc7\xa4K\x00\x00R\xb2\
^\x1c\x00\x96\xde^]\x95\xdf\xa7\x0e\x01\x00|\x9e\xd2\
%\x00\xac\x88\xba*\x0f#\xe2a\xe2\x18\x00\xc0-\xe5\
\xbdA\xea\x08\x00\x00\xac\xb1b\xf3^\xea\x08\x00\xc0\xe7\
\xfd\xc7\xffc\xefn\xb2\xdc\xa8\xd2u\x01oLU\x1d\
\xd6\xa9\xc6\xcd\x96\xba\xe8\x8e\x00k\x04\xa8\x9aj]\x18\
A\x99\x11\x80G\x00\x1eA\x99\x19\xf8\xcc\xc0\xd5RW\
\x1e\x81L\xfb,\xd6\x12\xd4\xca\x85-/U\xa6\x9d?\
VJ\x0a\xe96,S\x06\xfc\x93?\x11\xf1E\xecx\
\x9eN\x15Pd\xbc\xd5 \x91v\xbc\xfb\xfb\xe6\xe3\xc1\
At\x08\x00\xe0\xfd\x94.\x01\xa0\x05\xf6_\xb0M\xb9\
\x04\x80\x163Y\x08\x00\x80h\x1f\xdd\xfa8:\x02\x00\
\xf0~\x07)\xa5\x7fD\x87\x00\x00\xdeO\xe9\x12\x00\xda\
\xe1\x9b\x94R?:\x04\x00p=V\x8b\x03\x00\xd0\x04\
>\x97\x02@+\xdc\x99\x8f\x07\xc3\xe8\x10\x00\xc0\xbb)\
]\x02@\xc3\xcd\xc7\x83~J\xe9\xeb\xe8\x1c\x00\xc0\xf5\
\x99(\x04\x00@\x13\x98\xbe\x0e\x00\xada\xfb\x19\x004\
\x98\xd2%\x004\xdf\xb7\xe9\xd5:\x09\x00\xa0\xa5>\xfe\
\xe4\xaf\xd1\x11\x00\x00 \xdd\xfa\xd3_\xa2#\x00\x00\x97\
3\x9c\x8f\x07w\xa2C\x00\x00o\xa7t\x09\x00\x0d\xb6\
_\x1fq'8\x06\x00\x00\x00\x00\x19\xb8\xf5g\xeb\xc5\
\x01\xa0E\xbe\x9d\x8f\x07\x86r\x00@\x03)]\x02@\
\xb3Y\x1f\x01\x00\x19\xb8\xf5_\xff\x1d\x1d\x01\x00\x00R\
\xba\xe5\xb5\x10\x00\xb4H?\xa5\xf4Mt\x08\x00\xe0\x8f\
|\xbb\x06\x80\x86\xda\xaf\x8d\x18\x06\xc7\x00\x00\x00\x00 \
\x13\xb7\xfeb\xd2%\x00\xb4\xcc\xd7\xf3\xf1\xa0\x1f\x1d\x02\
\x00\xf8-\xa5K\x00h.S.\x01 \x13\x1f\x7f\xf2\
\xd7\xe8\x08\x00\x00\x90>\xba\xf5qt\x04\x00\xe0j\x0e\
\x92\xf7E\x00\xd08J\x97\x00\xd0@\xf3\xf1\xe0\xbb\xf4\
jm\x04\x00\x00\x00\x00\x94\xc6\xb4K\x00h\x9d;\xf3\
\xf1`\x18\x1d\x02\x00\xf8\x0f\xa5K\x00h\x98\xf9xp\
\x90R\xfa::\x07\x00P\x0e/\xb5\x01\x00h\x12\xd3\
.\x01\xa0\x95L\xbb\x04\x80\x06Q\xba\x04\x80\xe6\xf96\
\xbdZ\x17\x01\x00d\xc0Km\x00\x00\x9a\xc4\xa5 \x00\
h\xa5\xe1|<\xf8\x22:\x04\x00\xf0\x8a\xd2%\x004\
\xc8|<\xe8\xa7\x94\xbe\x89\xce\x01\x00\x94\xe7\xa3?\xfd\
9:\x02\x00\x00\xfc\xca\xa5 \x00h\xad\x7fD\x07\x00\
\x00^Q\xba\x04\x80f\xf1\x85\x19\x002s\xebO\x7f\
\x89\x8e\x00\x00\x00\xbf\xfa\xe8c\x97\x82\x00\xa0\xa5\xfa\xf3\
\xf1\xe0\xbb\xe8\x10\x00\x80\xd2%\x004\xc6|<\x18\xa6\
\x94\xac\x86\x00\x00\x00\x00\xa02&\xb1\x03@\xab}=\
\x1f\x0f\x0e\xa2C\x00@\xd7)]\x02@s|\x1b\x1d\
\x00\x00(\xdf\xad\xff\xfa\xef\xe8\x08\x00\x00\x00\x00\xe4\xe1\
 y\x9f\x04\x00\xe1\x94.\x01\xa0\x01\xe6\xe3\xc1\x17)\
\xa5at\x0e\x00\x00\x00\x00\xf2\xf6\xf1'\x7f\x8d\x8e\x00\
\x00\xdc\xcc7\xf3\xf1\xa0\x1f\x1d\x02\x00\xbaL\xe9\x12\x00\
\x9a\xe1\x1f\xd1\x01\x00\x80j|t\xeb\xe3\xe8\x08\x00\x00\
\x00\x00\xe4\xc5\xb4K\x00\x08\xa4\x95\xee\xac\xa4\x00\x00 \
\x00IDATt\x09\x00\xc1\xe6\xe3\xc1\x9d\x94R?\
8\x06\x00P\x91[\x7f\xf9$:\x02\x00\x00\xfc\xc6G\
\x7f\xfast\x04\x00\xe0f\xee\xcc\xc7\x83at\x08\x00\
\xe8*\xa5K\x00\x084\x1f\x0f\x0e\x92)\x97\x00\x00\x00\
\x00\xd4\xe8\xd6\x9f\xfe\x12\x1d\x01\x00\xb89\xd3.\x01 \
\x88\xd2%\x00\xc4\xfa&\xa5t\x10\x1d\x02\x00\xa8\x86\x09\
B\x00\x00\x00\x00Td8\x1f\x0f\xbe\x88\x0e\x01\x00]\
\xa4t\x09\x00A\xf6S.\xbf\x8e\xce\x01\x00T\xc7\x04\
!\x00\x00\x9a\xc8\xe5 \x00\xc8\x86mj\x00\x10@\xe9\
\x12\x00\xe2\x98r\x09\x00\x00\x00@\xed\x5c\x0e\x02\x80l\
\xf4\xe7\xe3\xc1\x9d\xe8\x10\x00\xd05J\x97\x00\x10`>\
\x1e\xf4SJ\xdfF\xe7\x00\x00\x00\x00\x00\x00\xa0\xd5\xbe\
\xddoW\x03\x00j\xa2t\x09\x001\x14.\x01\xa0\x03\
>\xfe\xe4\xaf\xd1\x11\x00\x00\xe0\x8f>\xf2z\x08\x002\
\xd2O\xaf\xb6\xab\x01\x005\xf1\xad\x1a\x00j\xb6\x9fr\
y'8\x06\x00\x00\x00\x00\x1du\xeb/\x9fDG\x00\
\x00\xca\xf5\xb5i\x97\x00P\x1f\xa5K\x00\xa8\xdf?\xa2\
\x03\x00\x00\x00\x00\x00\x00\x90\x8d\x83d\xda%\x00\xd4F\
\xe9\x12\x00j4\x1f\x0f\x86)\xa5/\xa2s\x00\x00\x00\
\x00\x00\x00\x90\x95o\xf7\xdb\xd6\x00\x80\x8a)]\x02@\
\xbd\xbe\x8d\x0e\x00\x00\xd4\xe7\xd6\x7f\xfdwt\x04\x00\x00\
\xf8\x83[\x7f\xfaKt\x04\x00\xa0\x1a\xdeC\x01@\x0d\
\x94.\x01\xa0&\xfb)\x97\xc3\xe0\x18\x00\x00\x00\x00t\
\xdcG\x7f\xfast\x04\x00\xa0\x1awL\xbb\x04\x80\xea\
)]\x02@}\xdc.\x04\x00\x00\x00\x00\x00\xa0J\xde\
G\x01@\xc5\x94.\x01\xa0\x06\xa6\x5c\x02\x00\x00\x00\x00\
\x00P\x83;\xfb\xf7R\x00@E\x94.\x01\xa0\x1e\xff\
\x88\x0e\x00\x00\x00\x00\x00\x00@'\x98v\x09\x00\x15R\
\xba\x04\x80\x8a\xcd\xc7\x83;)\xa5\xdb\xd19\x00\x80\xfa\
\xdd\xfa\xcb'\xd1\x11\x00\x00\xe0\xad>\xba\xf5qt\x04\
\x00\xa0:C\xd3.\x01\xa0:J\x97\x00P=\xb7\x09\
\x01\xa0\xa3\xbc\xc8\x06\x00\xa0\xa9\x5c\x10\x02\x80\xecy?\
\x05\x00\x15Q\xba\x04\x80\x0a\xed\xa7\x5c\xf6\x83c\x00\x00\
\x00\x00\x00\x00\xd0-\xa6]\x02@E\x94.\x01\xa0Z\
n\x11\x02\x00\x00\x00\x00\x00\x10\xe1\x1f\xd1\x01\x00 G\
J\x97\x00P\x11S.\x01\x00\x00\x00\x00\x00\x08t{\
\xff\xbe\x0a\x00(\x91\xd2%\x00T\xc7\x94K\x00\x00\x00\
\x00\x00\x00\x22y_\x05\x00%S\xba\x04\x80\x0a\x98r\
\x09\x00\x00\x00\x00\x00@\x03\xf4M\xbb\x04\x80r)]\
\x02@5\xdc\x1a\x04\x00\x00\x00\x00\x00\xa0\x09\xbc\xb7\x02\
\x80\x12)]\x02@\xc9L\xb9\x04\x00\x00\x00\x00\x00\xa0\
AL\xbb\x04\x80\x12)]\x02@\xf9\xdc\x16\x04\x00\x00\
\x00\x00\x00\xa0I\xbc\xbf\x02\x80\x92(]\x02@\x89L\
\xb9\x04\x00\x00\x00\x00\x00\xa0\x81L\xbb\x04\x80\x92(]\
\x02@\xb9\xdc\x12\x04\x00\x00\x00\x00\x00\xa0\x89\xbc\xc7\x02\
\x80\x12(]\x02@IL\xb9\x04\x00\x00\x00\xa0->\
\xfe\xe4\xaf\xd1\x11\x00\x80\xfa\x99v\x09\x00%P\xba\x04\
\x80\xf2\xb8\x1d\x08\x00\x00\x00\x00\x00@\x93y\x9f\x05\x00\
7\xa4t\x09\x00%0\xe5\x12\x00\x00\x00\x806)\x96\
g\xd1\x11\x00\x80\x18\xa6]\x02\xc0\x0d)]\x02@9\
\xdc\x0a\x04\x00\x00\x00\x00\x00\xa0\x0d\xbc\xd7\x02\x80\x1bP\
\xba\x04\x80\x1b2\xe5\x12\x00\x00\x00\x00\x00\x80\x161\xed\
\x12\x00n@\xe9\x12\x00n\xcem@\x00\x00\x00\x00\x00\
\x00\xda\xc4\xfb-\x00\xb8&\xa5K\x00\xb8\x01S.\x01\
\x00\x00\x00\x00\x00h!\xd3.\x01\xe0\x9a\x94.\x01\xe0\
f\xdc\x02\x04\x00\x00\x00\x00\x00\xa0\x8d\xbc\xe7\x02\x80k\
P\xba\x04\x80k2\xe5\x12\x00\x00\x00\x00\x00\x80\x163\
\xed\x12\x00\xaeA\xe9\x12\x00\xae\xef\xef\xd1\x01\x00\x00\x00\
\x00\x00\x00\xe0\x06L\xbb\x04\x80+R\xba\x04\x80k\x98\
\x8f\x07\xc3\x94\xd208\x06\x00\x00\x00\x00\x00\x00\xdc\x84\
i\x97\x00pEJ\x97\x00p=n\xfd\x01\x00\x1f\xb4\
\xdb\x16\xd1\x11\x00\x00\x00\x00\xe0C\xbc\xf7\x02\x80+P\
\xba\x04\x80+2\xe5\x12\x00\xb8\xac\xedj\x19\x1d\x01\x00\
\x00\x00\x00>\xc4\xb4K\x00\xb8\x02\xa5K\x00\xb8:\xb7\
\xfd\x00\x00\x00\x00h\xb5by\x16\x1d\x01\x00h\x96\xbf\
G\x07\x00\x80\xb6P\xba\x04\x80+\x98\x8f\x07\xb7\x93)\
\x97\x00\x00\x00\x00\x00\x00\xe4e\xb8\xdf\xf6\x06\x00|\x80\
\xd2%\x00\x5c\xcd\xd7\xd1\x01\x00\x00\x00\x00\x00\x00\xa0\x02\
\xb6\xbd\x01\xc0%(]\x02\xc0%\xcd\xc7\x83~J\xe9\
Np\x0c\x00\x00\x00\x00\x00\x00\xa8\x82i\x97\x00p\x09\
J\x97\x00pyn\xf7\x01\x00W\xb2\xbd8\x8f\x8e\x00\
\x00\x00\x00\x00W\xe1}\x18\x00|\x80\xd2%\x00\x5c\xc2\
|<8H\xa6\x5c\x02\x00\x00\x00\x90\x81by\x16\x1d\
\x01\x00h\xae\xe1|<\xb8\x1d\x1d\x02\x00\x9aL\xe9\x12\
\x00.\xe7\x9b\xe8\x00\x00\x00\x00\x00\x00\x00P\x83\xaf\xa3\
\x03\x00@\x93)]\x02\xc0\x07\xec\xa7\x5c\xfar\x09\x00\
\x5c\xd9n[DG\x00\x00\x00\x00\x80\xab\xba3\x1f\x0f\
\xfa\xd1!\x00\xa0\xa9\x94.\x01\xe0\xc3\xbeI)\x1dD\
\x87\x00\x00\xdag\xbbZFG\x00\x00\x80?\xdan\xa3\
\x13\x00\x00\xcd\xf7mt\x00\x00h*\xa5K\x00\xf8\xb0\
\xbfG\x07\x00\x00\x00\x00\x80\xb2l\xd7.\x07\x01\x00\x1f\
d\xda%\x00\xbc\x83\xd2%\x00\xbc\xc7|<\xb8\x93R\
\xea\x07\xc7\x00\x00\x00\x00\x00\x00\x80\xba\xdd\x89\x0e\x00\x00\
M\xa4t\x09\x00\xefgu\x02\x00pm\xc5\xf2,:\
\x02\x00\x00\x00\x00\x5c\xd7\xd7\xf3\xf1\xe0 :\x04\x004\
\x8d\xd2%\x00\xbc\xc3|<\xf8\x22\x99r\x09\x00\x00\x00\
@f\x5c\x0e\x02\x00.\xe9 \xa5\xf4Mt\x08\x00h\
\x1a\xa5K\x00x\xb7\xaf\xa3\x03\x00\x00\x00\x00\x00\x00@\
\xa0\xbfG\x07\x00\x80\xa6Q\xba\x04\x80\xb7\x98\x8f\x07\xb7\
SJ\xc3\xe8\x1c\x00@\xfb\x99\x22\x04\x00@\xd3\xec\xb6\
Et\x04\x00\xa0=\xfa\xf3\xf1\xe0Nt\x08\x00h\x12\
\xa5K\x00x;S.\x01\x00\x00\x00\xc8\xd2v\xb5\x8c\
\x8e\x00\x00\xb4\xcb\xb7\xd1\x01\x00\xa0I\x94.\x01\xe0w\
\xe6\xe3A?\xa5t'8\x06\x00\x90\x89\xddf\x1d\x1d\
\x01\x00\x00\x00\x00n\xa2?\x1f\x0f\xbe\x88\x0e\x01\x00M\
\xa1t\x09\x00\x7fd\xca%\x00P\x9a]\xa1t\x09\x00\
@s\xb8\x14\x04\x00\x5c\x93\xf7g\x00\xb0\xa7t\x09\x00\
o\x98\x8f\x07\x07\xc9\x94K\x00\x00\x00\x002\xb5\xdd\xac\
\xa2#\x00\x00\xed4\x9c\x8f\x07\xc3\xe8\x10\x00\xd0\x04J\
\x97\x00\xf0[wRJ\x07\xd1!\x00\x80|\x14\xcb\xb3\
\xe8\x08\x00\x00\xf0\x1f\xdbmt\x02\x00\xa0\xbd\xfe\x1e\x1d\
\x00\x00\x9a@\xe9\x12\x00~\xcbj\x04\x00\x00\x00\x00\xb2\
\xb5]/\xa3#\x00\x00\xedug>\x1e\xf4\xa3C\x00\
@4\xa5K\x00\xd8\x9b\x8f\x07wRJ\xfd\xe0\x18\x00\
@f\xb6+/\xb5\x01\x00h\x8e\xdd\xb6\x88\x8e\x00\x00\
\xb4\x9b\x01&\x00t\x9e\xd2%\x00\xfc\x87\x95\x08\x00@\
\xe9\xbc\xd4\x06\x00\xa0I\x5c\x0a\x02\x00n\xe8\xce|<\
8\x88\x0e\x01\x00\x91\x94.\x01 \xa54\x1f\x0f\x86)\
\xa5ap\x0c\x00 S^l\x03\x00\x00\x00\x90\x89\x83\
\x94\xd2\x9d\xe8\x10\x00\x10I\xe9\x12\x00^1\xe5\x12\x00\
\xa8\x8ci\x97\x00\x004E\xb1<\x8b\x8e\x00\x00\xb4\x9f\
\x15\xe3\x00t\x9a\xd2%\x00\x9d7\x1f\x0f\xfa\xc9\x8d<\
\x00\xa0B&]\x02\x00\xd0\x04.\x03\x01\x00%\xe9\xcf\
\xc7\x83;\xd1!\x00 \x8a\xd2%\x00(\x5c\x02\x00U\
\xdbm\xa3\x13\x00\x00\x80\xcb@\x00@\x99l\x91\x03\xa0\
\xb3\x94.\x01\xc0\x0a\x04\x00\xa0bV8\x02\x00\xd0\x08\
[\x97\x81\x00\x80\xd2\x0c\xe7\xe3\xc10:\x04\x00DP\
\xba\x04\xa0\xd3\xf6\xab\x0f\x0e\xa2s\x00\x00y\xb3\xc6\x11\
\x00\x80&\xd8\xaeM\xba\x04\x00Je\xda%\x00\x9d\xa4\
t\x09@\xd7\x99r\x09\x00T\xce\x1aG\x00\x00\x9a`\
\xbbYEG\x00\x00\xf2rg>\x1e\xf4\xa3C\x00@\
\xdd\x94.\x01\xe8\xac\xfd\xca\x83\xdb\xd19\x00\x80n\xd8\
m\xd6\xd1\x11\x00\x00\xe88\x9fI\xe1W\xc7\xd1\x01\x00\
2r':\x00\x00\xd4M\xe9\x12\x80.\xb3\xf2\x00\x00\
\xa8\x8d\xa9B\x00\x00D+\x96g\xd1\x11\xa0)\x0eR\
J\x93\xe8\x10\x00\x99\xf8z>\x1e\x1cD\x87\x00\x80:\
)]\x02\xd0I\xfbU\x07w\x82c\x00\x00\x1d\xb2\xbd\
8\x8f\x8e\x00\x00@\x87\xed\xb6Et\x04h\x9a{\xd1\
\x01\x002q\x90R\xfa\x22:\x04\x00\xd4I\xe9\x12\x80\
\xae\xba\x13\x1d\x00\x00\xe8\x16/\xb9\x01\x00\x88\xb4]-\
\xa3#@\xd3\x1c\xa7\x94\x1eF\x87\x00\xc8\xc4\xb7\xd1\x01\
\x00\xa0NJ\x97\x00t\xd5\xd7\xd1\x01\x00\x80n\xf1\x92\
\x1b\x00\x80H>\x8f\xc2\x1f\x1c\xa4\x94\xeeF\x87\x00\xc8\
D\x7f>\x1e\x0c\xa3C\x00@]\x94.\x01\xe8\x9c\xf9\
xp'\xbd:P\x03\x00\xa8\x8d\x97\xdc\x00\x00D\xda\
\x15\xeb\xe8\x08\xd04\x07\xbd\xd1t\x96Rz\x10\x9c\x03\
 \x17\x06\x9e\x00\xd0\x19J\x97\x00t\xd1\xdf\xa3\x03\x00\
\x00\xdd\xb3\xdb\x16i\xb7\xf1\xa2\x1b\x00\x80\x18.\x01\xc1\
\x1f\xdc\xde\xff\xe7\xbd\xd0\x14\x00\xf9\xf8b>\x1e\xf4\xa3\
C\x00@\x1d\x94.\x01\xe8\x94\xf9xp\x90R\x1aF\
\xe7\x00\x00\xbai\xbbYEG\x00\x00\xa0\xa3\x94.\xe1\
\xedL\xbb\x04(\x95i\x97\x00t\x82\xd2%\x00]3\
\x8c\x0e\x00\x00t\xd7\xf6\xe2<:\x02\x00\x00\x1d\xb4\xdb\
\xac\xd3n[D\xc7\x80\xa6\xf9\xf4\x8d\xffn\xda%@\
9\xeeD\x07\x00\x80:(]\x02\xd05\x9fG\x07\x00\
\x00\xba\xcb\xa4K\x00\x00\x22\xf8\x1c\x0ao\xd5\x7f\xfd_\
L\xbb\x04(\xcd\xc1|<\xb8\x13\x1d\x02\x00\xaa\xa6t\
\x09@\xd7\x0c\xa3\x03\x00\x00\xdde\xa5#\x00\x00\x11L\
\x5c\x87K\xb9\x97R:\x8e\x0e\x01\x90\x01+\xc6\x01\xc8\
\x9e\xd2%\x00\x9d1\x1f\x0f\x0eRJ\xb7\xa3s\x00\x00\
\xdd\xa5t\x09\x00@\x84b\xf52:\x024\xd1\xf0\xcd\
?\xd8O\xbb\xfc>$\x09@^n\xef\xdf\xc9\x01@\
\xb6\x94.\x01\xe8\x92at\x00\x00\x80by\x16\x1d\x01\
\x00\x80\x8eq\xf9\x07.\xed~2\xed\x12\xa0\x0c_D\
\x07\x00\x80*)]\x02\xd0%\x9fG\x07\x00\x00\xf0\xc2\
\x1b\x00\x80:\xed\xb6E\xdam\xd6\xd11\xa0\x15z\xa3\
\xe9q2\xed\x12\xa0\x0c\xde\xc9\x01\x905\xa5K\x00\xba\
d\x18\x1d\x00\xa0\xc5\x8e\x93I\x0fP\x8a\xedZ\xe9\x12\
\x00\x80\xfa\xb8\xf4\x03\xef6\x1f\x0f\x86o\xf9\xd3\xa6]\
\x02\xdc\xdc0:\x00\x00TI\xe9\x12\x80.\xb9\x1d\x1d\
\x00\xa0\xc5\xee\xa6\x94\xfeoJ\xe9qt\x10h;/\
\xbd\x01\x00\xa8\xd3\xf6\xe2<:\x02\xb4\x8ai\x97\x00\xa5\
\xe8\xcf\xc7\x83~t\x08\x00\xa8\x8a\xd2%\x00\x9d\xf0\x8e\
\x1b\xcb\x00\x5c\xce\xac7\x9a>\xd8\xbft0\xe9\x01n\
H\xe9\x12\x00\x80:\x15\xab\x97\xd1\x11\xa0\x8dL\xbb\x04\
\xb8\xb9at\x00\x00\xa8\x8a\xd2%\x00]1\x8c\x0e\x00\
\xd0b\xf7\xa2\x03@n\x8a\xe5Yt\x04\x00\x00:b\
\xbb4\xe9\x12\xde\xe3\xad\xdb\x91L\xbb\x04(\xc5\xe7\xd1\
\x01\x00\xa0*J\x97\x00t\xc5g\xd1\x01\x00Zj\xd6\
\x1bM\x1fD\x87\x80\xdc\x98v\x09\x00@\x1dv\x9bu\
\xdam\x8b\xe8\x18\xd0d\x07\xef\xfa\x0b\xbd\xd1\xf4\xbb\x94\
\xd2\xac\xb6$\x00\xf9yk\xb1\x1d\x00r\xa0t\x09@\
W\xf8b\x07p=w\x7f\xf7\xc7\xfd\x88\x10\x90\x9b\xe2\
\xc2\xa4K\x00\x00\xaa\xe7\xb2\x0f\xdc\x98\xed\x1f\x00\xd7w\
{>\x1e\xbc\xb3\xdc\x0e\x00m\xa6t\x09@\xf6\xe6\xe3\
A?)\x09\x01\x5c\xc7\xa47\x9a>\xfc\xdd\x9f\xebG\
\x04\x81\xdcx\xf9\x0d\x00@\x1d\x5c\xf6\x81\x0f\xfa\xf4}\
\x7fq\xbf\xfdcVK\x12\x80<\x0d\xa3\x03\x00@\x15\
\x94.\x01\xe8\x02S.\x01\xae\xc74\x07\xa8\xc8n\xb3\
N\xbb\xcd::\x06\x00\x00\x99+\x96J\x97\xf0\x01\xfd\
K\xfco\x9c\x8f\x00\x5c\x9fwt\x00dI\xe9\x12\x80\
.\xf0\x85\x0e\xe0\xea&\xbd\xd1t\x12\x1d\x02r\xe6\x05\
8\x00\x00U3a\x1dn\xce\xb4K\x80\x1b\xf9<:\
\x00\x00TA\xe9\x12\x80.\xf8,:\x00@\x0b\x99\xe2\
\x00\x15\xdb\xae\xbd\x00\x07\x00\xa0:.\xf9@\xa9\x9c\x93\
\x00\x5c\x8f\xc1(\x00dI\xe9\x12\x80.\xf0\x85\x0e\xe0\
jL\xb9\x84\x1ax\x09\x0e\x00@\x95\xb6\x17\xe7\xd1\x11\
\xa0\x0d.uv\xbc\x9fv\xf9\xb8\xda(\x00Y:\x98\
\x8f\x07\xde\xd3\x01\x90\x1d\xa5K\x00\xb26\x1f\x0f\x0eR\
J\xfd\xe8\x1c\x00-cz\x03\xd4`\xbbZ\xa6\xdd\xb6\
\x88\x8e\x01\x00@\xa6\x5c\xf2\x81K9\xb8\xc2\xff\xf6n\
e)\x00\xf2\xa6t\x09@v\x94.\x01\xc8\x9d/r\
\x00Wc\xca%\xd4h\xbb4}\x08\x00\x80j(]\
B\xb9\xf6\xe7%\x93\xe0\x18\x00m\xf4Yt\x00\x00(\
\x9b\xd2%\x00\xb9S\xba\x04\xb8\x9a\xaf\xde\xf5\x17\xac\x81\
\x81\xf2\x15\x17^\x84\x03\x00P>\x85K\xa8\x8c\xed \
\x00W\xe7\x5c\x19\x80\xec(]\x02\x90\xbbO\xa3\x03\x00\
\xb4\xc8\x83\xdeh:{\xcf_\xbf\xca\xca-\xe0\x12\xbc\
\x0c\x07\x00\xa0\x0a\xdb\x0b\x13\xd5\xe1\xb2\xaer\xc9\xd4\xb4\
K\x80kQ\xba\x04 ;J\x97\x00\xe4\xce\x179\x80\
\xcb3\xad\x01j\xb6]-\xd3n[D\xc7\x00\x00 \
3.\xf7\xc0\x95\x5c\xf5\x92\xa9\xf3\x13\x80\xab9\x98\x8f\
\x07\xfd\xe8\x10\x00P&\xa5K\x00r\xa7t\x09p9\
\x1f\x9ar\x09T\xa48?\x89\x8e\x00\x00@Fv\xdb\
B\xe9\x12*d\xda%\xc0\xb5\xf4\xa3\x03\x00@\x99\x94\
.\x01\xc8\xd6|<8HV\xe1\x02\x5c\x96)\x0d\x10\
\xa4\xb8\xf0B\x1c\x00\x80\xf2l\x97V\x8bC\x0d\xeeF\
\x07\x00h\x99at\x00\x00(\x93\xd2%\x0093\xe5\
\x12\xe0rL\xb9\x84@\xa6\x10\x01\x00P&\x97z\xa0\
z\xbd\xd1\xf4qJ\xe9At\x0e\x80\x16\xf94:\x00\
\x00\x94I\xe9\x12\x80\x9c\xf5\xa3\x03\x00\xb4\xc0q2\xe5\
\x12B\xed6\xeb\xb4\xdb\xac\xa3c\x00\x00\x90\x89\xcd\xf9\
\x8b\xe8\x08\xd06\xc3k\xfe}\xceS\x00.\xaf\x1f\x1d\
\x00\x00\xca\xa4t\x09@\xce\xfa\xd1\x01\x00Z\xe0{S\
.!\x9e\x17\xe3\x00\x00\x94\xc1\x85\x1e\xa8\xcf\xfe<\xe5\
Ap\x0c\x80\xb6\x18F\x07\x00\x802)]\x02\x90\xb3\
\xcf\xa2\x03\x004\xdcqJ\xe9~t\x08\xc0\x0aH\x00\
\x00\xca\xe12\x0f\xd4\xce\xb4K\x80K\x9a\x8f\x07\xfd\xe8\
\x0c\x00P\x16\xa5K\x00rv\x10\x1d\x00\xa0\xe1\xbe\xef\
\x8d\xa6\xc7\xd1!\x80\x94\x8a\xf3\x93\xe8\x08\x00\x00d\xc0\
e\x1e\xa8\x97i\x97\x00W\xd2\x8f\x0e\x00\x00eQ\xba\
\x04 g\xc3\xe8\x00\x00\x0df\xca%4\x8c\xe2%\x00\
\x007\xe53%\x840\xed\x12\xe0r\x86\xd1\x01\x00\xa0\
,J\x97\x00di>\x1e\x98r\x09\xf0~\xa6\x5cB\
\xc3l^Z\x05\x09\x00\xc0\xf5)\x5c\xc2\xb5\xfd\x9f\x9b\
\xfc\xcd\xfbi\x97\x8a\x97\x00\x1fv\xa3\xdf\xb7\x00\xd0$\
J\x97\x00\xe4\xeavt\x00\x80\x063\xe5\x12\x1a\xa8X\
Z\x05\x09\x00\xc0\xf5\xb9\xc4\x03\xd7V\xc6Y\xf2\xfd\xf4\
\xea\xbc\x05\x80w\xf3\xee\x0e\x80l(]\x02\x00@\xf7\
\xdc3\xe5\x12\x9ag\xb7Y\xa7\xedj\x19\x1d\x03\x00\x80\
\x96r\x89\x07\xe2\xec\xcfY\xbe\x8f\xce\x01\xd0p\xfd\xe8\
\x00\x00P\x16\xa5K\x00r5\x8c\x0e\x00\xd0P\xb3\xde\
hj\xca%4T\xf1\xd2JH\x00\x00\xaen\xbbZ\
\xa6\xddf\x1d\x1d\x03\xba\xce\xb4K\x80\xf7\xebG\x07\x00\
\x80\xb2(]\x02\x00@\xb7\xdc\x8b\x0e\x00\xbc\xdb\xe6\xdc\
JH\x00\x00\xaens\xa6\xe7\x05\xd1L\xbb\x04\xf8\xb0\
\xf9x\xd0\x8f\xce\x00\x00eP\xba\x04 W\x9fG\x07\
\x00h\xa0Yo4}p\x83\xbf\xffvYA\x80\xb7\
3\xa1\x08\x00\x80\xebpy\x07\x1a\xc3\xb4K\x80\xf7\xeb\
G\x07\x00\x802(]\x02\x00@w\xdct\xca\xe5A\
))\x80\xf7\xf2\xc2\x1c\x00\x80\xab\xd8m\xd6.\xee@\
C\x98v\x09\xf0A\xfd\xe8\x00\x00P\x06\xa5K\x00r\
\xd5\x8f\x0e\x00\xd007\x9dr\x09\xd4\xc4jH\x00\x00\
\xae\xc2\xa5\x1dh\x96\xdeh\xfa]Ji\x16\x1c\x03\xa0\
\xa9\xfa\xd1\x01\x00\xa0\x0cJ\x97\x00\xe4\xaa\x1f\x1d\x00\xa0\
an:\xe5\x12\xa8\x89\x15\xe3\x00\x00\x5c\x85K;p\
cUl\xf6p\x0e\x03\xf0v\x9fF\x07\x00\x802(\
]\x02\x00@\xfe&\xa6\x5cB\xbb\x98V\x04\x00\xc0e\
\xec6\xeb\xb4]-\xa3c@\xdb\xdd.\xfb\x07\xee\xcf\
afe\xff\x5c\x80\x0c\xf4\xa3\x03\x00@\x19\x94.\x01\
\xc8\xce|<\x18Fg\x00h\x18\xd3\x15\xa0eL+\
\x02\x00\xe02\x5c\xd6\x81Fs\x1e\x03\xf0GUL\x17\
\x06\x80\xda)]\x02\x00@\xde&\xbd\xd1t\x12\x1d\x02\
\xb8\x1a+\xc6\x01\x00\xb8\x0c\x97u\xa0\xb9L\xbb\x04x\
\xab\xd2\xa7\x0b\x03@\x04\xa5K\x00\x00\xc8\x9b\xa9\x0a\xd0\
R\xa6\x16\x01\x00\xf0>\xdb\xd5\xd2jqh>\xe72\
\x00\x00\x90!\xa5K\x00r4\x8c\x0e\x00\xd0\x10eO\
\xb9|\x5c\xe2\xcf\x02>\xc0\xd4\x22\x00\x00\xde\xc7\xe7E\
h\xbe\xfd\xb4K\xe7)\x00o\x98\x8f\x07\xa6]\x02\xd0\
zJ\x97\x00\x00\x90\xaf\xb2\xa7)x\xa3\x075\xb2b\
\x1c\x00\x80\xf71\x19\x1dZ\xe3nt\x00\x80\x869\x88\
\x0e\x00\x007\xa5t\x09\x00\x00y*{\xca%\x10\xc0\
\x8bt\x00\x00\xde\xa6X\x9e\xb9\xa0\x03-\xb1?\x9f\x99\
\x04\xc7\x00\x00\x00J\xa4t\x09@\x8e>\x8d\x0e\x00\xd0\
\x00_E\x07\x00nn}\xb2\x88\x8e\x00\x00@\x03Y\
-\x0e\xadS\xf66\x12\x806\xb3^\x1c\x80\xd6S\xba\
\x04 G\xfd\xe8\x00\x00\xc1\x1e\xf4F\xd3Yt\x08\xe0\
\xe6v\x9bu\xda\xae\x96\xd11\x00\x00h\x98\xe2\xfc$\
:\x02p\x05\xa6]\x02\xfc\x86\xf5\xe2\x00\xb4\x9e\xd2%\
\x00\x00\xe4\xc7\xf4\x04\xc8\x88)F\x00\x00\xbcisz\
\x9cv\xdb\x22:\x06pu\xcek\x00\x00 \x13J\x97\
\x00\x00\x90\x17S.!3\x9bS\xa5K\x00\x00\xfec\
\xf3\xf2Et\x04\xe0\x1aL\xbb\x04\xf8\xd5\xa7\xd1\x01\x00\
\xe0\xa6\x94.\x01\x00 /\xa6&@fv\xdb\xc2\xfa\
H\x00\x00RJ)\xed6k\x9f\x0d\xa1\xdd\xbe\x8a\x0e\
\x00\xd0\x00\xfd\xe8\x00\x00pSJ\x97\x00\xe4h\x18\x1d\
\x00 \x88)\x97\x90\xa9\xf5\xd9Qt\x04\x00\x00\x1a`\
sf\x0a:\xb4\xd9\xfe\xdc\xe6Ap\x0c\x00\x00\xe0\x86\
\x94.\x01\x00 \x0f\xc7)\xa5\xbb\xd1!\x80j\x14\xe7\
'i\xb7YG\xc7\x00\x00 \xd8\xfa\xd4e\x1c\xc8\x80\
-%\x00\x00\xd0rJ\x97\x00\x00\x90\x87\xef{\xa3\xa9\
\x91'\x90\xb1\xcd\xf9\x8b\xe8\x08\x00\x00\x04*\x96g.\
\xe2@\x06L\xbb\x04\xb0^\x1c\x80\xf6S\xba\x04\x00\x80\
\xf6;N)\xdd\x8f\x0e\x01Tk}\xb2\x88\x8e\x00\x00\
@ \xab\xc5!+\xa6]\x02]\xd6\x8f\x0e\x00\x007\
\xa5t\x09\x00\x00\xedg\xca%t\xc0n\xb3N\xc5\xf2\
,:\x06\x00\x00\x01v\xdb\x22mN}\xed\x83\x5c\x98\
v\x09\x00\x00\xed\xa6t\x09\x00\x00\xedf\xca%t\x88\
\xe9F\x00\x00\xdd\xb49\xf9wt\x04\xa0|\xf7\xd2\xab\
s\x1d\x00\x00\xa0e\x94.\x01\x00\xa0\xddL\xb9\x84\x0e\
\xd9\x9c\x1e\xa7\xdd\xb6\x88\x8e\x01\x00@\xcd\xd6\xa7G\xd1\
\x11\x80\x92\xed\xa7]~\x1f\x9d\x03\x00\x00\xb8:\xa5K\
\x00\x00h\xafY2\xe5\x12:\xc7\x94#\x00\x80n)\
\xceO\xd2n\xb3\x8e\x8e\x01T\xe3~2\xed\x12\x00\x00\
ZG\xe9\x12\x80\xac\xcc\xc7\x83at\x06\x80\x1a\xfdO\
\x9dS.{\xa3\xe9\xa4\xaeg\x01\xeff\xca\x11\x00@\
\xb7\xacO\x16\xd1\x11\x80\x8a\xec\xcfuL\xbb\x04:g\
>\x1e\xf4\xa33\x00\xc0M(]\x02\x00@{\xfd\xbf\
\xe8\x00@\xfdv\x9bu*\xceO\xa2c\x00\x00P\x83\
\xddf\x9d\x8a\xe5Yt\x0c\xa0Z\xa6]\x02]\xd4\x8f\
\x0e\x00\x007\xa1t\x09\x00\x00\xedu\xdb\x8d`\xe8&\
\xd3\x8e\x00\x00\xbaa\xf5|\x1e\x1d\x01\xa8\x98i\x97\x00\
\x00\xd0>J\x97\x00\x00\xd0n_D\x07\x00\xeaW,\
\xcf\xd2n\xb3\x8e\x8e\x01\x00@\x85v\xdb\xc2\x84s\xe8\
\x0e\xd3.\x01\x00\xa0E\x94.\x01\x00\xa0\xdd\xac\x18\x87\
\x8e2\xf5\x08\x00 o\x9b\xd3\xe3\xb4\xdb\x16\xd11\x80\
\x1a\x98v\x09\x00\x00\xed\xa2t\x09\x00\x00\xed6\x9c\x8f\
\x07\x07\xd1!\x80\xfa\x15\xe7'^\xc2\x03\x00dl}\
\xb2\x88\x8e\x00\xd4\xeb\xb3\xe8\x00\x00\x00\xc0\xe5(]\x02\
\x00@\xfb\x0d\xa3\x03\x00\xf5\xdbm\x8b\xb49\xf9wt\
\x0c\x00\x00*\xb09=N\xbb\xcd::\x06t\xc5\xe3\
\xe8\x00{_D\x07\x00\x00\x00.G\xe9\x12\x80\xdc4\
\xe5\x80\x0c\xa0NV\x8cCG\xadO\x8f\xa2#\x00\x00\
P\x81\xcd\xd9qt\x04\xe8\x92\xf0\x7f\xe0\xe6\xe3\x81\xc2\
%\x00\x00\xb4\x88\xd2%\x00Y\xe9\x8d\xa6\xe1\x07d\x00\
\x01\x865>kR\xe3\xb3\x80\x0f\xd8m\xd6is\xea\
\xe3\x0f\x00@N\x8a\xe5Y*\x96g\xd11\x80z\xb9\
P\x0b\x00\x00-\xa2t\x09\x00\x00\xed\xd7\x9f\x8f\x07\xfd\
\xe8\x10@\x8c\xd5\xf3yt\x04\x00\x00J\xb4~\xfe,\
:\x02P\xbfat\x00\x00\x00\xe0\xf2\x94.\x01\x00 \
\x0f\xc3\xe8\x00@\x8c\xddfm\x12\x12\x00@&|\xb6\
\x83\xee\x99\x8f\x07\xb7SJ\xfd\xe8\x1c\x00\x00\xc0\xe5)\
]\x02\x00@\x1e>\x8f\x0e\x00\xc41\x0d\x09\x00 \x0f\
\xa6\x98C'\x0d\xa3\x03\x00\x00\x00W\xa3t\x09\x00\x00\
y\x18F\x07\x00\xe2\x14\xcb3\x13\x91\x00\x00Zn\xb7\
Y\xa7\xcd\xe9qt\x0c\xa0~\xff/:\x00\x00\x00p\
5J\x97\x00\x00\x90\x87\xfe|<\xe8G\x87\x00\xe2\xac\
O\x16\xd1\x11\x00\x00\xb8\x01S.\xa1\xb3\x86\xd1\x01\x00\
\x00\x80\xabQ\xba\x04\x00\x80|\x0ckx\xc6\xa3\x1a\x9e\
\x01\x5cCq~\x92v\x9but\x0c\x00\x00\xae\xc1\x94\
K\x08\xf58\xea\xc1\xf3\xf1`\x18\xf5l\x00\x00\xe0\xfa\
\x94.\x01\xc8\xd1$:\x00@\x90\xcf\xa2\x03\x00\xb1L\
G\x02\x00h'\x9f\xe3 \xd4\xf3\xc0g\x0f\x03\x9f\x0d\
\x10\xa67\x9aN\xa23\x00\xc0M(]\x02\x00@>\
\x86\xd1\x01\x80X\x9b\xd3c\xd3.\x01\x00Z\xc6\x94K\
\xe8\xb4\xcf\xa3\x03\x00\x00\x00W\xa7t\x09\x00\x00\xf9\xb8\
\x1d\x1d\x00\x88gJ\x12\x00@\xbb\xf8\xfc\x06\x9d6\x8c\
\x0e\x00\x00\x00\x5c\x9d\xd2%\x00\x00dd>\x1e\x0c\xa3\
3\x00\xb1L\xbb\x04\x00h\x0fS.\xa1\xbb\x9c\xe1\x00\
\x00@{)]\x02\x90\xa3\xc7\xd1\x01\x00\x02\x0d+\xfe\
\xf9~\xc7B\x0b\x98\x96\x04\x00\xd0\x0e>\xb7A\xa7\x0d\
\xa3\x03\x00\x00\x00\xd7\xa3t\x09@\x8e\x9eG\x07\x00\x08\
\xf4Y\xc5?\xdf\x08\x16h\x01\xd3.\x01\x00\x9a\xcf\x94\
Kh\x8cI\xd0s\xab>\xc3\x01h*\x1f\x80\x00h\
=\xa5K\x00\x00\xc8\xcb\xed\xe8\x00@3\x98\x9a\x04\x00\
\xd0l>\xafA\xe7\x0d\xa3\x03\x00\x04\xb1M\x09\x80\xd6\
S\xba\x04 Gn\xc8\x01]\xd6\x8f\x0e\x004\x83i\
\x97\x00\x00\xcde\xca%t\xdb|<\xe8\xa7\x94\x0e\xa2\
s\x00\x00\x00\xd7\xa3t\x09@\x8e\xdc\x90\x03:m>\
\x1e\x0c+\xfc\xf1\xde\x0aB\x8b\x98\x9e\x04\x00\xd0L>\
\xa7A\xe7\xd9T\x02\x00\x00-\xa6t\x09\x00\x00\xf9\xa9\
\xec\xe0\xbe7\x9a*\xb6C\x8blN\x8fS\xb1<\x8b\
\x8e\x01\x00\xc0\x1b\x8a\xe5\x99)\x97\xd0,\x11\xff@*\
]\x02]\xe6\x83\x10\x00\xad\xa7t\x09@\x8ef\xd1\x01\
\x00\x82}\x1a\x1d\x00h\x8e\xf5\xf3g\xd1\x11\x00\x00x\
\x83\xcfg\xd0,A\x17L?\x0fx&@S\xfc\x10\
\x1d\x00\x00nJ\xe9\x12\x80\xec\xf4F\xd3Yt\x06\x80\
`\xa6%\x00\xbf*\x96g\xa6]\x02\x004\x84\xcff\
\xc0\x9e\xb3\x1b\x00\x00h1\xa5K\x00re5\x01\xd0\
eU\x1f\xdc\xfb\x1d\x0b-c\x9a\x12\x00@3\x5c,\
\x0e\xa3#\x00\xc1\xe6\xe3A?\xa5t\x10\x9d\x03 \x90\
\xf3e\x00ZO\xe9\x12\x80\x5cE\xac\x84\x01h\x8a\x83\
\xf9xP\xe5\xe1\xbd\xdf\xb1\xd02\xc5\xf2,mN\x9d\
g\x03\x00D\xda\x9c\x1e\xa7\xddf\x1d\x1d\x03\xf8\xad\x88\
/J\xfd\x80g\x024\x89\xf3e\x00ZO\xe9\x12\x00\
\x00\xf2dM\x15\xf0\x1b\xab\xe7\xf3\xe8\x08\x00\x00\x9d\xb5\
\xdb\x16iu\xf4$:\x06\xf0G\x11\xc5\x9fa\xc03\
\x01\x00\x80\x12)]\x02\x90\xabG\xd1\x01\x00\x82\xf5\xa3\
\x03\x00\xcd\xb2\xdb\xac\xad\x19\x07\x00\x08\xb29\xf9w\xda\
m\x8b\xe8\x18@3|\x1a\x1d\x00 \xd8,:\x00\x00\
\xdc\x94\xd2%\x00\x00\xe4\xa9_\xe1\xcf\x9eU\xf8\xb3\x81\
\x0a\xad_,\xbc\xec\x07\x00\xa8\xd9n\xb3N\xeb\x17\x8b\
\xe8\x18@s\xf4\xa3\x03\x00D\xea\x8d\xa6\xb3\xe8\x0c\x00\
pSJ\x97\x00\xe4j\x12\x1d\x00 \xd8g\x15\xfe\xec\
\x9f*\xfc\xd9@\x85v\xdb\xc2\xb4K\x00\x80\x9a]\x1c\
\xfd\xe2\xe2\x0b4\xd7,\xe0\x99\xc3\x80g\x024\xc5q\
t\x00\x00(\x83\xd2%\x00\x00\xe4\xe9 :\x00\xd0L\
\xeb\x17\x8b\xb4\xdb\xac\xa3c\x00\x00tB\xb1<K\xc5\
\xf9It\x0c\xe0\xddj\xbdX:\x1f\x0f\xfau>\x0f\
\xa0\x81\x1eG\x07\x00\x802(]\x02\x90\xa5\xdeh:\
\x89\xce\x00\x10\xecv\x85?\xdbmdh\xb9\x8b\xc5a\
t\x04\x00\x80NX\x1d=\x89\x8e\x004K?:\x00\
\x00\x00psJ\x97\x00\xe4L)\x08\xe8\xb2*']\
\xba\x8d\x0c-g\xe2\x12\x00@\xf5\xd6/\x16i\xbbZ\
F\xc7\x00\xde\xaf\xee3\xe4*/\xc9\x02\xb4\xc1\xa3\xe8\
\x00\x00P\x06\xa5K\x00r\xa6\x14\x04t\xda|<p\
\x90\x0f\xbc\xd3\xc5\xd1/\xd1\x11\x00\x00\xb2\xb5\xdb\x16i\
\xfd\xfcYt\x0c\xe0\xc3\xea>C\xae\xf2\x92,\x00\x00\
P\x13\xa5K\x00r6\x8b\x0e\x00\x10\xccA>\xf0N\
\xbb\xcdZ\x11\x00\x00\xa0\x22\xab\xa3'i\xb7-\xa2c\
\x00\xcd\xf3yt\x00\x80`\x93\xe8\x00\x00P\x06\xa5K\
\x00r\xf6St\x00\x80`\x95\x94.{\xa3\xe9\xa4\x8a\
\x9f\x0b\xd4o\xfdb\x91v\x9but\x0c\x00\x80\xac\x14\
\xcb\xb3\xb49\xad{c1\x00@+\xf8\x90\x04@\x16\
\x94.\x01\xc8\xd9$:\x00@0\xeb\xc5\x81\xf7\xdam\
\x0bk\xc6\x01\x00J\xb6:z\x12\x1d\x01\xb8\xa4\x80\x8b\
\xa5\xc3\x9a\x9f\x07\xd0(\xbd\xd1\xf4qt\x06\x00(\x83\
\xd2%\x009\x9bE\x07\x00\x00h\xba\xe2\xfc$\x15\xcb\
\xb3\xe8\x18\x00\x00YX?\x7f\x96\xb6\xabet\x0c\x00\
\x80&\x9aE\x07\x00\x80\xb2(]\x02\x90\xad\xdeh:\
K\xd6\x14\x00\xdd\xf6i\x85?{R\xe1\xcf\x06jv\
\xb18L\xbbm\x11\x1d\x03\x00\xa0\xd5v\x9buZ\xbf\
XD\xc7\x00.\xaf\xd6\xb3\xe3\xf9x`#\x09\xd0u\
\xb3\xe8\x00\x00P\x16\xa5K\x00rgM\x01\xd0e\xfd\
\xe8\x00@;\xec6\xeb\xb49\xf9wt\x0c\x00\x80V\
s\x91\x05Z\xa7\xee\xb3\xe3\x83\x9a\x9f\x07\xd04\x8f\xa2\
\x03\x00@Y\x94.\x01\xc8\x9d\xd2%@5L\x12\x86\
\xcc\xac\x8e\xe7Va\x02\x00\x5cSq~\x92\x8a\xe5Y\
t\x0c\xa0\xd9\x94.\x81\xae\x9bE\x07\x00\x80\xb2(]\
\x02\x90\xbb\x1f\xa2\x03\x00\x04\xaa\xf20\xdf\xefW\xc8\xd0\
\xea\xe8It\x04\x00\x80\xd6\xd9m\x8bt\xb18\x8c\x8e\
\x01\x5c\xdd\xac\xe6\xe7Y/\x0et\xdd,:\x00\x00\x94\
E\xe9\x12\x80\xdc\x99t\x09t\x99\xc3|\xe0J\x8a\xe5\
YZ\xbfXD\xc7\x00\x00h\x15k\xc5\xa1\xb5~\x8a\
\x0e\x00\xd0%\xbd\xd1t\x12\x9d\x01\x00\xca\xa2t\x09@\
\xd6z\xa3\xa9\xd2%@5f\xd1\x01\x80j\xac\x9f?\
K\xbb\xcd::\x06\x00@+\x14\xcb\xb3T\x9c\x9fD\
\xc7\x00\xda\xe1\xd3\xe8\x00\x00\x81f\xd1\x01\x00\xa0LJ\
\x97\x00t\xc1$:\x00@\x86f\xd1\x01\x80j\xec\xb6\
E\xba8\xfa%:\x06\x00@\xe3Y+\x0e\xadW\xf7\
\x85\xfd~\xcd\xcf\x03h\x12CR\x00\xc8\x8a\xd2%\x00\
]\xe0\x8b\x1c\x00\xc0\x15\x14\xe7'&6\x01\x00|\x80\
\x09\xe1\xd0z\xc7\xd1\x01\x00:\xe4\x87\xe8\x00\x00P&\
\xa5K\x00\xba\xc0\x179\xa0\xb3\xe6\xe3A\xbf\x8a\x9f\xdb\
\x1bM'U\xfc\x5c\xa09.\x16\x87i\xb7-\xa2c\
\x00\x004R\xb1<K\xeb\x17\x8b\xe8\x18\xc0\xcd\xcc\xa2\
\x03\x00t\x88\x01)\x00dE\xe9\x12\x80.\x98D\x07\
\x00\x08\xd4\x8f\x0e\x00\xb4\x93u\x99\x00\x00o\xe7s\x12\
\xe4\xa17\x9a\xcej~\xe4\xed\x9a\x9f\x07\xd0$J\x97\
\x00dE\xe9\x12\x80\xec\xed\x0f\xcff\xc11\x00r\xe4\
\xa0\x0c2g\xcd8\x00\xc0\x1f],\x0e\xad\x15\x07\xae\
\xe3 :\x00@\x90Y@\xd1\x1d\x00*\xa5t\x09@\
W(\x06\x01\x94\xef8:\x00P=k\xc6\x01\x00\xfe\
\xc3\xa5\x14\xc8\xc6$:\x00@\x87xG\x07@v\x94\
.\x01\xe8\x8aG\xd1\x01\x002\xa4t\x09\x1d`}&\
\x00\xc0+>\x17\x01\x00\x5c\xcb\x0f\xd1\x01\x00\xa0lJ\
\x97\x00t\xc5$:\x00@\x86\x1c\x96AG\x14\xe7'\
i\xfdb\x11\x1d\x03\x00 \xd4\xc5\xb3\x7f\x99\x00\x0e\xf9\
0u\x0d\xa0>\x93\xe8\x00\x00P6\xa5K\x00:\xa1\
7\x9a>N&\xb2\x01\x00\x5c\xdb\xfa\xf9\xb3\xb4\xdb\xac\
\xa3c\x00\x00\x84X\xbfX\xa4by\x16\x1d\x03(\xcf\
\xf3\xe8\x00\x00]\xd1\x1bM'\xd1\x19\x00\xa0lJ\x97\
\x00t\xc9$:\x00@f&\xd1\x01\x80\xfaX\xa7\x09\
\x00t\xd5v\xb5L\xeb\xe7\xcf\xa2c\x00\xe5\x9a\xd5\xf9\
\xb0\xf9x\xd0\xaf\xf3y\x00\x0d2\x89\x0e\x00\x00UP\
\xba\x04\xa0K\xfe\x19\x1d\x00\x00\xa0\xcd\x8a\xe5\x99\xc2\x01\
\x00\xd0)\xaf/\x9eX+\x0e\xd9\x99\xd5\xfc\xbc~\xcd\
\xcf\x03h\x8a\xc7\xd1\x01\x00\xa0\x0aJ\x97\x00t\xc9$\
:\x00@N\xac\x85\x81nZ\x1d\xcf\xd3v\xb5\x8c\x8e\
\x01\x00P\x8b\xf5\xf3g>\xfb@\x9ef\xd1\x01\x00:\
\xe2Qt\x00\x00\xa8\x82\xd2%\x00\x9d\xd1\x1bMg\xc9\
a\x1a\x00\xc0\x8d-\x9f\xfdl\xda\x13\x00\x90\xbd\xe2\xfc\
$\xad_,\xa2c\x00\x15\xd8\x9f\x15\x03P\xbdIt\
\x00\x00\xa8\x82\xd2%\x00]\xf30:\x00@f\xac\x87\
\x81\x0e\xdam\xd6iu\xf4$:\x06\x00@ev\x9b\
u\xbaX\x1cF\xc7\x00\xaa1\x8b\x0e\x00\xd0\x11\x8f{\
\xa3\xe9qt\x08\x00\xa8\x82\xd2%\x00]c\x8d\x01@\
\xb9\x1c\x9aAGmN\x8f\xd3\xe6\xd4\xaf\x00\x00 O\
&{C\xd6f\xd1\x01\x00:\xe2\x9f\xd1\x01\x00\xa0*\
J\x97\x00tJo4}\x98\x14\x84\x80n\x99U\xfc\
\xf3M\xba\x84\x0e[\x1d=I\xdb\xd52:\x06\x00@\
\xa9|\xc6\x81\xec\xcd\xa2\x03\x00t\xc4$:\x00\x00T\
E\xe9\x12\x80.\x9aD\x07\x00\xa8Ko4\x9dU\xfc\
\x88\xe7\x15\xff|\xa0\xc1v\xdb\x22],\x0eM\x81\x02\
\x00\xb2Q\x9c\x9f\xa4\xf5\x8bEt\x0c\xa0Z?E\x07\
\x00\xe8\x80\xe3\xdeh:\x89\x0e\x01\x00UQ\xba\x04\xa0\
\x8b\xac3\x00(\xcf$:\x00\x10k\xbbZ\xa6\xd5\xd1\
\x93\xe8\x18\x00\x007\xb6\xdb\xac\xd3\xc5\xe20:\x06P\
\xbdY\xdd\x0fT<\x02:h\x12\x1d\x00\x00\xaa\xa4t\
\x09@\x17=\x8c\x0e\x00\x00\x90\x93\xcd\xe9q\xda\x9c\x1e\
G\xc7\x00\x00\xb8\xb6\xdd\xb6H\xcbg?\x9b\xe0\x0d\xdd\
0\x8b\x0e\x00\xd0\x01\x06\xa0\x00\x905\xa5K\x00:\xa7\
7\x9a\x1e'\xc5K\x80R\x98\xd4\x00\xbc\xb6:z\x92\
\xb6\xabet\x0c\x00\x80k\xf1Y\x06:e\x16\x1d\x00\
\xa0\x03&\xd1\x01\x00\xa0JJ\x97\x00t\x95\x1bv@\
\x17Ljz\x8e\xf1v@\xdam\x8bt\xb184\x1d\
\x0a\x00h\x1dS\xbb\xa1[z\xa3\xe9,:\x03@\xe6\
\x1e\xfb]\x0b@\xee\x94.\x01\xe8*\x93.\x01\xca\xf3\
8:\x00\xd0\x0c\xdb\xd52\xad\x8e\x9eD\xc7\x00\x00\xb8\
\xb4\xedj\x99.\x16\x87\xd11\x80\xfa8\xc3\x00\xa8\x9e\
\xc1'\x00dO\xe9\x12\x80N\xb2b\x1c\xa0T\xb3\xe8\
\x00@slN\x8f\xd3\xfa\xc5\x22:\x06\x00\xc0\x07\xed\
\xb6EZ>\x9dE\xc7\x00\xeae\xac-@\xf5\xbc\x7f\
\x03 {J\x97\x00t\x99\x9bv@\xee\xea\x9a\xde\xf0\
SM\xcf\x01Zbu\xf4$\x15\xcb\xb3\xe8\x18\x00\x00\
\xef\xb5|:K\xbbm\x11\x1d\x03\xa8\xd7\xa3\xc0gO\
\x02\x9f\x0dP\x97Yo45U\x18\x80\xec)]\x02\
\xd0e\x0f\x93\x9b\xcd@\xde\x9e\xd7\xf4\x1c\x87h\xc0\x1f\
\x5c<\xfbW\xdam\xd6\xd11\x00\x00\xde\xeabq\x98\
\xb6\xabet\x0c\xa0~\xce\x83\x01\xaae\xca%\x00\x9d\
\xa0t\x09@gY1\x0et@]/\x12\xbc\xb0\x00\
\xfe`\xb7-\xd2\xf2\xd9\xcf\xa6G\x01\x00\x8d\xb39=\
N\x9bS_c\xa0\xa3\x5c\x1c\x05\xa8\xd6\xffD\x07\x00\
\x80:(]\x02\xd0uV\x8c\x039\xab\xe5EBo\
4\x9d\xd4\xf1\x1c\xa0}\xb6\xabeZ\x1d=\x89\x8e\x01\
\x00\xf0\xabby\x96.\x16\x87\xd11\x808\xb3\x8e>\
\x1b\xa0\x0eV\x8b\x03\xd0\x19J\x97\x00tZo4}\
\x98\x1cv\x01\x94\xc1\x98\x18\xe0\xad6\xa7\xc7i\xfdb\
\x11\x1d\x03\x00 mW\xcbt\xf1\xec_\xd11\x80@\
\xbd\xd1t\x16\xf8\xf8\x9f\x02\x9f\x0dP\x07S.\x01\xe8\
\x0c\xa5K\x00\xf0%\x10\xc8T\xcd\x13(\xdd`\x06\xde\
iu\xf4$\x15\xe7'\xd11\x00\x80\x0e\xdbm\x8bt\
\xb18L\xbbm\x11\x1d\x05\x88\xe3\xec\x02\xa0Z\x0f\xa2\
\x03\x00@]\x94.\x01\xc0\x97@ OuO\x9e\xf4\
\xe2\x02x\xaf\x8b\xc5a\xda\xae\x96\xd11\x00\x80\x8e\xba\
x\xf6/\x9fE\x80Y\xf0\xf3\x9d\x9d\x009{\x1c<\
M\x18\x00j\xa5t\x09@\xe7\xed\xbf\x04>\x8c\xce\x01\
P\xb2\xba\x0f\xf2\xad\xc8\x02\xdek\xb7-\xd2\xf2\xd9\xcf\
\xa6K\x01\x00\xb5\xbbX\x1c\xa6by\x16\x1d\x03\x88\xf7\
C\xf0\xf3\xeb\xbe \x0bP\xa7\xef\xa3\x03\x00@\x9d\x94\
.\x01\xe0\x15+\xc6\x81\xdc\xccj~\x9ei\x0d\xc0\x07\
\xed6\xeb\xb4|:\x8b\x8e\x01\x00t\xc8\xfa\xf9\xb3\xb4\
9\xd5s\x02RT\x1c\xee\xdc\x00\x00 \x00IDA\
TJ\xf1\x93.\xa3\x9f\x0fP%\xc3M\x00\xe8\x14\xa5\
K\x00H)\xf5F\xd3\x87\xc9\xa1\x17\x90\x97\xba'O\
*]\x02\x97\xb2]-\xd3\xc5\xe20:\x06\x00\xd0\x01\
\x9b\xd3\xe3\xb4:\x9eG\xc7\x00\x9ac\x16\xf9pkw\
\x81\x8c=\xe8\x8d\xa6n\xb9\x00\xd0)J\x97\x00\xf0\x1f\
V\x1f\x009\xa9\xb5\x04\xb9?Ts\xb0\x06\x5c\xca\xe6\
\xf48\xad\x9f?\x8b\x8e\x01\x00d\xccE\x0f\xe0\xf7z\
\xa3\xe9$:Cr\xf1\x1f\xc8\x93mr\x00t\x8e\xd2\
%\x00\xfc\xc7\x83\xa40\x04\xe4c\x16\xf0L\xd3.\x81\
K[\x1d\xcf\xad\xfa\x04\x00*\xb1]-\xd3\xf2\xe9,\
:\x06\xd0,\xb3\xe8\x00{\xb3\xe8\x00\x00%\x9b5\xa4\
\xd4\x0e\x00\xb5R\xba\x04\x80\xbd\xfd\x94\xb6\x87\xd19\x00\
\xca\xd0\x1bM#\x0a\x90J\x97\xc0\x95\x5c,\x0eS\xb1\
<\x8b\x8e\x01\x00dd\xb7-\xd2\xf2\xe9,\xed\xb6E\
t\x14\xa0Yf\xd1\x01\xf6\x9c\x9d\x00\xb9\xb1E\x0e\x80\
NR\xba\x04\x80\xdf\xba\x17\x1d\x00\xa0\x04\x93\xa0\xe7\xfe\
\x14\xf4\x5c\xa0\xc5.\x9e\xfd+mW\xcb\xe8\x18\x00@\
\x06\x14.\x81\xf7x\x14\x1d`\xefyt\x00\x80\x92=\
\x88\x0e\x00\x00\x11\x94.\x01\xe0\x0d\xbd\xd1t\x96|A\
\x04\xdao\x16\xf4\x5c\xd3\x1a\x80+\xfb\xb5\x1c\xb1YG\
G\x01\x00Z\xec\xf5g\x0a\x979\x80w\x98E\x07\xd8\
\x9bD\x07\x00(\xd1\x83\xfd\x169\x00\xe8\x1c\xa5K\x00\
\xf8\xa3\xff\x89\x0e\x00pC?D<\xb47\x9aN\x22\
\x9e\x0b\xb4\xdfn[\xa4\xe5\xb3\x9fM\xa5\x02\x00\xae\xed\
bq\xa8p\x09\xbc\xcf,:\xc0\xde,:\x00@\x89\
\xac\x16\x07\xa0\xb3\x94.\x01\xe0w\xf6\xa5\xa1Ip\x0c\
\x80\x9b\x88\x9c89\x0b|6\xd0b\xdb\xd5\xd2:P\
\x00\xe0Z.\x16\x87\xa98?\x89\x8e\x014XS.\
\x8a\xee7-\x99\x0a\x07\xe4`\xd2\x1bMm>\x02\xa0\
\xb3\x94.\x01\xe0\xed\xeeE\x07\x00\xb8\xae\xe0\x17\x09\x0e\
\xda\x80k\xdb\xae\x96\xe9\xe2\xd9\xbf\xa2c\x00\x00-r\
\xb18L\x9bS\xfd%\xe0\xbdf\xd1\x01~\xc7\xd9\x09\
\x90\x03S.\x01\xe84\xa5K\x00x\x0b\xd3.\x81\x16\
\x9b\x04??d\xb59\x90\x8fby\x96.\x16\x87\xd1\
1\x00\x80\x16P\xb8\x04.\xa9i%\xc7\xa6\xe5\x01\xb8\
\xaaYo4}\x18\x1d\x02\x00\x22)]\x02\xc0\xbb\x99\
v\x09\xb4\xd1\xa3\xe0\xe7O\x82\x9f\x0fd`sz\xac\
x\x09\x00\xbc\xd7\xe6\xf4X\xe1\x12\xb8\xac\xa6]\x10m\
Z\x1e\x80\xab\xf2\xfe\x0c\x80\xceS\xba\x04\x80w0\xed\
\x12h\xa9\xe8i\x09\xb3\xe0\xe7\x03\x99P\xbc\x04\x00\xde\
\xc5\xe7\x04\xe0\x8a\xa2\xcfJ~\xafiy\x00\xaeb\xd6\
\x1bM\x1fD\x87\x00\x80hJ\x97\x00\xf0~n\xeb\x01\
m3\x89|xo4\x9d\xa5\x94\x8c\x9b\x01J\xb19\
=N\xeb\x17\x8b\xe8\x18\x00@\x83(\x5c\x02\xd70\x8b\
\x0e\xf0\xa6\xdeh\xfa89;\x01\xda\xcb{3\x00H\
J\x97\x00\xf0^\xa6]\x02-\xf3\xb87\x9a6\xe1\xd0\
\xde\xc4\x06\xa04\xab\xa3'V\x87\x02\x00)%\x85K\
\xe0z\xf6%\xc7\xa6ib&\x80\x0f96\xe5\x12\x00\
^Q\xba\x04\x80\x0f\xbb\x1b\x1d\x00\xe0\x92&\xd1\x01\xf6\
\x1eE\x07\x00\xf2r\xb18T\xbc\x04\x80\x8eS\xb8\x04\
\xaei\x12\x1d\xe0\x1d\x9c\x9d\x00m\xf4}t\x00\x00h\
\x0a\xa5K\x00\xf8\x80\xfdM\xe8\x07\xd19\x00.\xe1\x9f\
\xd1\x01\xf6&\xd1\x01\x80\xfc(^\x02@w)\x5c\x02\
7\xd0\xd4\x89\x92\x93\xe8\x00\x00W4\xeb\x8d\xa6\xdfE\
\x87\x00\x80\xa6P\xba\x04\x80\xcb\xb9\x17\x1d\x00\xe0\x03\x8e\
{\xa3\xe9$:\xc4^S_h\x00-\xa7x\x09\x00\
\xdd\xa3p\x09\xdc\xd0O\xd1\x01\xde\xa6Ag8\x00\x97\
\xe5=\x19\x00\xbcA\xe9\x12\x00.\xa17\x9a\xce\x92/\
\x94@\xb3M\xa2\x03\xbc\xd6\x1bM\x8fSJ\xb3\xe8\x1c\
@\x9e\x14/\x01\xa0;\x14.\x81\x124\xf9b\xe8$\
:\x00\xc0%\xcdz\xa3\xe9\x83\xe8\x10\x00\xd0$J\x97\
\x00py\xf7SJ\xde\xf0\x03M\xd5\x94\xd5\xe2\xafM\
\xa2\x03\x00\xf9R\xbc\x04\x80\xfc)\x5c\x02eh\xf8D\
\xc9G\xd1\x01\x00.\xc9P\x12\x00\xf8\x1d\xa5K\x00\xb8\
\xa4\xfd\xe4\xb6\xbb\xd19\x00\xde\xe1at\x80\xdf\xf9!\
:\x00\x907\xc5K\x00\xc8\x97\xc2%P\x92&O\xb9\
L\xa9yg9\x00o\xf3\xd8\x94K\x00\xf8#\xa5K\
\x00\xb8\x82\xfd\x17\xcbIp\x0c\x80\xdf{\xb8/\x867\
\xc9$:\x00\x90?\xc5K\x00\xc8\x8f\xc2%P\xa2F\
\x97.{\xa3\xe9\xe3d\xb3\x12\xd0|\x86\x91\x00\xc0[\
(]\x02\xc0\xd5\xf9\x82\x094M\xd3V\x8b\xbf~q\
\x00P9\xc5K\x00\xc8\xc7\xfa\xf93\x85K\xa0Lm\
\xd8\xc2a\xda%\xd0d\x93\xdeh:\x89\x0e\x01\x00M\
\xa4t\x09\x00W\xb4/\x12\xdd\x8f\xce\x01\xf0\x86\xa6\x1e\
\xd0O\xa2\x03\x00\xdd\xa0x\x09\x00\xedw\xb18L\xab\
\xe3yt\x0c /m\xb8\x10\xfa(:\x00\xc0{|\
\x15\x1d\x00\x00\x9aJ\xe9\x12\x00\xae\xe7^Ji\x16\x1d\
\x02 5s\xb5\xf8k^\x1c\x00\xb5\xb9X\x1c\xa6\xf5\
\xf3g\xd11\x00\x80kp\x81\x02\xa8BK\xa6\xb35\
\xf5\x22-\xc0\xbd\xdeh:\x8b\x0e\x01\x00M\xa5t\x09\
\x00\xd7\xb0/8\xb9\xe1\x074A\xe3V\x8b\xbfa\x12\
\x1d\x00\xe8\x96\xd5\xf1\xdcJR\x00h\x19\x85K\xa0\x22\
m\x98r\xf9\xfa\x9cY\xf1\x12h\x9a\xe3d\xe3\x1b\x00\
\xbc\x97\xd2%\x00\x5c\xd3\xfe\xa6\xb4\x031 R\xd3\x0f\
\xe6[\xf1\x82\x03\xc8\xcb\xe6\xf4X\xf1\x12\x00Z`\xb7\
-\xd2\xcb_~T\xb8\x04\xaa\xd2\xa63\x89&_\xa8\
\x05\xba\xe9\xab\x06oW\x02\x80FP\xba\x04\x80\x9b\xf9\
*\xbd*=\x01Dh\xf2j\xf1\xd7\xd3\x1a\xda\xf4\x92\
\x03\xc8\x84\xe2%\x004\xdbn[\xa4\xe5\xd3Y\xda\xae\
\x96\xd1Q\x80|\xfd\x10\x1d\xe0\x0a\x9a|\xa1\x16\xe8\x9e\
Io4\xf5{\x09\x00>@\xe9\x12\x00n\xc0\x9aq\
 \xd8\xf7\xd1\x01.a\x12\x1d\x00\xe8\xa6\xcd\xe9qz\
\xf9\xcb\x8fi\xb7-\xa2\xa3\x00\x00o\xd8\xae\x96\x0a\x97\
@\x1d&\xd1\x01.\xcb\x8aq\xa0a\xbc\xf3\x02\x80K\
P\xba\x04\x80\x1b\xda\xdf\xf8s(\x06\xd4\xedqo4\
m\xc3\x14\xc9G\xd1\x01\x80\xeez]\xeaP\xbc\x04\x80\
fP\xb8\x04\xea\xd2\x923\x937Y1\x0e4\xc1\xbd\
\xdeh:\x8b\x0e\x01\x00m\xa0t\x09\x00\xe5\xf8*\xa5\
4\x8b\x0e\x01tJ\x1b\xa6\x5c\xa6\xd4\xa2\xc9\x12@\x9e\
\x94;\x00\xa0\x19\x8a\xf3\x13\x97!\x80\xbaL\xa2\x03\x5c\
Uo4}\x90R:\x8e\xce\x01t\xda\xe3\xdeh\xfa\
]t\x08\x00h\x0b\xa5K\x00(\x815\xe3@\xcdZ\
\xb3vj\xff\xfb\xb1m\xd3%\x80\xcc(^\x02@\xac\
\xcd\xe9qZ>\xfbY\xe1\x12\xa8K[\xcf!Zq\
\xd6\x03d\xcb;.\x00\xb8\x02\xa5K\x00(Io4\
\x9d\xa4\x94\xeeE\xe7\x00:\xe1\xc1\xbe\xcc\xd8\x16\x93\xe8\
\x00\x00\xbbm\x91\x96Og\xa98?\x89\x8e\x02\x00\x9d\
\xb2:z\x92.\x16\x87\xd11\x80ny\x14\x1d\xe0\x9a\
\xda\xb2\xd5\x04\xc8\xcf\xbd\xdeh\xda\xd6\xc2:\x00\x84P\
\xba\x04\x80\x12\xedW/\xf8b\x0aT\xadm\x87\xf0m\
}\xd9\x01df\xb7-\xd2\xf2\xd9\xcfis\xda\xa6\xde\
:\x00\xb4\xd3n[\xa4\x8b\xc5aZ\xbfXDG\x01\
\xba\xa7\x95\xe7\xb3\xfb\xc2S+\xb3\x03\xadf\xad8\x00\
\x5c\x83\xd2%\x00\x94\xef\xcb\xf4j\xf5/@\x15\x1e\xf4\
F\xd3Yt\x88+\x9aD\x07\x00x\xd3\xc5\xe20\xad\
\x8e\x9eD\xc7\x00\x80l\xbd\x9e0\xed\xa2\x03\x10`\xd6\
\xc2s\x937\xb5\xed\xa2-\xd0~\xd6\x8a\x03\xc05(\
]\x02@\xc9\xf6\x87z\xbe\xa4\x02U\xb9\x17\x1d\xe0\xaa\
\xf6\xab\xd0Mj\x00\x1ae\xfdb\x91.\x16\x87i\xb7\
-\xa2\xa3\x00@V\xb6\xabez\xf9\xcb\x8fi\xbbZ\
FG\x01\xba\xa9\xed\xe7\x0f\x0f\x93\x0b\xfd@}\xeeZ\
+\x0e\x00\xd7\xa3t\x09\x00\x15\xe8\x8d\xa6\x0fSJ\xf7\
\xa3s\x00\xd9\x99\xb4xZ\xc3$:\x00\xc0\xefmN\
\x8f\xd3\xf2\xe9L\xf1\x12\x00JR\x9c\x9f\xbc\xfaw\xeb\
f\x1d\x1d\x05\xe8\xaeG\xd1\x01nb\x7fq\xf5At\
\x0e\xa0\x13&\xbd\xd1\xd4{,\x00\xb8&\xa5K\x00\xa8\
Ho4\xbd\x9b\x94\x8c\x80r\xb5n\xca\xe5\x1bZ\xfd\
\xd2\x03\xc8\x97i\x5c\x00P\x8e\xf5\x8bEZ>\xfb\xd9\
e\x06 \xda$:@\x09\xac\x18\x07\xaav\x9cR\xfa\
2:\x04\x00\xb4\x99\xd2%\x00T\xeb\xcb\x94\xd2,:\
\x04\x90\x85Io4\x9dD\x87\xb8\x81It\x00\x80w\
\xd9m\xd6i\xf9t\x96\x8a\xf3\x93\xe8(\x00\xd0:\xbb\
m\x91.\x16\x87iu\xf4$:\x0a@\xcaaM\xee\
~\xcb\xc9\x83\xe0\x18@\xde\xbe\xdcO\xd6\x05\x00\xaeI\
\xe9\x12\x00*\xb4\xff\xd2\xfaezuk\x10\xe0&\xee\
F\x07\xb8\x89\xfd\xef\xc3It\x0e\x80w\xd9m\x8b\xb4\
|\xf6sZ\xbfXDG\x01\x80\xd6x}qas\
\xea\xd8\x03h\x84It\x80\x12\xb5y\xdb\x09\xd0l\xf7\
Z~\xb9\x1f\x00\x1aA\xe9\x12\x00*\xb6\xbf]\xdd\xea\
\xb2\x14\x10\xeeA\x0e\x93\x1a\x92\x15\xe3@\x0b\xac\x8e\x9e\
\xa4\x8b\xc5\xa1\xd5\xa8\x00\xf0\x01\xdb\xd52\xbd\xfc\xe5\xc7\
\xb4]-\xa3\xa3\x00\xbc\x96\xcd\xb9\xc3~\xda\xe5$8\
\x06\x90\x9fIo4\xfd.:\x04\x00\xe4@\xe9\x12\x00\
j\xd0\x1bM\x1f$\xb7\x93\x81\xeb\xcb\xe5\xf7\xc7$:\
\x00\xc0elN\x8f\xd3\xf2\xe9L\xf1\x12\x00\xdea\xfd\
b\x91^\xfe\xf2\xa3\x7fW\x02M3\x89\x0eP\xb2\x5c\
\xce\x83\x80f\x98\xa5W\x9b\xd9\x00\x80\x12(]\x02@\
M\xf6\xb7\x07\x1f\x04\xc7\x00\xda\xe7\xde~\xbaA\xeb\xed\
\xd7\xd6\xd8;\x08\xb4\xc2v\xb5L/\x0f\xff\xd7\xf4.\
\x00x\xc3n[\xa4\x8b\xc5aZ\x1d=\x89\x8e\x02\xf0\
69l\x09\xf9\xd5\xfe\x1ce\x12\x1c\x03\xc8\xc7\x97\xbd\
\xd1\xd4\xd9,\x00\x94D\xe9\x12\x00j\xd4\x1bM\xbfJ\
\x99\x1d\xfe\x01\x95:N)\xdd\x8f\x0eQ\xb2It\x00\
\x80\xcb\xdam\x8b\xf4\xf2\x97\x1f\xd3\xfa\xc5\x22:\x0a\x00\
\x84\xdb\xae\x96i\xf9t\x966\xa7\xde\xd5\x03\x8d\xf48\
\xd32\x91i\x97@\x19\xbe\xea\x8d\xa6\xdeM\x01@\x89\
\x94.\x01\xa0~\x7fK\x8a\x97\xc0\xe5\xdc\xcd\xf0\x85\xc1\
\xa3\xe8\x00\x00W\xb5:z\x92.\x16\x87V\xa8\x02\xd0\
Y\xc5\xf9IZ>\x9d\x99\x00\x0d4\xd9$:@\x15\
\xf6\xd3.\x1f\x04\xc7\x00\xda\xed~o4}\x10\x1d\x02\
\x00r\xa3t\x09\x005\xdb\x17\xa8\xfe\x96\xac\xd8\x05\xde\
\xefq\xa6\x87a\x0f\xa3\x03\x00\x5c\xc7\xe6\xf4X\xd9\x04\
\x80NZ\x1d=I\xcbg?\xbb|\x004]\xce\x97\
<M\xbb\x04\xae\xebao4\xbd\x1b\x1d\x02\x00r\xa4\
t\x09\x00\x01\x14/\x81K\xf8*:@\x15z\xa3\xe9\
,\xa54\x0b\x8e\x01p-\xaf\xd7\xaa\x16\xe7'\xd1Q\
\x00\xa0r\xbb\xcd:\xbd\xfc\xe5\xc7\xb4~\xb1\x88\x8e\x02\
p\x19\x93\xe8\x00U\xd9\x9f\xa5\xdc\x8f\xce\x01\xb4\xce\xe3\
\x94\xe9\x193\x004\x81\xd2%\x00\x04\xe9\x8d\xa6\x8f\x93\
\xe2%\xf0v\xf7\xf7\xbf#re\xda%\xd0Z\xbbm\
\x91\x96\xcf~N\xab\xa3'\xd1Q\x00\xa02\xc5\xf9I\
z\xf9\xcb\x8f&<\x03m\xf1x\x7f\xc9=g\xf7\x92\
sd\xe0\xf2\x8eSJ\x7f\xeb\xc0\xefF\x00\x08\xa3t\
\x09\x00\x81\x14/\x81\xb7\x98\xa5\xfc\xd7F\xe5\xbc\xf2\x0b\
\xe8\x88\xf5\x8bEz\xf9\xcb\x8fi\xb7YGG\x01\x80\
RY'\x0e\xb4\xd0$:@\xd5\xf6\xc5\xa9\xdc\xcf\x8b\
\x80r(\x5c\x02@\x0d\x94.\x01 \xd8\xbexy7\
:\x07\xd0\x18_\xe5~ \xd6\x1bMM\xba\x04\xb2\xb0\
]-\xd3\xcb_~\xb4n\x1c\x80,\xbc\xfe\xf7\x9au\
\xe2@\x0bu\xe2rgo4\xbd\x9f^\xad\x0b\x06x\
\x9f/3\xdf\xa2\x04\x00\x8d\xa0t\x09\x00\x0d\xd0\x1bM\
\x1f\xa4\x94\xbe\x8a\xce\x01\x84\xbb\xdf\x1bM'\xd1!j\
\xa2x\x09d\xc1\xbaq\x00r\xb09=N\xcb\xa73\
\xeb\xc4\x81\xb6\x9aD\x07\xa8\x91\xcb\xfb\xc0\xfb|\xd5\xa1\
\xf3e\x00\x08\xa5t\x09\x00\x0d\xa1x\x09\x9d7K\xdd\
Z\x13\xd5\x89)\x14@w\xbc^7\xae\xac\x02@\x9b\
\xbc\xbe<p\xb18\xb4N\x1ch\xab\xc7\xb9o\x0cy\
\xd3\xbeLu?:\x07\xd0H_\xed\xdf3\x01\x005\
P\xba\x04\x80\x06Q\xbc\x84N\xfb\xb2K/\x09\x92I\
\x97@\x86\xb6\xabeZ>\x9dY\xcb\x0a@+\x14\xcb\
\xb3\xf4\xf2\xf0\x7fSq~\x12\x1d\x05\xe0&&\xd1\x01\
\x02\xdcK\xaf.\xef\x02\xbc\xa6p\x09\x005S\xba\x04\
\x80\x86\xd9\x7f1\xfe[J\xa9K\xe5+\xe8\xba{\xbd\
\xd1\xf4qt\x88:\xf5F\xd3Y\xf2\x82\x00\xc8\xd0n\
[\xa4\xd5\xd1\x93\xb4|\xf6\xb3\x89a\x004\xd6\xea\xe8\
IZ>\x9d\xf9w\x15\x90\x83\x7fF\x07\xa8\xdb\xfe\xd2\
\xae5\xe3\xc0k\xf7\x15.\x01\xa0~J\x97\x00\xd0@\
\xfb51\x8a\x97\xd0\x0d\x93\xdeh\xfa]t\x88 \xa6\
]\x02\xd9*\xceO^M\x0f[\x9eEG\x01\x80_\
mW\xcb\xf4\xf2\x97\x1fMe\x06\xb2\xb1?G\xed\x9c\
\xdeh\xfa0\xa5\xf4 :\x07\x10\xeeAo4U\xc2\
\x06\x80\x00J\x97\x00\xd0P\xfb\xa9w\x8a\x97\x90\xb7\xe3\
\x94\xd2\x97\xd1!\x02un\x1a\x05\xd0-\xbbm\x91\x96\
Ogiu\xf4\xc4$1\x00\xc2\xad\x9f?K/\x7f\
\xf91mW\xcb\xe8(\x00e\x99D\x07\x08v7\xd9\
\x22\x02]\xf6\xa07\x9a~\x15\x1d\x02\x00\xbaJ\xe9\x12\
\x00\x1a\xec\x8d\xe2\xe5,8\x0aP\x8d\xbf\xedWBu\
\xd2~\x1aEg\xff\xff\x03\xdd\xb1~\xb1Pr\x01 \
\xcc\xeb\xe9\x96\xab\xe3yt\x14\x80\xb2=\x8a\x0e\x10i\
\x7f\xa6\xa4p\xc5\xffg\xef\xee\x92\xab8\xcfv\x01?\
\xfa#\x04\x8c#\xb6\xeb\xeb\xdaU\xfb`\xcb#\x08=\
\x82\xc8\x87}\x14<\x82\x88\x11\x18F`3\x02`\x04\
(#09\xeaC\xcb#h\xe54\xa9\x94\xd7\xf7U\
\xb9\x92\xb4\x8b\xed\x85\xb1\xb0\xa2\xdf}\xd0K\x80m~\
Z\xd2Z\xeb]\xdd}]U*I`\xe0.\x17R\
\xd1\xef\xba\xdf\xe7a\x98\x14.\x01 1\xa5K\x00X\
p\x93\xe2e\x1e\x11\xbb\xa9\xb3\x00Sug\xf2\xf5=\
tV\x8c\x03\x83pzt\xd8\xacs}\xf6]\xea(\
\x00\x0c\x88\xe9\x96@\xcf\x0d\xfeLar\xa1\xf5~\xea\
\x1c\xc0\x5c\xddW\xb8\x04\x80\xf4\x94.\x01\xa0\x03&\xb7\
\x96?\x09+s\xa0/\xb6\xb3\xa2\xdaN\x1dbA\x0c\
z*\x050<\x07\xe3Z\xf9\x05\x80\x993\xdd\x12\x18\
\x80\xb1\xcb\xac\x8d\xac\xa8\xbe\x08\xe7\xc60\x14w&_\
\xf3\x00@bJ\x97\x00\xd0\x11YQ\x8d\xb3\xa2\xfa$\
\x22\xb6Sg\x01.e\xc7M\xe4\x9f\x19\xfcT\x0a`\
x\xce\x8a0\xa6^\x020\x0b\xa6[\x02\x03\xb1\x93:\
\xc0\x82\xf94\x22\xc6\xa9C\x003u\xc7E~\x00X\
\x1cJ\x97\x00\xd01\x93\xb2\xd6\xbd\xd49\x80\x0b\xd9\x8d\
\xe6\x10\x9c\x89\xc9$_\xc5K`\x90L\xbd\x04`\x9a\
\x8e\xf7\xf7L\xb7\x04\x86\xe4/\xa9\x03,\x92\xc9\xf9\x8a\
3'\xe8/\x85K\x00X0J\x97\x00\xd0AYQ\
=\x0c\xb7\x97\xa1k\xc6\x11\xf1\xe9\xe4\x10\x9c\x9f\xf3B\
\x090X/\xd7\xbf~\xff\xaf8=9N\x1d\x07\x80\
\x0e:=9\x8e\x83\xef\xff\x15\xfb\xff\x1e)\xf2\x03C\
\xb2\x93:\xc0\xa2\xc9\x8aj'\x5c\xd6\x87\xbe\x19GD\
\xaep\x09\x00\x8bG\xe9\x12\x00:*+\xaa'\x11\xf1\
I4\x93\xf3\x80\xc56\x8e\x88O\xb2\xa2\x1a\xa5\x0e\xb2\
\xa0vR\x07\x00H\xed\xf0\x87\xa7\xf1\xd3?\xff\x11\xc7\
\xfb{\xa9\xa3\x00\xd0!\xc7/\x9e\xc7O\xff\xfcG\x1c\
\xfe\xf04u\x14\x80y\xdau\xc6\xf2f\x93\xcb\xfa\xdb\
\xa9s\x00S1\x8a\xe6L\xd9k@\x00\xb0\x80\x94.\
\x01\xa0\xc3&\x0f\xdb\x9f\x84\xd5\xbc\xb0\xc8\xce\x0a\x97\x0e\
\xc7\xdeb\xf2B\x89\xff?\xc0\xe0\x9d\x1e\x1d\xc6\xfe\xbf\
G\xf1\x9f\xa7\xdf\x9az\x09\xc0;\x9d\x1e\x1d\xc6\xfew\
\xff\x13\xfb\xdf\xfdO\x9c\x1e\x1d\xa6\x8e\x030o;\xa9\
\x03,\xb8{\xe1\x9c\x05\xban7\x9a\x09\x97\xbe\x96\x01\
`A)]\x02@\xc7eE5\xce\x8a\xea\xd3\xb0:\
\x06\x16\xd5=\x87c\xad\xfc9u\x00\x80Eq\xf4\xe3\
8~\xfa\xf6\xefq\xf4\xe38u\x14\x00\x16\xd0\xe1\xb3\
\xef\x9a\xe9\xc8/\x9e\xa7\x8e\x02\x90\xca_R\x07Xd\
YQ\x8d\xa3\xb9\xa8?J\x1c\x05\xb8\x98\xedh.\xf1\
;\x14\x00\x80\x05\xb6\x94:\x00\x000=u\x99oF\
\xc4\x97\x11\xb1\x9e8\x0a\xd0\xb8\x93\x15\xd5v\xea\x10]\
P\x97\xf9FD|\x93:\x07\xc0\xa2Y\xb9z=\xae\
\xdc\xfc\xdf\xb1|\xe5j\xea(\x00$v\xbc\xbf\xd7L\
C6\xd9\x12\x18\xb6qVT7S\x87\xe8\x82\xba\xcc\
oE\xc4W\xe1\xac\x18\xba\xe4~VT_\xa4\x0e\x01\
\x00\xbc\x9fI\x97\x00\xd0#YQ\xedD\xc4\xc7a\xc5\
\x0e,\x02\x85\xcbs\xb0b\x1c\xe0\xcd\x8e\xf7\xf7\xe2\xa7\
\x7f\xfe#\x0e\x9f}g\xe58\xc0@\xbd\x5c%\xfe\xef\
\x91\xc2%\x80s\xcf\xd6&\x9bW>\x89\x08\xd3\xf2`\
\xf1\x8d\xa39O\xfe\x22u\x10\x00\xa0\x1d\xa5K\x00\xe8\
\x99\xc9\xba\xf1O\xc2\xbaqHI\xe1\xf2b\xac\x18\x07\
x\x8b\x83qm\x95,\xc0\x00Y%\x0e\xf0+V\x8b\
\x9f\xc3\xa4x\xe9\x9c\x18\x16\xdb(\x9au\xe2\xdb\x89s\
\x00\x00\xe7\xa0t\x09\x00=\x95\x15\xd5\xc3\x88\xc8\xc3\xe4\
8\x98\xa7qD|\xea\x80\xec\xc2\x9e\xa4\x0e\x00\xb0\xc8\
^\x9ftvr\xb0\x9f:\x0e\x003t\xfc\xe2y\xbc\
\xf8\xf6oq0\xaeM:\x06\xf8\xb9\x9d\xd4\x01\xbaf\
rNu'u\x0e\xe0\x8d\x9eDD>)H\x03\x00\
\x1d\xb2\x94:\x00\x000[u\x99\xafG\xc4\xe7\x11q\
7u\x16\xe8\xb9q47\x92\x1d\x90]B]\xe6U\
D\xdcJ\x9d\x03\xa0\x0b\xd6>\xfc(\xd6~\xf7_\xb1\
\xb4\xbc\x92:\x0a\x00Srr\xb0\x1f\x07\xdf\xff+\x8e\
\xf7\xf7RG\x01XD\xbbYQ\xe5\xa9CtU]\
\xe6[\x11\xf18u\x0e\xe0\xa5{\x93\xe1\x19\x00@\x07\
\x99t\x09\x00=7Y7~/\x22>\x89fM\x05\
0}\x0a\x97\xd3c\xc58@K\x87?<\x8d\x9f\xbe\
\xfd{\x1c\xfe\xf04u\x14\x00.\xe9\xf4\xe48\xfe\xf3\
\xf4\xdbf\x95\xb8\xc2%\xc0\xdb\xec\xa4\x0e\xd0e&^\
\xc2\xc2\x18E3\xddR\xe1\x12\x00:L\xe9\x12\x00\x06\
\x22+\xaa\x9dh\xd6\x8d{\x90\x87\xe9\xda\x8d\x88\x8f\x15\
.\xa7\xc6\x8aq\x80s8=9\x8e\x83\xef\xff\x15/\
\xbe\xfd\x9b\x92\x0e@\x07\x9d\x9e\x1c\xc7\xe1\xb3\xef\xe2\xa7\
o\xff\x1eG?\x8eS\xc7\x01Xt.j^\x92\xe2\
%$g\x9d8\x00\xf4\x84\xf5\xe2\x000@u\x99o\
F\xb3Jf#m\x12\xe8\xbc'\x11q'+*\xaf\
\x8eN\x91\x15\xe3\x00\x17\xb7r\xf5z\xfc\xe6\xa3\xff\x13\
K\xabk\xa9\xa3\x00\xf0\x1eG?\x8e\xe3\xe0Y\x1d\xa7\
G\x87\xa9\xa3\x00t\xc18+\xaa\x9b\xa9C\xf4\x85U\
\xe30w\xe3\x88\xb8o\xba%\x00\xf4\x87I\x97\x000\
@YQ\xeddE\xf5qD\xdcO\x9d\x05:\xeca\
VT\x9f*\x5c\xce\x84\xc9\x15\x00\x17t\xbc\xbf\x17/\
\xbe\xfd[\xfc\xe7\xe9\xb7J<\x00\x0b\xca\xf7j\x80\x0b\
\xb1\x19c\x8a^\x9bx\xe9\x5c\x0bfo7\xac\x13\x07\
\x80\xdeQ\xba\x04\x80\x01\xcb\x8a\xea\x8b\x88\xf88\x22v\
\xd2&\x81N\x19G3\xdd\xf2^\xea =\xe6\x85\x14\
\x80K:\xfaq\x1c?\xfd\xf3\x1fq\xf8\xec\xbb8=\
9N\x1d\x07\x80h\xca\x96\xfb\xff\x1e\xc5\xfe\xbfG\xca\
\x96\x00\xe7\xf7\x97\xd4\x01\xfafR\xbc\xfc$\x14/a\
\x96\xeegE\x95gE5J\x1d\x04\x00\x98.\xeb\xc5\
\x01\x80\x88\x88\xa8\xcb\xfcvD<\x08+\xc7\xe1]v\
\xa3)\x5c\xee\xa6\x0e\xd2wV\x8c\x03L\xcf\xd2\xf2J\
\xac\xfd\xee\xbfb\xed\xc3\x8fRG\x01\x18\xa4\xe3\xfd\xbd\
8|\xf6]\x1c\xef\xef\xa5\x8e\x02\xd0YYQyM\
sF\xea2\xbf\x15\x11_\x86sa\x98&\xe7\xc8\x00\
\xd0s&]\x02\x00\x11\x11\x91\x15\xd5\x93\x88\xc8\xa3Y\
9\xeev3\xfc\xda\x93\x88\xf8\xc4A\xd9\xdcX1\x0e\
0%\xa7'\xc7q\xf0\xfd\xbf\xe2\xc5\xb7\x7f\x8b\xa3\x1f\
\xfd3\x0f`^N\x8f\x0e\xe3?O\xbf\x8d\xfd\x7f\x8f\
\x14.\x01.\xc7F\x8c\x19\x9a\x9cu\xe5\xd1\x94\xc4\x80\
\xcb\x19G\xc4\xbd\xc9tK_S\x00\xd0cn\x85\x01\
\x00\xbfR\x97\xf9FD|\x1e\x11[i\x93\xc0B\x18\
G\xb3\x06\xe6a\xea C2\xf9>\xf4M\xea\x1c\x00\
}\xb4\xb4\xba\x16W~\x97\xc5\xea\x07\xeb\xa9\xa3\x00\xf4\
\xd2\xe9\xd1a\x1c<\xab\x15\xdd\x01\xa6\xe7\xced\x156\
3T\x97\xf9z4\x9b\x90\xb6\x12G\x81\xae\xda\x89\xe6\
\xfb\xd5(q\x0e\x00`\x0e\x94.\x01\x80\xb7\x9a\xac\x96\
y\x10\x11\x9b\x89\xa3@*\xd6\xc0$T\x97\xf9W\xe1\
\xfb\x0f\xc0\xcc(_\x02L\x97\xb2%\xc0\xcc\xdc\xcc\x8a\
\xca7\xd79\xa9\xcb\xfcn4g\xc2@;\xa3h\xa6\
[\x9a\xca\x0b\x00\x03\xa2t\x09\x00\xbcW]\xe6\x9b\xd1\
L\xbe\xdcL\x9b\x04\xe6\xea~VT_\xa4\x0e1d\
u\x99oE\xc4\xe3\xd49\x00\xfaN\xf9\x12\xe0r\x94\
-\x01fj7+\xaa<u\x88\xa1\x99\x9c\x07\x7f\x19\
\x11\x1e\x12\xe0\xdd\xeeG\xc4C\xc5p\x00\x18\x1e\xa5K\
\x00\xa0\xb5\xc9a\xdb\xe3\x88\xd8H\x9b\x04f\xcat\xcb\
\x051Yk\xf5}\xea\x1c\x00C\xa1|\x09p>'\
\x07\xfbq\xf8\xfc\xa9\xb2%\xc0l\xdd\xcb\x8a\xeaa\xea\
\x10C49\x97\xf92\x5c\xc4\x877\xd9\x09\xab\xc4\x01\
`\xd0\x94.\x01\x80s\x9bL\x9f\xfb<\x94/\xe9\x97\
qD<2\xddr\xb1\xd4e\xfeeD\xdcN\x9d\x03\
`H\x94/\x01\xde\xedx\x7f/\x0e\x9f}\x17\xc7\xfb\
{\xa9\xa3\x00\x0c\xc1\xc7JMi\xd5e\xfeE4g\
\xc1@\xb3J\xfcNVT;\x89s\x00\x00\x89)]\
\x02\x00\x17f\xed8=\xb2\x13n&/\xa4\xba\xcco\
G3U\x01\x809S\xbe\x04\xf8\xb9\xe3\x17\xcf\xe3\xf0\
\xf9SeK\x80\xf9\xb1Z|A\xd8\x80\x041\x8a\x88\
\xfbYQm'\xce\x01\x00,\x08\xa5K\x00\xe0\xd2\x94\
/\xe9\xb0Q4k\xaa\x9e\xa4\x0e\xc2\xdb\xd5e\xfe}\
Dh\xfc\x00$\xb2\xb4\xba\x16k\x1f\xdc\x8c\xd5\x1b\xff\
+\x96\x96WR\xc7\x01\x98\xbb\xa3\x1f\xc7q\xf0\xac\x8e\
\xd3\xa3\xc3\xd4Q\x00\x86\xc6j\xf1\x052Y7\xfey\
D\xdcM\x9d\x05\xe6h\x1c\x11\x8f\x22\xe2aVT\xe3\
\xd4a\x00\x80\xc5\xa1t\x09\x00LM]\xe6\x1b\xd1\x1c\
\xbcm\xa5M\x02\xefe\x95x\x87\xd4e\xfe8|_\
\x01Hniy%\xd6>\xfc(V\xaf\xaf\xc7\xd2\xea\
Z\xea8\x003uzr\x1cG\xcf\xff_\x1c\xfe\xf8\
\xbd\xb2%@:V\x8b/ S/\x19\x08eK\x00\
\xe0\x9d\x94.\x01\x80\xa9\x9b\xdcz\xbe\x1b\x11\x7f\x0a\x87\
o,\x9e\x87\xd1\xac\x82qX\xd6\x11u\x99\xdf\x8a\x88\
*u\x0e\x00^Y\xfd`=\xd6n|\x14\xcbW\xae\
\xa6\x8e\x020U\xa7G\x87q\xf0\xac\x8e\xe3\x17\xcf\xe3\
\xf4\xe48u\x1c\x80!\xb3Z|\x81\x99zI\x8f)\
[\x02\x00\xad(]\x02\x003U\x97\xf9V4\xe5\xcb\
\xcd\xb4I \xb6\xa3)[\x8e\x12\xe7\xe0\x02\xea2\xff\
&\x94\xb8\x01\x16\xce\xca\xd5\xeb\xb1v\xe3\xa3X\xb9v\
#u\x14\x80K9\xde\xdf\x8b\xc3g\xdf\xc5\xf1\xfe^\
\xea(\x004\xac\x16\xef\x80\xc9\xd4\xcb\x07\x11q+q\
\x14\xb8,eK\x00\xe0\x5c\x94.\x01\x80\xb9\x98\xac\x1e\
\xff,\x9a\x15\xc1\xebI\xc304\xdb\xa1l\xd9yu\
\x99\x7f\x11\xcd\x04\x05\x00\x16\xd0\xd2\xeaZ\xac\xdd\xf8(\
V?X\x8f\xa5\xe5\x95\xd4q\x00Z9=9\x8e\xa3\
\x1f\xc7q\xf8\xfc\xa9\x15\xe2\x00\x8b\xc7j\xf1\x0e\xa9\xcb\
\xfcn4\xe76\xce}\xe9\x9aQD\xfc9\x94-\x01\
\x80sR\xba\x04\x00\xe6\xae.\xf3\xdb\xd1L\xbf\xbc\x9d\
:\x0b\xbd\xb6\x1d\xca\x96\xbd1)n\x7f\x93:\x07\x00\
\xef\xb6\xb4\xbc\x12+\xd7n\xc4\x95\xdfe\xb1\xb4\xba\x96\
:\x0e\xc0\x1b\x9d\x1c\xec\xc7\xe1\xf3\xa7V\x88\x03,.\
\xab\xc5;\xc8\xcaq:f\x14\xcd\xd9\xf1v\xe2\x1c\x00\
@G)]\x02\x00\xc9L\x0e\xe2\xb6\xa2)`ZA\
\xc34\x9c\xad\x81\xd9V\xb6\xec\x9f\xba\xcc\xbf\x8a\x88\xcd\
\xd49\x00hg\xe5\xea\xf5X\xbd\xbe\x1e\xab\x1f\x18v\
\x03,\x86\xa3\x1f\xc7q\xb47\xb6B\x1c`\xf1Y-\
\xdea\x93\x8b\xb3\x8f\xc3\x19\x0e\x8b\xe9ID<\xca\x8a\
j'u\x10\x00\xa0\xdb\x94.\x01\x80\x8509\x8c\xdb\
\x8a\xa6\x80\xb9\x912\x0b\x9d4\x8a\x88\xfb\x11\xf1\xc4\x1a\
\x98\xfe\xaa\xcb|+\x9aC{\x00:diu-\xd6\
>\xb8\x19\xab\xd7\xd7M\xbf\x04\xe6\xee\xf4\xe80\x0e\x9f\
?\x8d\xa3\x1f\xc7\xa6Z\x02t\x87\xd5\xe2=P\x97\xf9\
f4\x93/7\xd3&\x81\x18G\xb3\x15\xe9\x91\xef-\
\x00\xc0\xb4(]\x02\x00\x0b\xa7.\xf3[\xf1j\xfd\xf8\
F\xda4,87\x93\x07\xa6.\xf3\xef#\xc2\xc84\
\x80\x8eZ\xb9v#\xd6\xae\xdf\x8c\x95k7RG\x01\
z\xec\xf4\xe48\x8e_<\x8f\xc3\xe7O\xe3\xe4`?\
u\x1c\x00\xce\xc7j\xf1\x9eQ\xbe$\xa1\x9d\x88\xf8\xb3\
\x15\xe2\x00\xc0,(]\x02\x00\x0bmR\xc0\xdc\x0c+\
\xc8ye\x14\xafV\x88\x9bj90u\x99?\x8ef\
*.\x00\x1d\xb6\xb4\xba\x16\xab\xd7>\x8c\xb5\x1b\x1f\x99\
~\x09L\xcd\xf1\xfe^\xb3>\xfc\xc5sS-\x01\xba\
\xcbj\xf1\x9eR\xbedNF\xf1\xea\xa2\xfe(m\x14\
\x00\xa0\xcf\x94.\x01\x80\xce\x98\xac \xbf\x1d\x11\x7f\x98\
\xbcg8\xceV\xc0\xfc9+\xaa\xdd\xc4YHhR\
\xc4\xaeR\xe7\x00`z\x96\xaf\x5c\x8d\xb5\x1b\x1f\xc5\xca\
\xb5\x1b\xb1\xb4\xbc\x92:\x0e\xd01\xa7G\x87q\xb47\
\x8e\xc3\x1f\xbf\x8f\xd3\xa3\xc3\xd4q\x00\xb8<\xab\xc5{\
nR\xbe\xfcS\xb8T\xcb\xf4\x8c\xa3)Z\xfe%+\
\xaa'\xa9\xc3\x00\x00\xc3\xa0t\x09\x00tV]\xe6\xaf\
\x1707\xd2\xa6a\x06\x1c\x96\xf1Fu\x99Wa\xf2\
-@/\xad~\xb0\x1e\xab\xbf\xfd\xd0\xfaq\xe0\x9d\xac\
\x0f\x07\xe8-\xab\xc5\x07dr\xc1\xfe\xb3h\xca\x97\xeb\
I\xc3\xd0UO\x22\xe2/\x11\xf1\xc4F$\x00`\xde\
\x94.\x01\x80^\x98\x1c\xd2m\xc6\xab\x12\xa6\x83\xban\
\x1aEsX\xf6\xb5\xa2%oS\x97\xf9\xdd\x88x\x90\
:\x07\x00\xb3s\xb6~|\xf5\xfaz,_\xb9\x9a:\
\x0e\xb0\x00\xce\x8a\x96G?\xfd\x10\xc7/\x9e\xa7\x8e\x03\
\xc0lX->@u\x99\xafGs\x9e\xfbY\xb8d\
\xcb\xfb)Z\x02\x00\x0bA\xe9\x12\x00\xe8\xa5\xc9\x0a\xe2\
\xcd\x88\xf8\xfd\xe4\xfdF\xc28\xbc\xdbN4\x07e;\
V\x87\xd3\xc6\xe40\xfe\xfb\xd49\x00\x98\x8f\xa5\xd5\xb5\
X\xfb\xe0f\xac^_\x8f\xa5\xd5\xb5\xd4q\x809{\
\xbdhyzr\x9c:\x0e\x00\xb3uS\x89j\xd8&\
g\xba\x9f\x85K\xf5\xfc\x9c\xa2%\x00\xb0p\x94.\x01\
\x80A\x98L\xc2\xbc\x15\xcd$\xcc\xb3B&i\xecF\
S\xb4\xfc:\x9a\xa2\xa5\x832\xce\xad.\xf3\xc7\xd1\xac\
\x9f\x02`@\x96\xaf\x5c\x8d\xd5\xeb\xeb\xb1z\xedC\x05\
L\xe81EK\x80Az\x92\x15\xd5\xa7\xa9C\xb08\
\xea2\xdf\x8a\x88?FS\xc0dXF1\xb9\xa8o\
\x1b\x12\x00\xb0\xa8\x94.\x01\x80\xc1\xfa\xc54\xcc\x8dP\
\xc4\x9c\x95\x9dh\x8a\x96J\x96LM]\xe6\x9b\x11\xf1\
U\xea\x1c\x00\xa4\xa3\x80\x09\xfd\xf1\xfa\xea\xf0\x93\xfd\x17\
\x8a\x96\x00\xc3t'+\xaa\xed\xd4!X<\xd6\x8f\x0f\
\xc6n\xbc\x9afi\x1b\x12\x00\xb0\xf0\x94.\x01\x00^\
3)b\xde\x8a\xa6\x84\xf9\x87\xc9\xfb\x8dt\x89:g\
w\xf2\xf6\xd7\xb0.\x9c\x19\xab\xcb\xfc\x9b\xf0\xf5\x09@\
4+\xc8W\xaf}\x18\xab\xd7\xd7c\xf9\xca\xd5\xd4q\
\x80\x16N\x8f\x0e\xe3x\x7f\xef\xe5DK\x00\x06\xcfj\
q\xdek\xb2\xcdh3L\xc0\xec\x83Q4k\xc3]\
\xd4\x07\x00:I\xe9\x12\x00\xa0\x85\xc9T\xbd\xf5h\x0a\
\x99\xbf\x9f|\xbc\x990Rj\xbb\x111\x8e\xe6Pl\
7\x22F\x0a\x96\xcc[]\xe6w#\xe2A\xea\x1c\x00\
,\x96\xa5\xd5\xb5X\xb9z=V\x7f\xfba\xac\x5c\xbb\
\x91:\x0e\xf0\x9a\x93\x83\xfd8\xfe\xe9y\x1c\xbd\xf8!\
N\x0e\xf6S\xc7\x01`qlgEu'u\x08\xba\
e2\x01s3\x9a\x02\xe6f\xb8\x98\xbb\xe8v\xa3\xd9\
\x88tvY\x7f\x944\x0d\x00\xc0%)]\x02\x00\x5c\
\xd2\xa4\x90\x19\xf1\xaa\x84\xf9\x87\xc9\xfb[\xd1\x943\xbb\
h\x1c\xcdAXDS\xac<\xfb|\xac\x5c\xc9\xa2\x98\
\x1c\xae\x7f\x9f:\x07\x00\x8bkiy%\x96\xaf^k\
\x0a\x98W\xaf[C\x0esvzr\x1c'\xfb/\x9a\
i\x96\xfb{qzt\x98:\x12\x00\x8b\xe9\xd3\xac\xa8\
\x9e\xa4\x0eA\xb7M6\x18mFs6\xbb\x19\xdd=\
\x97\xed\x8b\x9dxua\xdf$K\x00\xa0w\x94.\x01\
\x00flR\x0c\xbb5\xf9\xf4\xf5\x8f#^\x154\xcf\
l\xc4lne\x8f&og\xc6\xd1\xdc*>\xfb\xf8\
\xacH9r\xcb\x98.\xa9\xcb\xfcqDl\xa5\xce\x01\
@7,_\xb9\x1a+W\xaf\xc7\xcaoo\xc4\xca\xd5\
\xeb\xa9\xe3@/\x9dM\xb3<\xde\xdf\x8b\xe3\xfd\xbd\xd4\
q\x00X|\xe3\xac\xa8n\xa6\x0eA\xff(a\xce\xd5\
N4\xe7\xcb\x7f\x8d\x88]\x97\xf6\x01\x80!P\xba\x04\
\x00\xe8\x90\xba\xcc7\xe2\xcd\xa5L\x13(\x19\xa4\xc9\x01\
z\x95:\x07\x00\xdds6\x05s\xe57\xd7c\xf5\xda\
\x87\xa6`\xc2\x05\x9d\x1e\x1d\xc6\xf1\xfe^\x1c\xfd\xf4C\
\x9c\xec\xbf\x88\xd3\x93\xe3\xd4\x91\x00\xe8\x96\x87YQ\xdd\
K\x1d\x82\xfe\x9b\x9c\xabnF\xc4\xef\xa3\xb9\x14\xbf\x99\
0NW\x8d&o_O\xde+X\x02\x00\x83\xa5t\
\x09\x00\x00tZ]\xe6U\xfc|\x82,\x00\x9c\xdb\xd2\
\xeaZ3\x05\xf37\xd7\xad\x22\x87w8+Y\x1e\xff\
g\xcf\xcap\x00\xa6!W\xda\x22\x95I\x11\xf3\xd6\xe4\
\xed\xf7\xd1\x5cvw\xc6\xd4L\xad\x1c\xc7\xabr\xe5(\
+\xaa\x9d\x94\x81\x00\x00\x16\x8d\xd2%\x00\x00\xd0iu\
\x99oE\xc4\xe3\xd49\x00\xe8\x17%Lh(Y\x02\
0C\xbbYQ\xe5\xa9C\xc0/M6\xab\xacG3\
\x0d\xf3w\xd1\x141\xd7\xa3?\x85\xcc\xb3R\xe5(\x22\
\xfe;^M\xb0\x1ceE5J\x15\x0a\x00\xa0K\x94\
.\x01\x00\x80N\xab\xcb|=\x22\xbe\x89\xe6\xf0\x1b\x00\
f\xe2\xac\x84\xb9\xbcv\xb5y\x7f\xe5j\xeaH0\x13\
\xc7\xfb{qr\xb0\x1f\xc7\xff\xd9\xb3.\x1c\x80Y\xbb\
\x97\x15\xd5\xc3\xd4!\xe0\xbc\xea2\xdf\x9c|\xb81y\
\x8bh&e\x9e\x9dM\xcd\xbb\xa09\x8e\xa6Hyf\
7\x22\x9e\xbd\xf6\xf18\x22\xc2\xb4J\x00\x80\xe9Q\xba\
\x04\x00\x00:\xaf.\xf3\x07\x11q7u\x0e\x00\x86e\
\xe5\xea\xf5\x97E\xcc\xe5\xab\xd7biy%u$8\
\x97\xd3\xa3\xc3W\x05\xcb\x83\xfd8\xde\xdfK\x1d\x09\x80\
a\xb9\x99\x15\xd58u\x08\x98\x87\xd7\xa6g^\xd68\
+\xaa\xdd\xf7\xffg\x00\x00\xcc\x92\xd2%\x00\x00\xd0y\
u\x99oD3\xed\x12\x00\x92YZ]\x8b\xe5+W\
c\xe5\xcaoc\xf97\xd7b\xf9\xcaUEL\x16\xc6\
Y\xc1\xf2\xe4p\xff\xe54KS,\x01H\xe8IV\
T\x9f\xa6\x0e\x01\x00\x00p\x11J\x97\x00\x00@/\xd4\
e\xfeeD\xdcN\x9d\x03\x00^\xf7\xab\x22\xe6\xea\x95\
XZ]K\x1d\x8b\x9e;9\xd8oJ\x95\xc7\x87\x0a\
\x96\x00,\xaaO\xb3\xa2z\x92:\x04\x00\x00\xc0E(\
]\x02\x00\x00\xbdP\x97\xf9fD|\x95:\x07\x00\xbc\
\xcf\xd2\xf2J,_\xb9\xdaL\xc2\x5cY{\xf5\xb1\xa9\
\x98\x9c\xd3\xc9\xc1~3\xc1\xf2p?\x8e\x0f~z9\
\xcd\x12\x00\x16\xdc8+\xaa\x9b\xa9C\x00\x00\x00\x5c\xd4\
j\xea\x00\x00\x00\x00\xd3\x90\x15\xd5N]\xe6\xa3\x88\xd8\
H\x1c\x05\x00\xde\xe9\xf4\xe48\x8e\xf7\xf7\xe2x\x7f\xef\
g?\xfe\xb32\xe6\xf2\x8a\xc9\x98DD\xf3\xf7\xe5\xac\
\x5cyz|\xa8\x5c\x09@\x1fl\xa7\x0e\x00\x00\x00p\
\x19J\x97\x00\x00@\x9f\xdc\x8f\x88\xc7\xa9C\x00\xc0E\
\xbc\xad\x8c\x19\x11\xaf\x8a\x98\xaf\x152#\x22V\xae^\
\x9fwLf\xe0l\xfd\xf7\xc9\xc1~\xc4\xe9I\x1c\x1f\
\xfc\x14qr\xf2\xc6\xbf\x0b\x00\xd0\x03\x8fR\x07\x00\x00\
\x00\xb8\x0c\xeb\xc5\x01\x00\x80\xde\xa8\xcb|=\x22\xbe\x89\
\x88\xf5\xd4Y\x00`\x9e\xce\xca\x97g\xa5\xcc\xa5\x95\xb5\
\x97\x132\x153\xd3:+T\xc6\xc9I\x9c\x1c6\xd3\
)\xcf\xca\x94/\x7f\x0e\x00\x86c'+\xaaOR\x87\
\x00\x00\x00\xb8\x0c\x93.\x01\x00\x80\xde\xc8\x8aj\x5c\x97\
\xf9\xa3\x88\xf8<u\x16\x00\x98\xa7\xb3\x12\xdf\xbb&#\
\x9eM\xca\x8c\x88XZ]\x8b\xe5\xd5+g?\xf1\xf2\
\xc7#\xc2J\xf3w8=:\x8c\x93\xa3\x83\x97\x9f\x9f\
M\xa6\x8c\x8889:\x88\xd3\xa3\xc3_}\x0c\x00\xfc\
\xcc\x9fS\x07\x00\x00\x00\xb8,\xa5K\x00\x00\xa0o\xb6\
C\xe9\x12\x00~\xe5l}\xf9E\xbcmZ\xe6\xd9d\
\xcdi{YZ\x5c^\x8e\x95+\xbf\x9d\xfa\xef\xffK\
g\xeb\xbc\x7f\xf5\xe3\xd6{\x03\xc04\x8d#\xe2I\xea\
\x10\x00\x00\x00\x97e\xbd8\x00\x00\xd0;u\x99?\x8e\
\x88\xad\xd49\x00\x00\x00\x80\x97\xb6\xb3\xa2\xba\x93:\x04\
\x00\x00\xc0e-\xa7\x0e\x00\x00\x000\x03\xd6\x95\x01\x00\
\x00\xc0by\x94:\x00\x00\x00\xc04(]\x02\x00\x00\
\xbd\xa03e,\x00\x00\x1dWIDAT\x93\x15\xd5\
ND\xec$\x8e\x01\x00\x00\x004v\xb3\xa2\xdaM\x1d\
\x02\x00\x00`\x1a\x94.\x01\x00\x80\xbe2A\x03\x00\x00\
\x00\x16\x83gt\x00\x00\xa07\x94.\x01\x00\x80^\xca\
\x8a\xeaID\x8cR\xe7\x00\x00\x00\x80\x81\x1bG\xc4\x93\
\xd4!\x00\x00\x00\xa6E\xe9\x12\x00\x00\xe8\xb3\xfb\xa9\x03\
\x00\x00\x00\xc0\xc0=\xc9\x8aj\x9c:\x04\x00\x00\xc0\xb4\
(]\x02\x00\x00\xbd\x95\x15\xd5v4\x135\x00\x00\x00\
\x804\x5c\x88\x04\x00\x00zE\xe9\x12\x00\x00\xe8\xbbG\
\xa9\x03\x00\x00\x00\xc0@\xeddE5J\x1d\x02\x00\x00\
`\x9a\x94.\x01\x00\x80\xbe{\x18\xa6]\x02\x00\x00@\
\x0a\x7fN\x1d\x00\x00\x00`\xda\x94.\x01\x00\x80^\xcb\
\x8aj\x1c\x11\xdb\xa9s\x00\x00\x00\xc0\xc0\x8c\xb2\xa2\xda\
N\x1d\x02\x00\x00`\xda\x94.\x01\x00\x80!\xb0b\x1c\
\x00\x00\x00\xe6\xcb\x94K\x00\x00\xa0\x97\x94.\x01\x00\x80\
\xde\xcb\x8aj\x14\xa6]\x02\x00\x00\xc0<m\xa7\x0e\x00\
\x00\x000\x0bJ\x97\x00\x00\xc0P\xdcO\x1d\x00\x00\x00\
\x00\x06b{r\x01\x12\x00\x00\xa0w\x94.\x01\x00\x80\
A0\xed\x12\x00\x00\x00\xe6\xc6jq\x00\x00\xa0\xb7\x94\
.\x01\x00\x80!y\x94:\x00\x00\x00\x00\xf4\xdcnV\
T;\xa9C\x00\x00\x00\xcc\x8a\xd2%\x00\x000\x18Y\
Q\xedF\xc4N\xea\x1c\x00\x00\x00\xd0c.<\x02\x00\
\x00\xbd\xa6t\x09\x00\x00\x0c\xcd\xfd\xd4\x01\x00\x00\x00\xa0\
\xa7\xc6YQm\xa7\x0e\x01\x00\x000KJ\x97\x00\x00\
\xc0\xa0LV\x9c\xed$\x8e\x01\x00\x00\x00}d\xca%\
\x00\x00\xd0{J\x97\x00\x00\xc0\x10\x99v\x09\x00\x00\x00\
\xd3\xb7\x9d:\x00\x00\x00\xc0\xac)]\x02\x00\x00\x83c\
\xda%\x00\x00\x00L\xddvVT\xa3\xd4!\x00\x00\x00\
fM\xe9\x12\x00\x00\x18*\xd3.\x01\x00\x00`z\xac\
\x16\x07\x00\x00\x06A\xe9\x12\x00\x00\x18$\xd3.\x01\x00\
\x00`jv\xb2\xa2\xdaM\x1d\x02\x00\x00`\x1e\x94.\
\x01\x00\x80!3\xed\x12\x00\x00\x00.\xcf\x94K\x00\x00\
`0\x96R\x07\x00\x00\x00H\xa9.\xf3\xaf\x22b3\
u\x0e\x00\x00\x00\xe8\xa8QVT\x1f\xa7\x0e\x01\x00\x00\
0/&]\x02\x00\x00Cg\xda%\x00\x00\x00\x5c\x9c\
\xe7j\x00\x00`PL\xba\x04\x00\x00\x06\xcf\xb4K\x00\
\x00\x00\xb8\x90qVT7S\x87\x00\x00\x00\x98'\x93\
.\x01\x00\x00L\xe5\x00\x00\x00\x80\x8bx\x94:\x00\x00\
\x00\xc0\xbc)]\x02\x00\x00\x83\x97\x15\xd5ND\xec$\
\x8e\x01\x00\x00\x00]2\x8e\x88\x87\xa9C\x00\x00\x00\xcc\
\x9b\xd2%\x00\x00@\xc3\xb4K\x00\x00\x00ho;+\
\xaaq\xea\x10\x00\x00\x00\xf3\xa6t\x09\x00\x00\x10\xa6]\
\x02\x00\x00\xc09Y-\x0e\x00\x00\x0c\x92\xd2%\x00\x00\
\xc0+wR\x07\x00\x00\x00\x80\x0e\xd8\xce\x8aj\x94:\
\x04\x00\x00@\x0aJ\x97\x00\x00\x00\x13\x93\x17\x8c\xb6\x13\
\xc7\x00\x00\x00\x80Ew?u\x00\x00\x00\x80T\x94.\
\x01\x00\x00~\xce\x0bG\x00\x00\x00\xf0vOL\xb9\x04\
\x00\x00\x86L\xe9\x12\x00\x00\xe05\xa6]\x02\x00\x00\xc0\
;=J\x1d\x00\x00\x00 %\xa5K\x00\x00\x80_\xbb\
\x1f\x11\xe3\xd4!\x00\x00\x00`\xc1\xecdE\xb5\x93:\
\x04\x00\x00@JJ\x97\x00\x00\x00\xbf0\x99vir\
\x07\x00\x00\x00\xfc\xdc\xfd\xd4\x01\x00\x00\x00RS\xba\x04\
\x00\x00x\xb3\x87a\xda%\x00\x00\x00\x9c1\xe5\x12\x00\
\x00 \x94.\x01\x00\x00\xde(+\xaaq\x98v\x09\x00\
\x00\x00gL\xb9\x04\x00\x00\x88\x88\xa5\xd4\x01\x00\x00\x00\
\x16Y]\xe6\xdfD\xc4F\xea\x1c\x00\x00\x00\x90\xd0(\
+\xaa\x8fS\x87\x00\x00\x00X\x04&]\x02\x00\x00\xbc\
\x9bI\x1e\x00\x00\x00\x0c\x9dgc\x00\x00\x80\x09\x93.\
\x01\x00\x00\xde\xa3.\xf3\xaf\x22b3u\x0e\x00\x00\x00\
H\xc0\x94K\x00\x00\x80\xd7\x98t\x09\x00\x00\xf0~&\
z\x00\x00\x000T\x9e\x89\x01\x00\x00^c\xd2%\x00\
\x00@\x0bu\x99\x7f\x19\x11\xb7S\xe7\x00\x00\x00\x809\
2\xe5\x12\x00\x00\xe0\x17L\xba\x04\x00\x00h\xe7^\xea\
\x00\x00\x00\x000g\xa6\x5c\x02\x00\x00\xfc\x82\xd2%\x00\
\x00@\x0bYQ\x8d\x22\xe2a\xea\x1c\x00\x00\x000'\
\xa3\xac\xa8\xb6S\x87\x00\x00\x00X4J\x97\x00\x00\x00\
\xed\xdd\x8f\x88q\xea\x10\x00\x00\x000\x07\xa6\x5c\x02\x00\
\x00\xbc\x81\xd2%\x00\x00@KYQ\x8d\xc3\x8bN\x00\
\x00\x00\xf4\x9f)\x97\x00\x00\x00o\xa1t\x09\x00\x00p\
\x0eYQ=\x8c\x88Q\xea\x1c\x00\x00\x000C.\x1c\
\x02\x00\x00\xbc\x85\xd2%\x00\x00\xc0\xf9\xddI\x1d\x00\x00\
\x00\x00fd\xd7\x94K\x00\x00\x80\xb7S\xba\x04\x00\x00\
8\xa7\xac\xa8v\x22b'q\x0c\x00\x00\x00\x98\x85{\
\xa9\x03\x00\x00\x00,2\xa5K\x00\x00\x80\x8b1\xed\x12\
\x00\x00\x80\xbe\xd9\x99\x5c4\x04\x00\x00\xe0-\x94.\x01\
\x00\x00. +\xaaQD<L\x9d\x03\x00\x00\x00\xa6\
\xe8~\xea\x00\x00\x00\x00\x8bN\xe9\x12\x00\x00\xe0\xe2\xee\
G\xc48u\x08\x00\x00\x00\x98\x02S.\x01\x00\x00Z\
P\xba\x04\x00\x00\xb8\xa0\xac\xa8\xc6\x11q/u\x0e\x00\
\x00\x00\x98\x02S.\x01\x00\x00ZXJ\x1d\x00\x00\x00\
\xa0\xeb\xea2\xff*\x226S\xe7\x00\x00\x00\x80\x0b\xda\
\xc9\x8a\xea\x93\xd4!\x00\x00\x00\xba\xc0\xa4K\x00\x00\x80\
\xcb3\xed\x12\x00\x00\x80.\xbb\x93:\x00\x00\x00@W\
(]\x02\x00\x00\x5cRVT\xbb\x11\xf10u\x0e\x00\
\x00\x00\xb8\x80\xed\xac\xa8F\xa9C\x00\x00\x00t\x85\xd2\
%\x00\x00\xc0t\xdcO\x1d\x00\x00\x00\x00.\xc0\xf3,\
\x00\x00\xc09(]\x02\x00\x00LAVT\xe3\xd4\x19\
\x00\x00\x00\xe0\x9c\xee\x9br\x09\x00\x00p>J\x97\x00\
\x00\x00\x00\x00\x000<\xe3\x88x\x98:\x04\x00\x00@\
\xd7(]\x02\x00\x00\x00\x00\x00\xc0\xf0<\xb2\xb5\x01\x00\
\x00\xe0\xfc\x94.\x01\x00\x00\x00\x00\x00`XFa\xca\
%\x00\x00\xc0\x85(]\x02\x00\x00\x00\x00\x00\xc0\xb0\xdc\
7\xe5\x12\x00\x00\xe0b\x94.\x01\x00\x00\x00\x00\x00`\
8v\xb3\xa2\xdaN\x1d\x02\x00\x00\xa0\xab\x94.\x01\x00\
\x00\x00\x00\x00`8\xee\xa5\x0e\x00\x00\x00\xd0eJ\x97\
\x00\x00\x00\x00\x00\x000\x0c;YQ\xed\xa4\x0e\x01\x00\
\x00\xd0eJ\x97\x00\x00\x00\x00\x00\x000\x0cwR\x07\
\x00\x00\x00\xe8:\xa5K\x00\x00\x00\x00\x00\x00\xe8\xbf\xed\
\xac\xa8F\xa9C\x00\x00\x00t\x9d\xd2%\x00\x00\x00\x00\
\x00\x00\xf4\xdb8\x22\xee\xa5\x0e\x01\x00\x00\xd0\x07J\x97\
\x00\x00\x00\x00\x00\x00\xd0o\x8f\xb2\xa2\x1a\xa7\x0e\x01\x00\
\x00\xd0\x07J\x97\x00\x00\x00\x00\x00\x00\xd0_\xa3\xac\xa8\
\xbeH\x1d\x02\x00\x00\xa0/\x94.\x01\x00\x00\x00\x00\x00\
\xa0\xbfF\xa9\x03\x00\x00\x00\xf4\x89\xd2%\x00\x00\x00\x00\
\x00\x00\x00\x00\x00@\x0bJ\x97\x00\x00\x00\x00\x00\x00\x00\
\x00\x00\x00-(]\x02\x00\x00\x00\x00\x00\x00\x00\x00\x00\
\xb4\xa0t\x09\x00\x00\x00\x00\x00\x00\x00\x00\x00\xd0\x82\xd2\
%\x00\x00\x00\x00\x00\x00\x00\x00\x00@\x0bJ\x97\x00\x00\
\x00\x00\x00\x00\x00\x00\x00\x00-(]\x02\x00\x00\x00\x00\
\x00\x00\x00\x00\x00\xb4\xa0t\x09\x00\x00\x00\x00\x00\x00\x00\
\x00\x00\xd0\x82\xd2%\x00\x00\x00\x00\x00\x00\x00\x00\x00@\
\x0bJ\x97\x00\x00\x00\x00\x00\x00\x00\x00\x00\x00-(]\
\x02\x00\x00\x00\x00\x00\x00\x00\x00\x00\xb4\xa0t\x09\x00\x00\
\x00\x00\x00\x00\x00\x00\x00\xd0\x82\xd2%\x00\x00\x00\x00\x00\
\x00\x00\x00\x00@\x0bJ\x97\x00\x00\x00\x00\x00\x00\x00\x00\
\x00\x00-(]\x02\x00\x00\x00\x00\x00\x00\x00\x00\x00\xb4\
\xa0t\x09\x00\x00\x00\x00\x00\x00\x00\x00\x00\xd0\x82\xd2%\
\x00\x00\x00\x00\x00\x00\x00\x00\x00@\x0bJ\x97\x00\x00\x00\
\x00\x00\x00\x00\x00\x00\x00-(]\x02\x00\x00\x00\x00\x00\
\x00\x00\x00\x00\xb4\xa0t\x09\x00\x00\x00\x00\x00\x00\x00\x00\
\x00\xd0\x82\xd2%\x00\x00\x00\x00\x00\x00\x00\x00\x00@\x0b\
J\x97\x00\x00\x00\x00\x00\x00\x00\x00\x00\x00-(]\x02\
\x00\x00\x00\x00\x00\x00\x00\x00\x00\xb4\xa0t\x09\x00\x00\x00\
\x00\x00\x00\x00\x00\x00\xd0\x82\xd2%\x00\x00\x00\x00\x00\x00\
\x00\x00\x00@\x0bJ\x97\x00\x00\x00\x00\x00\x00\x00\x00\x00\
\x00-(]\x02\x00\x00\x00\x00\x00\x00\x00\x00\x00\xb4\xa0\
t\x09\x00\x00\x00\x00\x00\x00\x00\x00\x00\xd0\x82\xd2%\x00\
\x00\x00\x00\x00\x00\x00\x00\x00@\x0bJ\x97\x00\x00\x00\x00\
\x00\x00\x00\x00\x00\x00-(]\x02\x00\x00\x00\x00\x00\x00\
\x00\x00\x00\xb4\xa0t\x09\x00\x00\x00\x00\x00\x00\x00\x00\x00\
\xd0\x82\xd2%\x00\x00\x00\x00\x00\x00\x00\x00\x00@\x0bJ\
\x97\x00\x00\x00\x00\x00\x00\x00\x00\x00\x00-(]\x02\x00\
\x00\x00\x00\x00\x00\x00\x00\x00\xb4\xa0t\x09\x00\x00\x00\x00\
\x00\x00\x00\x00\x00\xd0\x82\xd2%\x00\x00\x00\x00\x00\x00\x00\
\x00\x00@\x0bJ\x97\x00\x00\x00\x00\x00\x00\x00\x00\x00\x00\
-(]\x02\x00\x00\x00\x00\x00\x00\x00\x00\x00\xb4\xa0t\
\x09\x00\x00\x00\x00\x00\x00\x00\x00\x00\xd0\x82\xd2%\x00\x00\
\x00\x00\x00\x00\x00\x00\x00@\x0bJ\x97\x00\x00\x00\x00\x00\
\x00\x00\x00\x00\x00-(]\x02\x00\x00\x00\x00\x00\x00\x00\
\x00\x00\xb4\xa0t\x09\x00\x00\x00\x00\x00\x00\x00\x00\x00\xd0\
\x82\xd2%\x00\x00\x00\x00\x00\x00\x00\x00\x00@\x0bJ\x97\
\x00\x00\x00\x00\x00\x00\x00\x00\x00\x00-(]\x02\x00\x00\
\x00\x00\x00\x00\x00\x00\x00\xb4\xa0t\x09\x00\x00\x00\x00\x00\
\x00\x00\x00\x00\xd0\x82\xd2%\x00\x00\x00\x00\x00\x00\x00\x00\
\x00@\x0bJ\x97\x00\x00\x00\x00\x00\x00\x00\x00\x00\x00-\
(]\x02\x00\x00\x00\x00\x00\x00\x00\x00\x00\xb4\xa0t\x09\
\x00\x00\x00\x00\x00\x00\x00\x00\x00\xd0\x82\xd2%\x00\x00\x00\
\x00\x00\x00\x00\x00\x00@\x0bJ\x97\x00\x00\x00\x00\x00\x00\
\x00\x00\x00\x00-(]\x02\x00\x00\x00\x00\x00\x00\x00\x00\
\x00\xb4\xa0t\x09\x00\x00\x00\x00\x00\x00\x00\x00\x00\xd0\x82\
\xd2%\x00\x00\x00\x00\x00\x00\x00\x00\x00@\x0bJ\x97\x00\
\x00\x00\x00\x00\x00\x00\x00\x00\x00-(]\x02\x00\x00\x00\
\x00\x00\x00\x00\x00\x00\xb4\xa0t\x09\x00\x00\x00\x00\x00\x00\
\x00\x00\x00\xd0\x82\xd2%\x00\x00\x00\x00\x00\x00\x00\x00\x00\
@\x0bJ\x97\x00\x00\x00\x00\x00\x00\x00\x00\x00\x00-(\
]\x02\x00\x00\x00\x00\x00\x00\x00\x00\x00\xb4\xa0t\x09\x00\
\x00\x00\x00\x00\x00\x00\x00\x00\xd0\x82\xd2%\x00\x00\x00\x00\
\x00\x00\x00\x00\x00@\x0bJ\x97\x00\x00\x00\x00\x00\x00\x00\
\x00\x00\x00-(]\x02\x00\x00\x00\x00\x00\x00\x00\x00\x00\
\xb4\xb0\x9a:\x00\x00\x00\x00\x00\x00\xe72\x8e\x88\xddw\
\xfc\xfc\xad\x88X\x9fS\x16\x00\x00\x00\x00\x18\x14\xa5K\
\x00\x00\x00\x00\xa0\xcbv\xa3)!^\xc48\x22\xfez\
\x89?{\xe7\x12\xbfv\x94\x15\xd5\xe8\x12\xbf\xfe\xad\xea\
2\xff*\x226g\xf1{\x03\x00\x00\x00\xc0\xd0)]\
\x02\x00\x00\x00@?\x8c&o\x17\xf5u\xa2?{\x9c\
\x15\xd5\xbb\xa66\x02\x00\x00\x00\x00,\x0c\xa5K\x00\x00\
\x00\x00\xb8\xbc\xfb\x93\xf7\xef[\xfb\xfc>\xbbYQ]\
tj#\x00\x00\x00\x00\x003\xa6t\x09\x00\x00\x00\x00\
\x97\x94\x15\xd5\x17\xa93\x00\x00\x00\x00\x000{\xcb\xa9\
\x03\x00\x00\x00\x00\x00\x00\x00\x00\x00\x00t\x81\xd2%\x00\
\x00\x00\x00\x00\x00\x00\x00\x00@\x0bJ\x97\x00\x00\x00\x00\
\x00\x00\x00\x00\x00\x00-(]\x02\x00\x00\x00\x00\x00\x00\
\x00\x00\x00\xb4\xa0t\x09\x00\x00\x00\x00\x00\x00\x00\x00\x00\
\xd0\x82\xd2%\x00\x00\x00\x00\x00\x00\x00\x00\x00@\x0bJ\
\x97\x00\x00\x00\x00\x00\x00\x00\x00\x00\x00-(]\x02\x00\
\x00\x00\x00\x00\x00\x00\x00\x00\xb4\xa0t\x09\x00\x00\x00\x00\
\x00\x00\x00\x00\x00\xd0\x82\xd2%\x00\x00\x00\x00\x00\x00\x00\
\x00\x00@\x0bJ\x97\x00\x00\x00\x00\x00\x00\x00\x00\x00\x00\
-(]\x02\x00\x00LA]\xe6\xb7Rg\x00\x00\x00\
\x807\xd8\xa8\xcb|=u\x08\x00\x00\x80\xbeP\xba\x04\
\x00\x00\xb8\xa4I\xe1\xf2\xab\xd49\x00\x00\x00\xe0\x0d6\
\x22\xe2A\xea\x10\x00\x00\x00}\xa1t\x09\x00\x00p\x09\
\xaf\x15.M\x0d\x01\x00\x00`Qm\xd5e~7u\
\x08\x00\x00\x80>P\xba\x04\x00\x00\xb8 \x85K\x00\x00\
\x00:\xe4\xc1\xe49\x16\x00\x00\x80KP\xba\x04\x00\x00\
\xb8\x80\xba\xcc7B\xe1\x12\x00\x00\x80n\xf9\xb2.s\
\xcf\xb1\x00\x00\x00\x97\xa0t\x09\x00\x00pN\x93\x17\xa8\
\xbe\x0c\x85K\x00\x00\x00\xbae#\x22\x1e\xa7\x0e\x01\x00\
\x00\xd0eJ\x97\x00\x00\x00\xe7\xf7UDX\xc9\x06\x00\
\x00@\x17\xdd\xae\xcb|+u\x08\x00\x00\x80\xaeR\xba\
\x04\x00\x008\x87\xba\xcc\x1f\x87\xc2%\x00\x00\x00\xdd\xf6\
\xa0.\xf3\x8d\xd4!\x00\x00\x00\xbaH\xe9\x12\x00\x00\xa0\
\xa5\xba\xcc\xbf\x88\x88\xad\xc41\x00\x00\x00\xe0\xb2\xd6\xc3\
\x9aq\x00\x00\x80\x0bQ\xba\x04\x00\x00h\xa1.\xf3\xdb\
\x11\xf1y\xea\x1c\x00\x00\x000%\x9b\xd6\x8c\x03\x00\x00\
\x9c\x9f\xd2%\x00\x00\xc0{LV\xae\x99\x00\x02\x00\x00\
@\xdf<\xa8\xcb|=u\x08\x00\x00\x80.Q\xba\x04\
\x00\x00x\x87\xc9\x8bO_F\xb3z\x0d\x00\x00\x00\xfa\
d=\x22\x1e\xa4\x0e\x01\x00\x00\xd0%J\x97\x00\x00\x00\
\xef\xf6 \x22n\xa5\x0e\x01\x00\x00\x003\xb2U\x97\xf9\
f\xea\x10\x00\x00\x00]\xa1t\x09\x00\x00\xf0\x16u\x99\
\xdf\x8e\x88\xad\xd49\x00\x00\x00`\xc6L\xbb\x04\x00\x00\
hI\xe9\x12\x00\x00\xe0\x0d\xea2\xdf\x88\x88\xc7\xa9s\
\x00\x00\x00\xc0\x1c\xdc\xaa\xcb|+u\x08\x00\x00\x80.\
P\xba\x04\x00\x00x\xb3\xc7\x11\xb1\x9e:\x04\x00\x00\x00\
\xcc\xc9\x83\xba\xcc=\x07\x03\x00\x00\xbc\x87\xd2%\x00\x00\
\xc0/\xd4e\xfeEDl&\x8e\x01\x00\x00\x00\xf3\xb4\
\x1e\x11wS\x87\x00\x00\x00XtJ\x97\x00\x00\x00\xaf\
\xa9\xcb\xfcVD|\x9e:\x07\x00\x00\x00$\xf0\x99i\
\x97\x00\x00\x00\xef\xa6t\x09\x00\x00\xf0s\x0fR\x07\x00\
\x00\x00\x80D\xd6\xc3s1\x00\x00\xc0;)]\x02\x00\
\x00L\xd4e~7\xac\x15\x07\x00\x00`\xd8\xb6\xea2\
\xdfH\x1d\x02\x00\x00`Q)]\x02\x00\x00D\xc4\xe4\
\x05%k\xc5\x01\x00\x00\xc0\xf31\x00\x00\xc0[)]\
\x02\x00\x004\x1eD\xb3F\x0d\x00\x00\x00\x86\xce\xb4K\
\x00\x00\x80\xb7P\xba\x04\x00\x00\x06\xaf.\xf3\xcd\x88\xb8\
\x9d:\x07\x00\x00\x00,\x90\xcfR\x07\x00\x00\x00XD\
J\x97\x00\x00\x00\x11\x8fS\x07\x00\x00\x00\x80\x05\xb3U\
\x97\xb9\x8d\x10\x00\x00\x00\xbf\xa0t\x09\x00\x00\x0cZ]\
\xe6w#b#u\x0e\x00\x00\x00X0\xeb\x11q7\
u\x08\x00\x00\x80E\xa3t\x09\x00\x00\x0c\xd6db\xc7\
\xe7\xa9s\x00\x00\x00\xc0\x82\xfaS\xea\x00\x00\x00\x00\x8b\
F\xe9\x12\x00\x00\x18\xb2\xbb\xd1L\xee\x00\x00\x00\x00~\
m\xa3.\xf3\xad\xd4!\x00\x00\x00\x16\x89\xd2%\x00\x00\
0H\x93)\x97\x9f\xa5\xce\x01\x00\x00\x00\x0b\xce\xb4K\
\x00\x00\x80\xd7(]\x02\x00\x00Ce\xca%\x00\x00\x00\
\xbc\xdff]\xe6\x1b\xa9C\x00\x00\x00,\x0a\xa5K\x00\
\x00`pL\xb9\x04\x00\x00\x80s\xf1\x0c\x0d\x00\x000\
\xa1t\x09\x00\x00\x0c\x91)\x97\x00\x00\x00\xd0\xdeV\xea\
\x00\x00\x00\x00\x8bB\xe9\x12\x00\x00\x18\x14S.\x01\x00\
\x00\xe0\xdc\xd6\xeb2\xbf\x9d:\x04\x00\x00\xc0\x22P\xba\
\x04\x00\x00\x86\xc6\x94K\x00\x00\x008\xbf?\xa6\x0e\x00\
\x00\x00\xb0\x08\x94.\x01\x00\x80\xa1\xf9S\xea\x00\x00\x00\
\x00\xd0A[\x93\xed\x11\x00\x00\x00\x83\xa6t\x09\x00\x00\
\x0cF]\xe6[\x11\xb1\x918\x06\x00\x00\x00t\x95\x15\
\xe3\x00\x00\xc0\xe0)]\x02\x00\x00Cb\xca%\x00\x00\
\x00\x5c\x9c\x15\xe3\x00\x00\xc0\xe0)]\x02\x00\x00\x83P\
\x97\xf9\xad\x88\xd8L\x9d\x03\x00\x00\x00:l3u\x00\
\x00\x00\x80\xd4\x94.\x01\x00\x80\xa1\xf8,u\x00\x00\x00\
\x00\xe8\xb8\xf5\xba\xcc\xad\x18\x07\x00\x00\x06M\xe9\x12\x00\
\x00\x18\x0a/\x0a\x01\x00\x00\xc0\xe5\xfd!u\x00\x00\x00\
\x80\x94\x94.\x01\x00\x80\xde\xab\xcb|+\x22\xd6S\xe7\
\x00\x00\x00\x80\x1ep\xa9\x11\x00\x00\x184\xa5K\x00\x00\
`\x08\xfe\x98:\x00\x00\x00\x00\xf4\xc4F]\xe6\x1b\xa9\
C\x00\x00\x00\xa4\xa2t\x09\x00\x00\xf4Z]\xe6\xeba\
\x0a\x07\x00\x00\x00L\xd3f\xea\x00\x00\x00\x00\xa9(]\
\x02\x00\x00}\xa7p\x09\x00\x00\x00\xd3\xf5\x87\xd4\x01\x00\
\x00\x00RQ\xba\x04\x00\x00\xfa\xcejq\x00\x00\x00\x98\
\xae\xcd\xd4\x01\x00\x00\x00RQ\xba\x04\x00\x00\xfa\xce\xa4\
K\x00\x00\x00\x98\xae\x8d\xba\xcc\xd7S\x87\x00\x00\x00H\
A\xe9\x12\x00\x00\xe8\xad\xba\xcc\x15.\x01\x00\x00`6\
6S\x07\x00\x00\x00HA\xe9\x12\x00\x00\xe83\xab\xc5\
\x01\x00\x00`6n\xa5\x0e\x00\x00\x00\x90\x82\xd2%\x00\
\x00\xd0g\x9b\xa9\x03\x00\x00\x00@O\xfd!u\x00\x00\
\x00\x80\x14\x94.\x01\x00\x80^\xaa\xcb|#\x226\x12\
\xc7\x00\x00\x00\x80\xbe\xdaH\x1d\x00\x00\x00 \x05\xa5K\
\x00\x00\xa0\xaf6S\x07\x00\x00\x00\x80\x1e\xdb\xa8\xcb|\
=u\x08\x00\x00\x80yS\xba\x04\x00\x00\xfa\xca\x9a3\
\x00\x00\x00\x98\xad[\xa9\x03\x00\x00\x00\xcc\x9b\xd2%\x00\
\x00\xd0W^\xf8\x01\x00\x00\x80\xd9\xdaH\x1d\x00\x00\x00\
`\xde\x94.\x01\x00\x80\xde\x99\xac7S\xba\x04\x00\x00\
\x80\xd9\xdaH\x1d\x00\x00\x00`\xde\x94.\x01\x00\x80>\
R\xb8\x04\x00\x00\x80\xd9\xfb}\xea\x00\x00\x00\x00\xf3\xa6\
t\x09\x00\x00\xf4\xd1f\xea\x00\x00\x00\x000\x00\xeb\xa9\
\x03\x00\x00\x00\xcc\x9b\xd2%\x00\x00\xd0G\xff7u\x00\
\x00\x00\x00\x18\x80\x8d\xd4\x01\x00\x00\x00\xe6M\xe9\x12\x00\
\x00\xe8\xa3\x8d\xd4\x01\x00\x00\x00`\x006R\x07\x00\x00\
\x00\x987\xa5K\x00\x00\xa0\x8f6S\x07\x00\x00\x00\x00\
\x00\x00\x00\xfaG\xe9\x12\x00\x00\xe8\x95\xba\xcc\xd7Sg\
\x00\x00\x00\x80\xa1\xa8\xcb|#u\x06\x00\x00\x80yR\
\xba\x04\x00\x00\xfa\xe6V\xea\x00\x00\x00\x000 \x1b\xa9\
\x03\x00\x00\x00\xcc\x93\xd2%\x00\x00\xd07&]\x02\x00\
\x00\x00\x00\x00\x003\xa1t\x09\x00\x00\xf4\x8dI\x97\x00\
\x00\x00\x00\x00\x00\xc0L(]\x02\x00\x00\x00\x00\x00\x00\
\x00\x00\x00\xb4\xa0t\x09\x00\x00\xf4\xcd\xefS\x07\x00\x00\
\x00\x00\x00\x00\x00\xfaI\xe9\x12\x00\x00\xe8\x9b\xf5\xd4\x01\
\x00\x00\x00\x00\x00\x00\x80~R\xba\x04\x00\x00\x00\x00\x00\
\x00\x00\x00\x00hA\xe9\x12\x00\x00\x00\x00\x00\x00\x00\x00\
\x00\xa0\x05\xa5K\x00\x00\xa0o6R\x07\x00\x00\x00\x00\
\x00\x00\x00\xfaI\xe9\x12\x00\x00\xe8\x9b\x8d\xd4\x01\x00\x00\
\x00\x00\x00\x00\x80~R\xba\x04\x00\x00\x00\x00\x00\x00\x00\
\x00\x00hA\xe9\x12\x00\x00\x00\x00\x00\x00\x00\x00\x00\xa0\
\x05\xa5K\x00\x00\x00\x00\x00\x00\xe0\xa2\xc6\xa9\x03\x00\x00\
\x00\xcc\x93\xd2%\x00\x00\x00\x00\x00\x00p!YQ\xed\
\xa6\xce\x00\x00\x000OJ\x97\x00\x00@\xdf\x8cR\x07\
\x00\x00\x00\x00\x00\x00\x00\xfaI\xe9\x12\x00\x00\xe8\x9bQ\
\xea\x00\x00\x00\x000\x10V\x8b\x03\x00\x00\x83\xa3t\x09\
\x00\x00\x00\x00\x00\x00\x5c\x84\xd5\xe2\x00\x00\xc0\xe0(]\
\x02\x00\x00\x00\x00\x00\x00\x00\x00\x00\xb4\xa0t\x09\x00\x00\
\x00\x00\x00\x00\x5c\xc4\xd7\xa9\x03\x00\x00\x00\xcc\x9b\xd2%\
\x00\x00\xd07^\xf0\x01\x00\x00\x80\xf9\x18\xa7\x0e\x00\x00\
\x000oJ\x97\x00\x00\x00\x00\x00\x00\xc0E\xec\xa6\x0e\
\x00\x00\x000oJ\x97\x00\x00@\xdf\x8cR\x07\x00\x00\
\x00\x80\x81P\xba\x04\x00\x00\x06G\xe9\x12\x00\x00\xe8\x9b\
Q\xea\x00\x00\x00\x000\x00\xe3\xac\xa8\xac\x17\x07\x00\x00\
\x06G\xe9\x12\x00\x00\xe8\x9bQ\xea\x00\x00\x00\x000\x00\
\xa6\x5c\x02\x00\x00\x83\xa4t\x09\x00\x00\xf4JVT\xa3\
\xd4\x19\x00\x00\x00`\x00\xbeN\x1d\x00\x00\x00 \x05\xa5\
K\x00\x00\xa0\x8fL\xdb\x00\x00\x00\x80\xd9\xf2\xec\x0d\x00\
\x00\x0c\x92\xd2%\x00\x00\xd0G\xa3\xd4\x01\x00\x00\x12\x1a\
\xa7\x0e\x00\xc0 (]\x02\x00\x00\x83\xa4t\x09\x00\x00\
\xf4\xd1_S\x07\x00\x00H\xc8\xbf\x85\x00\x98\xb5QV\
T\xa3\xd4!\x00\x00\x00RP\xba\x04\x00\x00\xfa\xc8\xb4\
\x0d\x00`\xc8F\xa9\x03\x00\xd0{;\xa9\x03\x00\x00\x00\
\xa4\xa2t\x09\x00\x00\xf4\x91\xd2%\x000d\xa3\xd4\x01\
\x00\xe8\xbd\xafS\x07\x00\x00\x00HE\xe9\x12\x00\x00\xe8\
\x9d\xc9\x8a\xb3q\xea\x1c\x00\x00\x89\xb8\x80\x02\xc0\xac\xed\
\xa4\x0e\x00\x00\x00\x90\x8a\xd2%\x00\x00\xd0W;\xa9\x03\
\x00\x00\xa4\x90\x15\xd58L\xbb\x04`vF\x93\xcb\x8e\
\x00\x00\x00\x83\xa4t\x09\xff\xbf\xbd{7\x8f\xdb\xc0\xa2\
\x00|\xdd\x017A\xba\xec`\x89\x0e\xc8\x10\xd1J\x15\
\x98\xac\xc0b\x056+\x10Y\x81\xc6\x15x\x1c!\xd4\
\xa8\x02L\x07;\x9b\x22B\x09\x1b\x00\xfbY\xb6Ii\
\xc8y\x5c<\xfe?R\xa0\xe0$\xd2`\xbe98\x17\
\x00\x80\xb9r\xea\x0c\x80\xb3i\xeb\xf2:;\x03\xfc\xc5\
.;\x00\x00\xb3\xb5\xce\x0e\x00\x00\x00\x90I\xe9\x12\x00\
\x00\x98\xabMv\x00\x00\x80D^@\x01\xe0T|\xc6\
\x00\x00\x00\x8b\xa6t\x09\x00\x00\xccRQ5\xdb\x88\xe8\
\xb2s\x00\x00$\xd9f\x07\x00`\x96\xba\xa2j,]\
\x02\x00\x00\x8b\xa6t\x09\x00\x00\xcc\xd9&;\x00\x00@\
\x92Mv\x00\x00fI\xe1\x12\x00\x00X<\xa5K\x00\
\x00`\xce~\xcf\x0e\x00\xc0b\x5cf\x07\x80\xaf\x15U\
\xd3\x85\xb5K\x00\x8e\xcf\xf7l\x00\x00`\xf1\x94.\x01\
\x00\x809\xdbd\x07\x00`1.\xb3\x03\xc036\xd9\
\x01\x00\x98\x15\xa7\xc5\x01\x00\x00B\xe9\x12\x00\x00\x98\xb1\
\xa2jva\xe1\x09\x00X\xae/\xd9\x01\x00\x98\x15\x85\
K\x00\x00\x80P\xba\x04\x00\x00\xe6\xef\xd7\xec\x00\x00,\
\x82\x92?c\xb4\xc9\x0e\x00\xc0\xac<e\x07\x00\x00\x00\
\x18\x03\xa5K\x00\x00`\xee,q\x00p\x0e]v\x00\
\xf8\xab\xa2j\xbaP\x08\x06\xe08vE\xd5\xf8L\x01\
\x00\x00\x08\xa5K\x00\x00`\xe6\x9c\x18\x07\x00\x16\xee\xf7\
\xec\x00\x00\xcc\x82\x95K\x00\x00\x80\x81\xd2%\x00\x00\xb0\
\x04N\x8c\x03\x00Ke\xf5\x1b\x80Cu\x11\xb1\xca\x0e\
\x01\x00\x000\x16J\x97\x00\x00\xc0\x12(\x1b\x00pj\
\xce\x8b3J\xc3)\xd8]v\x0e\x00&m]T\x8d\
g\x1d\x00\x00\x80\x81\xd2%\x00\x000{\xc3\x89q\xc5\
K\x00Nf(\xb6\xc1Xy\x0e\x02\xe0\x10\x0f\xd9\x01\
\x00\x00\x00\xc6D\xe9\x12\x00\x00X\x0a'\xc6\x01\x80\xa5\
\xf2\x1c\x04\xc0[\xad\x87\x17\x19\x01\x00\x00\x18(]\x02\
\x00\x00\x8bPT\xcd:\x9c\xd6\x04\xe04\xac\x5c2j\
N\x8c\x03p\x80\xa7\xec\x00\x00\x00\x00c\xa3t\x09\x00\
\x00,\x89\x1f\x8b\x008\x85.;\x00\xec\xc1\xda%\x00\
\xaf\xb5)\xaaf\x93\x1d\x02\x00\x00`l\x94.\x01\x00\
\x80%Y\x85b\x0c\x00\xc7\xf7%;\x00\xeca\x95\x1d\
\x00\x80\xc9y\xc8\x0e\x00\x00\x000FJ\x97\x00\x00\xc0\
b\x14U\xd3\x85\xb5K\x00\x8eo\x97\x1d\x00\xbe\xa7\xa8\
\x9a]D\xac\xb3s\x000\x19V.\x01\x00\x00^\xa0\
t\x09\x00\x00,\xcd*;\x00\x00\xb3\xb3\xcd\x0e\x00{\
rb\x1c\x80}\xddg\x07\x00\x00\x00\x18+\xa5K\x00\
\x00`Q\x86\x95\xa7Ur\x0c\x00f\xa4\xa8\x1a\xa5K\
&\xa1\xa8\x9auXf\x05\xe0\xfbV\x9eo\x00\x00\x00\
^\xa6t\x09\x00\x00,\xd1Cv\x00\x00fc\x93\x1d\
\x00^\xc9\xda%\x00\xdf\xd2\x85\xef\xcc\x00\x00\x00\xdf\xa4\
t\x09\x00\x00,\xce\xb0v\xe9G$\x00\x8e\xe1Kv\
\x00x\xa5\xc7\xe8\x0b5\x00\xf0\x9c\xa7\xe1;3\x00\x00\
\x00/P\xba\x04\x00\x00\x96J\xe1\x00\x80c\xd8d\x07\
\x80\xd7(\xaa\xa6\x8b\x88Uv\x0e\x00FiWT\xcd\
/\xd9!\x00\x00\x00\xc6N\xe9\x12\x00\x00X\xa4\xa1p\
\xf0\x94\x9d\x03\x80i+\xaaf\x93\x9d\x01\xde\xc03\x10\
\x00\xcf\xb9\xcb\x0e\x00\x00\x000\x05J\x97\x00\x00\xc0b\
\x0d\x0b\x1e\xbb\xe4\x18\x00L\xd7:;\x00\xbc\xc5p6\
v\x95\x1c\x03\x80qYy\x99\x04\x00\x00`?J\x97\
\x00\x00\xc0\xd2Y\xf2\x00\xe0\xad~\xcf\x0e\x00\x07x\xc8\
\x0e\x00\xc0ht\x11q\x9f\x1d\x02\x00\x00`*\x94.\
\x01\x00\x80E\x1b\x96<,\x95\x01\xf0\x16>?\x98\xac\
a\xed\xf21;\x07\x00\xa3pWTM\x97\x1d\x02\x00\
\x00`*\x94.\x01\x00\x00\xfaE\x0f?0\x01\xf0\x1a\
k\xe5\x04f\xe0!<\x03\x01,\xddcQ5^$\
\x01\x00\x00x\x05\xa5K\x00\x00`\xf1\x86\xa5''6\
\x01x\x0d\xa7\xc5\x99\xbc\xa18\xfc\x94\x9d\x03\x804\xbb\
\xf0]\x18\x00\x00\xe0\xd5~\xc8\x0e\x00\x00\x000\x16m\
]~\x8e\x88\xeb\xec\x1c\x00\x8c^WT\xcd?\xb2C\
\xc0\xb1\xb4u\xf9\x9f\x88\xb8\xcc\xce\x01\xc0\xd9\x95E\xd5\
l\xb3C\x00\x00\x00L\x8d\xa5K\x00\x00\x80?\xdc\x85\
\x13\x9b\x00|\xdf*;\x00\x1c\xd9]v\x00\x00\xce\xee\
^\xe1\x12\x00\x00\xe0m\x94.\x01\x00\x00\x06\xc3\x99\xf1\
\xfb\xec\x1c\x00\x8c\x9es\xcc\xccJQ5\x9b\x88Xg\
\xe7\x00\xe0lVE\xd5<f\x87\x00\x00\x00\x98*\xa5\
K\x00\x00\x80\xaf\x14U\xb3\x0a\x0bf\x00\xbcl=\x94\
\xf4an\xee\xc3\xe27\xc0\x12l\xc3\xcb\x86\x00\x00\x00\
\x07Q\xba\x04\x00\x00\xf8\xbb\xfb\xe8\x7f\x88\x02\x80\xbf\xb2\
r\xc9,\x0de\xe2\x87\xec\x1c\x00\x9cT\x17\x11\xef\x8b\
\xaaQ\xb2\x07\x00\x008\xc0\x0f\xd9\x01\x00\x00\x00\xc6\xa8\
\xad\xcb\xab\x88\xf8\x1c\x11\x17\xd9Y\x00\x18\x8dMQ5\
7\xd9!\xe0\x94\xda\xba\xfc\x1c\x11\xd7\xd99\x008\x89\
\xb2\xa8\x1a/\x18\x02\x00\x00\x1c\xc8\xd2%\x00\x00\xc03\
\x86\x1f\xa2\x9c\x5c\x03\xe0kV\x00Y\x82\xf7\xe1\xcc8\
\xc0\x1c\xdd)\x5c\x02\x00\x00\x1c\x87\xd2%\x00\x00\xc0\x0b\
\x8a\xaaYE\xc4cv\x0e\x00FaUT\xcd&;\
\x04\x9c\xdapr\xf6.;\x07\x00Gu7|\xbf\x05\
\x00\x00\xe0\x08\x94.\x01\x00\x00\xbe\xa1\xa8\x9a\xfb\x88X\
g\xe7\x00 U\x17V.Y\x90\xa2j\xd6\xe1\xc5\x13\
\x80\xb9X)\x5c\x02\x00\x00\x1c\x97\xd2%\x00\x00\xc0\xf7\
\xddE\x843l\x00\xcb\xf5TT\xcd.;\x04\x9c\xd3\
\xf0\xe2\x89\xe7\x1f\x80i[\x15Uc\xbd\x18\x00\x00\xe0\
\xc8\x94.\x01\x00\x00\xbec8\xb3y\x13\x8a\x07\x00K\
\xb4-\xaa\xe6\x97\xec\x10\x90\xe4&\xfa\xa5W\x00\xa6G\
\xe1\x12\x00\x00\xe0D\x94.\x01\x00\x00\xf60\x14/\xef\
B\xf1\x00`i\x94\x15X\xac\xaf^<\xf1\xfc\x030\
-\x0a\x97\x00\x00\x00'\xa4t\x09\x00\x00\xb0\xa7\xa2j\
\xb6\xa1x\x00\xb0$\x0f\xc3\xff\xfd\xb0X\xc3\xbf\x01\xc5\
\x1d\x80\xe9P\xb8\x04\x00\x008\xb1\x1f\xb2\x03\x00\x00\x00\
LM[\x97W\x11\xf19\x22.\xb2\xb3\x00p2\x9b\
\xa2jn\xb2C\xc0X\xb4uy\x1b\x11\x9f\xb2s\x00\
\xf0M\x0a\x97\x00\x00\x00g`\xe9\x12\x00\x00\xe0\x95,\
^\x02\xcc^\x17\x11\xef\xb3C\xc0\x98\x14U\xb3\x8a\x88\
\xfb\xec\x1c\x00\xbc\xe8Q\xe1\x12\x00\x00\xe0<,]\x02\
\x00\x00\xbc\x91\xc5K\x80\xd9\xba)\xaaf\x93\x1d\x02\xc6\
\xa8\xad\xcbO\x11q\x9b\x9d\x03\x80?\xb9\x1b\xca\xf1\x00\
\x00\x00\x9c\x81\xa5K\x00\x00\x807\xb2x\x090Kw\
\x0a\x97\xf0\xb2aEm\x95\x9d\x03\x80\x88\xe8\xbf\x8b*\
\x5c\x02\x00\x00\x9c\x99\xa5K\x00\x00\x80\x03Y\xbc\x04\x98\
\x8d\xc7\xa2j\x9cO\x86=\xb4u\xf9KD\xfc\x9c\x9d\
\x03`\xc1\xba\xe8\xd7\xb9\xb7\xd9A\x00\x00\x00\x96F\xe9\
\x12\x00\x00\xe0\x08\xda\xba\xbc\x88\xbexy\x95\x9d\x05\x80\
7Y\x0d\x0b~\xc0\x9e\xda\xba\xbc\x8d\x88O\xd99\x00\
\x16h\x1b}\xe1\xd2\xd5\x05\x00\x00\x80\x04\xce\x8b\x03\x00\
\x00\x1c\xc1\xf0c\xd7M\xf4?~\x010-\x0a\x97\xf0\
\x06\xc39\xdb\xbb\xe8\xd7\xd6\x008\x8fU(\x5c\x02\x00\
\x00\xa4\xb2t\x09\x00\x00pdm]~\x8a\x88\xdb\xec\
\x1c\x00\xecE\xe1\x12\x0e\xd4\xd6\xe5U\xf4\x8b\xdf\x17\xd9\
Y\x00f\xeen(\xbc\x03\x00\x00\x90H\xe9\x12\x00\x00\
\xe0\x04\xda\xba\xfc\x10\x11\x1f\xb3s\x00\xf0M\x0a\x97p\
$m]^D_\xbc\xbc\xca\xce\x020C\xbb\x88x\
_T\x8d\xcb\x0a\x00\x00\x00#\xa0t\x09\x00\x00p\x22\
m]^G\xc4oa\xf5\x09`\x8c\x1e\x8b\xaa\xb9\xcf\
\x0e\x01s\xd3\xd6\xe5\xc7\x88\xf8\x90\x9d\x03`F\xd6\xd1\
/\x5c:'\x0e\x00\x000\x12J\x97\x00\x00\x00'\xd4\
\xd6\xe5e\xf4\xc5K\xabO\x00\xe3\xe14'\x9cP[\
\x97\xef\x22\xe2Sx\xf1\x04\xe0\x10]\xf4\xcf,\xeb\xec\
 \x00\x00\x00\xfc\x99\xd2%\x00\x00\xc0\x19X}\x02\x18\
\x85.\x22n\x9c\xe6\x84\xd3\x1b\xce\x8d\xff\x16\x11\xd7\xc9\
Q\x00\xa6h\x13}\xe1r\x97\x9c\x03\x00\x00\x80g(\
]\x02\x00\x00\x9c\x89\xd5'\x80T\x9b\x88x\xef4'\
\x9cW[\x97\x1f\x22\xe2\xe7\xf0\xfc\x03\xb0\x8f.\x22\x1e\
\x8a\xaay\xcc\x0e\x02\x00\x00\xc0\xcb\x94.\x01\x00\x00\xce\
\xc8\xea\x13\xc0\xd9)/@\xb2\xe1\xf9\xe7cD\xdc&\
G\x01\x18\xb3uD\xdc[\xb7\x04\x00\x00\x18?\xa5K\
\x00\x00\x80\x04V\x9f\x00\xceb\x13Ns\xc2h\xb4u\
y\x1d}\xf9\xf2*9\x0a\xc0\x98\xec\xa2/[\xae\xb3\
\x83\x00\x00\x00\xb0\x1f\xa5K\x00\x00\x80$m]^F\
\x7fn\xfc:7\x09\xc0\xect\xd1\x97\x17V\xd9A\x80\
\xbfk\xeb\xf26\xfa\x97O.s\x93\x00\xa4\xea\x22\xe2\
)\x22\x1e\x8b\xaa\xe9\xb2\xc3\x00\x00\x00\xb0?\xa5K\x00\
\x00\x80dm]\xbe\x8b\xbe|i\xf5\x12\xe00\xca\x0b\
0!\xca\x97\xc0\x82\xad\x22\xe2\xc1\x1a7\x00\x00\xc04\
)]\x02\x00\x00\x8c@[\x97\x17\xd1\x97\x0e>dg\
\x01\x98\xa8U(/\xc0$\x0d\xe5\xcb\x9f\xc2\xd9q`\
\xfe6\xd1?\xafl\x92s\x00\x00\x00p\x00\xa5K\x00\
\x00\x80\x11i\xeb\xf2*\x22>\x86\x93\xe3\x00\xfb\xf8\xff\
\xb2\xe5J\xd9\x12\xa6\xaf\xad\xcb\xeb\x88\xf81\x22ns\
\x93\x00\x1c\xdd&\x94-\x01\x00\x00fC\xe9\x12\x00\x00\
`\x84\x86\x93\xe3\x1f\xc3\xb9M\x80\xe7l\xa3/[\xae\
\x9d\x11\x87\xf9\x19\x16\xc0o\xa3/`Z\xbf\x04\xa6l\
\x13\xca\x96\x00\x00\x00\xb3\xa3t\x09\x00\x000b\xc3\xb9\
\xcd\x9fC\xf9\x12`\x17\x11\xeb\x88\xf8\xb5\xa8\x9amr\
\x16\xe0L\x86\x15\xf0w\x11\xf1\xefP\xc0\x04\xa6c\x13\
\xca\x96\x00\x00\x00\xb3\xa5t\x09\x00\x000\x01\xca\x97\xc0\
B\xedB\xd1\x12\x18\xb4uy\x19\x11\xd7\xd1\x170\xaf\
#\xe2\x221\x0e\xc0sV\xd1\x97-w\xc99\x00\x00\
\x008!\xa5K\x00\x00\x80\x09Q\xbe\x04fn\x17\xfd\
2\xd4\x97\x88\xd8(,\x00\xdf2\xac`^G\xc4\xbf\
\xa2_\xc1\xb4\x84\x09d\xd8E\xc4SD\xac\x8a\xaa\xe9\
\x92\xb3\x00\x00\x00p\x06J\x97\x00\x00\x00\x13\xd4\xd6\xe5\
\xbb\x88\xf8)\xfa\xa2\x01\xc0\xd4t\x11\xb1\x8d\xbe\xa4\xf0\
\xdf\xe8\x8b\x96[E\x05\xe0PC\x11\xf32\xfa\x02\xe6\
?\x87?_\x84B&p\x5c]\xfc\xb1\xc6\xbdI\xce\
\x02\x00\x00\xc0\x99)]\x02\x00\x00L\xd8pf\xf32\
9\x06\xb0L\xd7\xaf\xf8\xbb\xdb\xe8\xcb\x09\x9d3\xe1@\
\xa6\xb6.\x150\x81\x83)Z\x02\x00\x00,\xdb\xff\x00\
\xbd\xdc\xd9\x04\xc5\xf3\x08p\x00\x00\x00\x00IEND\
\xaeB`\x82\
\x00\x00\x01\xb0\
<\
svg xmlns=\x22http:\
//www.w3.org/200\
0/svg\x22 width=\x2232\
\x22 height=\x2232\x22 fi\
ll=\x22#000000\x22 vie\
wBox=\x220 0 256 25\
6\x22><path d=\x22M188\
,80a27.79,27.79,\
0,0,0-13.36,3.4,\
28,28,0,0,0-46.6\
4-11A28,28,0,0,0\
,80,92v20H68a28,\
28,0,0,0-28,28v1\
2a88,88,0,0,0,17\
6,0V108A28,28,0,\
0,0,188,80Zm12,7\
2a72,72,0,0,1-14\
4,0V140a12,12,0,\
0,1,12-12H80v24a\
8,8,0,0,0,16,0V9\
2a12,12,0,0,1,24\
,0v28a8,8,0,0,0,\
16,0V92a12,12,0,\
0,1,24,0v28a8,8,\
0,0,0,16,0V108a1\
2,12,0,0,1,24,0Z\
\x22></path></svg>\
\x00\x00\x00\xef\
<\
svg xmlns=\x22http:\
//www.w3.org/200\
0/svg\x22 width=\x2232\
\x22 height=\x2232\x22 fi\
ll=\x22#000000\x22 vie\
wBox=\x220 0 256 25\
6\x22><path d=\x22M229\
.66,77.66l-128,1\
28a8,8,0,0,1-11.\
32,0l-56-56a8,8,\
0,0,1,11.32-11.3\
2L96,188.69,218.\
34,66.34a8,8,0,0\
,1,11.32,11.32Z\x22\
></path></svg>\
\x00\x00\x01\x1d\
<\
svg xmlns=\x22http:\
//www.w3.org/200\
0/svg\x22 width=\x2292\
\x22 height=\x2292\x22 fi\
ll=\x22#d17b46\x22 vie\
wBox=\x220 0 256 25\
6\x22><path d=\x22M216\
,104v48a88,88,0,\
0,1-176,0V136a16\
,16,0,0,1,32,0v8\
a8,8,0,0,0,16,0V\
88a16,16,0,0,1,3\
2,0v16a8,8,0,0,0\
,16,0V88a16,16,0\
,0,1,32,0v16a8,8\
,0,0,0,16,0,16,1\
6,0,0,1,32,0Z\x22><\
/path></svg>\
\x00\x00\x00\xa6\
<\
svg xmlns=\x22http:\
//www.w3.org/200\
0/svg\x22 viewBox=\x22\
0 0 10 6\x22 width=\
\x2210\x22 height=\x226\x22>\
\x0a  <path d=\x22M0 1\
 L5 6 L10 1\x22 fil\
l=\x22none\x22 stroke=\
\x22#94A3B8\x22 stroke\
-width=\x221.5\x22/>\x0a<\
/svg>\
\x00\x00\x01G\
<\
svg xmlns=\x22http:\
//www.w3.org/200\
0/svg\x22 width=\x2232\
\x22 height=\x2232\x22 fi\
ll=\x22#000000\x22 vie\
wBox=\x220 0 256 25\
6\x22><path d=\x22M232\
,144a64.07,64.07\
,0,0,1-64,64H80a\
8,8,0,0,1,0-16h8\
8a48,48,0,0,0,0-\
96H51.31l34.35,3\
4.34a8,8,0,0,1-1\
1.32,11.32l-48-4\
8a8,8,0,0,1,0-11\
.32l48-48A8,8,0,\
0,1,85.66,45.66L\
51.31,80H168A64.\
07,64.07,0,0,1,2\
32,144Z\x22></path>\
</svg>\
\x00\x00\x00\xf0\
<\
svg xmlns=\x22http:\
//www.w3.org/200\
0/svg\x22 width=\x2232\
\x22 height=\x2232\x22 fi\
ll=\x22#000000\x22 vie\
wBox=\x220 0 256 25\
6\x22><path d=\x22M216\
,40H40A16,16,0,0\
,0,24,56V200a16,\
16,0,0,0,16,16H2\
16a16,16,0,0,0,1\
6-16V56A16,16,0,\
0,0,216,40Zm0,16\
0H40V56H216V200Z\
\x22></path></svg>\
"

qt_resource_name = b"\
\x00\x09\
\x00(\xad#\
\x00s\
\x00t\x00y\x00l\x00e\x00.\x00q\x00s\x00s\
\x00\x04\
\x00\x06\xfa^\
\x00i\
\x00c\x00o\x00n\
\x00\x0b\
\x0e\xcf\x9d'\
\x00p\
\x00o\x00l\x00y\x00g\x00o\x00n\x00.\x00s\x00v\x00g\
\x00\x0c\
\x06\xbe\xa8g\
\x00k\
\x00e\x00y\x00b\x00o\x00a\x00r\x00d\x00.\x00s\x00v\x00g\
\x00\x0c\
\x09\xf2B'\
\x00c\
\x00a\x00r\x00e\x00t\x00-\x00u\x00p\x00.\x00s\x00v\x00g\
\x00\x07\
\x06\x9c\xec\xa7\
Qs\
\x95.p\xb9\x00.\x00s\x00v\x00g\
\x00\x0a\
\x0a\xc8\xf6\x87\
\x00f\
\x00o\x00l\x00d\x00e\x00r\x00.\x00s\x00v\x00g\
\x00\x09\
\x01\x22\x00\x07\
bK\
g:e\xcb\x8fl\x001\x00.\x00s\x00v\x00g\
\x00\x09\
\x08\x9b\xad\xc7\
\x00t\
\x00r\x00a\x00s\x00h\x00.\x00s\x00v\x00g\
\x00\x0b\
\x00\xf0\xe2\x96\
\x00L\
\x00o\x00a\x00d\x00i\x00n\x00g\x00.\x00g\x00i\x00f\
\x00\x05\
\x00vZ\xc7\
\x00s\
\x00.\x00s\x00v\x00g\
\x00\x06\
\x02\xd2W\x07\
h<\
_\x0f\x00.\x00s\x00v\x00g\
\x00\x0f\
\x0cuig\
\x00f\
\x00l\x00o\x00p\x00p\x00y\x00-\x00d\x00i\x00s\x00k\x00.\x00s\x00v\x00g\
\x00\x0b\
\x02;_\x07\
\x9bT\
l\xd5\x00-\x00c\x00o\x00p\x00y\x00.\x00s\x00v\x00g\
\x00\x0a\
\x04\x94\x8bG\
\x00w\
\x00r\x00e\x00n\x00c\x00h\x00.\x00s\x00v\x00g\
\x00\x12\
\x0d\x99\xe3\xa7\
\x00l\
\x00i\x00g\x00h\x00t\x00n\x00i\x00n\x00g\x00-\x00f\x00i\x00l\x00l\x00.\x00s\x00v\
\x00g\
\x00\x14\
\x02+mg\
\x00a\
\x00r\x00r\x00o\x00w\x00-\x00u\x00-\x00u\x00p\x00-\x00r\x00i\x00g\x00h\x00t\x00.\
\x00s\x00v\x00g\
\x00\x07\
\x03\x14\x95\xc7\
bS\
R\xfe\x001\x00.\x00s\x00v\x00g\
\x00\x06\
\x00\xf4K\xc7\
\x7f\x16\
\x8f\x91\x00.\x00s\x00v\x00g\
\x00\x08\
\x05\xe2Y'\
\x00l\
\x00o\x00g\x00o\x00.\x00p\x00n\x00g\
\x00\x11\
\x0a$\xba\x07\
\x00h\
\x00a\x00n\x00d\x00-\x00g\x00r\x00a\x00b\x00b\x00i\x00n\x00g\x00.\x00s\x00v\x00g\
\
\x00\x09\
\x0b\x9e\x89\x07\
\x00c\
\x00h\x00e\x00c\x00k\x00.\x00s\x00v\x00g\
\x00\x19\
\x0f\xf3\x7f'\
\x00h\
\x00a\x00n\x00d\x00-\x00g\x00r\x00a\x00b\x00b\x00i\x00n\x00g\x00-\x00d\x00u\x00o\
\x00t\x00o\x00n\x00e\x00.\x00s\x00v\x00g\
\x00\x0e\
\x07\xf9\xa7\xc7\
\x00c\
\x00a\x00r\x00e\x00t\x00-\x00d\x00o\x00w\x00n\x00.\x00s\x00v\x00g\
\x00\x13\
\x09*\x88\xe7\
\x00a\
\x00r\x00r\x00o\x00w\x00-\x00u\x00-\x00u\x00p\x00-\x00l\x00e\x00f\x00t\x00.\x00s\
\x00v\x00g\
\x00\x0d\
\x0fU\x0b\xa7\
\x00r\
\x00e\x00c\x00t\x00a\x00n\x00g\x00l\x00e\x00.\x00s\x00v\x00g\
"

qt_resource_struct = b"\
\x00\x00\x00\x00\x00\x02\x00\x00\x00\x02\x00\x00\x00\x01\
\x00\x00\x00\x00\x00\x00\x00\x00\
\x00\x00\x00\x18\x00\x02\x00\x00\x00\x18\x00\x00\x00\x03\
\x00\x00\x00\x00\x00\x00\x00\x00\
\x00\x00\x00\x00\x00\x01\x00\x00\x00\x01\x00\x00\x00\x00\
\x00\x00\x01\x9e;\xd8\xdf\x12\
\x00\x00\x00\xf8\x00\x00\x00\x00\x00\x01\x00\x00\xac\x03\
\x00\x00\x01\x9e;\xd8\xde\xe7\
\x00\x00\x00\xdc\x00\x00\x00\x00\x00\x01\x00\x00(\x95\
\x00\x00\x01\x9e;\xd8\xde\xd3\
\x00\x00\x01\xe0\x00\x00\x00\x00\x00\x01\x00\x00\xd5\x22\
\x00\x00\x01\x9e;\xd8\xdf\x03\
\x00\x00\x00\xac\x00\x00\x00\x00\x00\x01\x00\x00 \xf9\
\x00\x00\x01\x9e;\xd8\xde\xf3\
\x00\x00\x01\x9e\x00\x00\x00\x00\x00\x01\x00\x00\xd0\xb1\
\x00\x00\x01\x9e;\xd8\xde\xd5\
\x00\x00\x01>\x00\x00\x00\x00\x00\x01\x00\x00\xb9\x1a\
\x00\x00\x01\x9e;\xd8\xdf\x06\
\x00\x00\x01\x08\x00\x00\x00\x00\x00\x01\x00\x00\xb0\xb1\
\x00\x00\x01\x9e;\xd8\xde\xfe\
\x00\x00\x01\xcc\x00\x00\x00\x00\x00\x01\x00\x00\xd1\xe4\
\x00\x00\x01\x9e;\xd8\xde\xf7\
\x00\x00\x01Z\x00\x00\x00\x00\x00\x01\x00\x00\xcc\xf2\
\x00\x00\x01\x9e;\xd8\xde\xe7\
\x00\x00\x01\xf2\x00\x00\x00\x00\x00\x01\x00\x00\xd8?\
\x00\x00\x01\x9e;\xd8\xde\xe3\
\x00\x00\x00~\x00\x00\x00\x00\x00\x01\x00\x00\x0d\xac\
\x00\x00\x01\x9e;\xd8\xde\xf0\
\x00\x00\x00B\x00\x00\x00\x00\x00\x01\x00\x00\x0a\xe5\
\x00\x00\x01\x9e;\xd8\xde\xdd\
\x00\x00\x02\x80\x00\x00\x00\x00\x00\x01\x00\x02\xfap\
\x00\x00\x01\x9eRy\xfa\x07\
\x00\x00\x00\xc4\x00\x00\x00\x00\x00\x01\x00\x00&\xf2\
\x00\x00\x01\x9e;\xd8\xde\xe7\
\x00\x00\x02\xa2\x00\x00\x00\x00\x00\x01\x00\x02\xfb\x1a\
\x00\x00\x01\x9e;\xd8\xde\xd4\
\x00\x00\x00`\x00\x00\x00\x00\x00\x01\x00\x00\x0d\x02\
\x00\x00\x01\x9eRy\xfa\x00\
\x00\x00\x02\x08\x00\x00\x00\x00\x00\x01\x00\x02\xf6\xa8\
\x00\x00\x01\x9e;\xd8\xde\xdd\
\x00\x00\x00\x92\x00\x00\x00\x00\x00\x01\x00\x00\x1f\xac\
\x00\x00\x01\x9e;\xd8\xde\xd8\
\x00\x00\x020\x00\x00\x00\x00\x00\x01\x00\x02\xf8\x5c\
\x00\x00\x01\x9e;\xd8\xde\xd6\
\x00\x00\x01\x1a\x00\x00\x00\x00\x00\x01\x00\x00\xb7h\
\x00\x00\x01\x9e;\xd8\xde\xd7\
\x00\x00\x01t\x00\x00\x00\x00\x00\x01\x00\x00\xcf\x9b\
\x00\x00\x01\x9e;\xd8\xde\xdd\
\x00\x00\x00&\x00\x00\x00\x00\x00\x01\x00\x00\x07\xd7\
\x00\x00\x01\x9e;\xd8\xde\xe7\
\x00\x00\x02\xce\x00\x00\x00\x00\x00\x01\x00\x02\xfce\
\x00\x00\x01\x9e;\xd8\xde\xe7\
\x00\x00\x02H\x00\x00\x00\x00\x00\x01\x00\x02\xf9O\
\x00\x00\x01\x9e;\xd8\xde\xdb\
"

def qInitResources():
    QtCore.qRegisterResourceData(0x03, qt_resource_struct, qt_resource_name, qt_resource_data)

def qCleanupResources():
    QtCore.qUnregisterResourceData(0x03, qt_resource_struct, qt_resource_name, qt_resource_data)

qInitResources()
